DEBUG - 2025-09-17 06:37:42 --> Session: Class initialized using 'CodeIgniter\Session\Handlers\FileHandler' driver.
DEBUG - 2025-09-17 06:38:57 --> Session: Class initialized using 'CodeIgniter\Session\Handlers\FileHandler' driver.
CRITICAL - 2025-09-17 06:38:57 --> CodeIgniter\View\Exceptions\ViewException: Invalid file: "layout/main.php"
[Method: GET, Route: buku/tambah]
in SYSTEMPATH\Exceptions\FrameworkException.php on line 39.
 1 SYSTEMPATH\View\View.php(214): CodeIgniter\Exceptions\FrameworkException::forInvalidFile('layout/main.php')
 2 SYSTEMPATH\View\View.php(242): CodeIgniter\View\View->render('layout/main', [], true)
 3 SYSTEMPATH\Common.php(1167): CodeIgniter\View\View->render('buku/tambah', [], true)
 4 APPPATH\Controllers\Buku.php(37): view('buku/tambah', [...])
 5 SYSTEMPATH\CodeIgniter.php(933): App\Controllers\Buku->tambah()
 6 SYSTEMPATH\CodeIgniter.php(507): CodeIgniter\CodeIgniter->runController(Object(App\Controllers\Buku))
 7 SYSTEMPATH\CodeIgniter.php(354): CodeIgniter\CodeIgniter->handleRequest(null, Object(Config\Cache), false)
 8 SYSTEMPATH\Boot.php(363): CodeIgniter\CodeIgniter->run()
 9 SYSTEMPATH\Boot.php(68): CodeIgniter\Boot::runCodeIgniter(Object(CodeIgniter\CodeIgniter))
10 FCPATH\index.php(59): CodeIgniter\Boot::bootWeb(Object(Config\Paths))
11 SYSTEMPATH\rewrite.php(44): require_once('C:\\xampp\\htdocs\\ci\\public\\index.php')
DEBUG - 2025-09-17 06:39:06 --> Session: Class initialized using 'CodeIgniter\Session\Handlers\FileHandler' driver.
DEBUG - 2025-09-17 06:39:16 --> Session: Class initialized using 'CodeIgniter\Session\Handlers\FileHandler' driver.
DEBUG - 2025-09-17 06:39:20 --> Session: Class initialized using 'CodeIgniter\Session\Handlers\FileHandler' driver.
DEBUG - 2025-09-17 06:39:35 --> Session: Class initialized using 'CodeIgniter\Session\Handlers\FileHandler' driver.
DEBUG - 2025-09-17 06:39:39 --> Session: Class initialized using 'CodeIgniter\Session\Handlers\FileHandler' driver.
DEBUG - 2025-09-17 06:39:59 --> Session: Class initialized using 'CodeIgniter\Session\Handlers\FileHandler' driver.
DEBUG - 2025-09-17 06:43:06 --> Session: Class initialized using 'CodeIgniter\Session\Handlers\FileHandler' driver.
CRITICAL - 2025-09-17 06:43:07 --> ParseError: syntax error, unexpected end of file, expecting "elseif" or "else" or "endif"
[Method: GET, Route: buku]
in APPPATH\Views\buku\index.php on line 38.
 1 SYSTEMPATH\View\View.php(229): CodeIgniter\View\View->CodeIgniter\View\{closure}()
 2 SYSTEMPATH\Common.php(1167): CodeIgniter\View\View->render('buku/index', [], true)
 3 APPPATH\Controllers\Buku.php(20): view('buku/index', [...])
 4 SYSTEMPATH\CodeIgniter.php(933): App\Controllers\Buku->index()
 5 SYSTEMPATH\CodeIgniter.php(507): CodeIgniter\CodeIgniter->runController(Object(App\Controllers\Buku))
 6 SYSTEMPATH\CodeIgniter.php(354): CodeIgniter\CodeIgniter->handleRequest(null, Object(Config\Cache), false)
 7 SYSTEMPATH\Boot.php(363): CodeIgniter\CodeIgniter->run()
 8 SYSTEMPATH\Boot.php(68): CodeIgniter\Boot::runCodeIgniter(Object(CodeIgniter\CodeIgniter))
 9 FCPATH\index.php(59): CodeIgniter\Boot::bootWeb(Object(Config\Paths))
10 SYSTEMPATH\rewrite.php(44): require_once('C:\\xampp\\htdocs\\ci\\public\\index.php')
CRITICAL - 2025-09-17 06:43:08 --> ParseError: syntax error, unexpected end of file, expecting "elseif" or "else" or "endif"
[Method: GET, Route: buku]
in APPPATH\Views\buku\index.php on line 38.
 1 SYSTEMPATH\View\View.php(229): CodeIgniter\View\View->CodeIgniter\View\{closure}()
 2 SYSTEMPATH\Common.php(1167): CodeIgniter\View\View->render('buku/index', [], true)
 3 APPPATH\Controllers\Buku.php(20): view('buku/index', [...])
 4 SYSTEMPATH\CodeIgniter.php(933): App\Controllers\Buku->index()
 5 SYSTEMPATH\CodeIgniter.php(507): CodeIgniter\CodeIgniter->runController(Object(App\Controllers\Buku))
 6 SYSTEMPATH\CodeIgniter.php(354): CodeIgniter\CodeIgniter->handleRequest(null, Object(Config\Cache), false)
 7 SYSTEMPATH\Boot.php(363): CodeIgniter\CodeIgniter->run()
 8 SYSTEMPATH\Boot.php(68): CodeIgniter\Boot::runCodeIgniter(Object(CodeIgniter\CodeIgniter))
 9 FCPATH\index.php(59): CodeIgniter\Boot::bootWeb(Object(Config\Paths))
10 SYSTEMPATH\rewrite.php(44): require_once('C:\\xampp\\htdocs\\ci\\public\\index.php')
DEBUG - 2025-09-17 06:45:51 --> Session: Class initialized using 'CodeIgniter\Session\Handlers\FileHandler' driver.
DEBUG - 2025-09-17 06:45:52 --> Session: Class initialized using 'CodeIgniter\Session\Handlers\FileHandler' driver.
DEBUG - 2025-09-17 07:01:12 --> Session: Class initialized using 'CodeIgniter\Session\Handlers\FileHandler' driver.
DEBUG - 2025-09-17 07:01:45 --> Session: Class initialized using 'CodeIgniter\Session\Handlers\FileHandler' driver.
DEBUG - 2025-09-17 07:01:46 --> Session: Class initialized using 'CodeIgniter\Session\Handlers\FileHandler' driver.
DEBUG - 2025-09-17 07:01:47 --> Session: Class initialized using 'CodeIgniter\Session\Handlers\FileHandler' driver.
DEBUG - 2025-09-17 07:01:48 --> Session: Class initialized using 'CodeIgniter\Session\Handlers\FileHandler' driver.
DEBUG - 2025-09-17 07:01:49 --> Session: Class initialized using 'CodeIgniter\Session\Handlers\FileHandler' driver.
ERROR - 2025-09-17 07:04:10 --> mysqli_sql_exception: Column 'tahun_terbit' cannot be null in C:\xampp\htdocs\ci\system\Database\MySQLi\Connection.php:327
Stack trace:
#0 C:\xampp\htdocs\ci\system\Database\MySQLi\Connection.php(327): mysqli->query('INSERT INTO `bu...', 0)
#1 C:\xampp\htdocs\ci\system\Database\BaseConnection.php(729): CodeIgniter\Database\MySQLi\Connection->execute('INSERT INTO `bu...')
#2 C:\xampp\htdocs\ci\system\Database\BaseConnection.php(646): CodeIgniter\Database\BaseConnection->simpleQuery('INSERT INTO `bu...')
#3 C:\xampp\htdocs\ci\system\Database\BaseBuilder.php(2345): CodeIgniter\Database\BaseConnection->query('INSERT INTO `bu...', Array, false)
#4 C:\xampp\htdocs\ci\system\Model.php(394): CodeIgniter\Database\BaseBuilder->insert()
#5 C:\xampp\htdocs\ci\system\BaseModel.php(838): CodeIgniter\Model->doInsert(Array)
#6 C:\xampp\htdocs\ci\system\Model.php(797): CodeIgniter\BaseModel->insert(Array, false)
#7 C:\xampp\htdocs\ci\system\BaseModel.php(751): CodeIgniter\Model->insert(Array, false)
#8 C:\xampp\htdocs\ci\app\Controllers\Buku.php(54): CodeIgniter\BaseModel->save(Array)
#9 C:\xampp\htdocs\ci\system\CodeIgniter.php(933): App\Controllers\Buku->simpan()
#10 C:\xampp\htdocs\ci\system\CodeIgniter.php(507): CodeIgniter\CodeIgniter->runController(Object(App\Controllers\Buku))
#11 C:\xampp\htdocs\ci\system\CodeIgniter.php(354): CodeIgniter\CodeIgniter->handleRequest(NULL, Object(Config\Cache), false)
#12 C:\xampp\htdocs\ci\system\Boot.php(363): CodeIgniter\CodeIgniter->run()
#13 C:\xampp\htdocs\ci\system\Boot.php(68): CodeIgniter\Boot::runCodeIgniter(Object(CodeIgniter\CodeIgniter))
#14 C:\xampp\htdocs\ci\public\index.php(59): CodeIgniter\Boot::bootWeb(Object(Config\Paths))
#15 C:\xampp\htdocs\ci\system\rewrite.php(44): require_once('C:\\xampp\\htdocs...')
#16 {main}
CRITICAL - 2025-09-17 07:04:10 --> CodeIgniter\Database\Exceptions\DatabaseException: Column 'tahun_terbit' cannot be null
[Method: POST, Route: buku/simpan]
in SYSTEMPATH\Database\BaseConnection.php on line 684.
 1 SYSTEMPATH\Database\BaseBuilder.php(2345): CodeIgniter\Database\BaseConnection->query('INSERT INTO `buku` (`judul`, `pengarang`, `penerbit`, `tahun_terbit`, `sampul`) VALUES (:judul:, :pengarang:, :penerbit:, :tahun_terbit:, :sampul:)', [...], false)
 2 SYSTEMPATH\Model.php(394): CodeIgniter\Database\BaseBuilder->insert()
 3 SYSTEMPATH\BaseModel.php(838): CodeIgniter\Model->doInsert([...])
 4 SYSTEMPATH\Model.php(797): CodeIgniter\BaseModel->insert([...], false)
 5 SYSTEMPATH\BaseModel.php(751): CodeIgniter\Model->insert([...], false)
 6 APPPATH\Controllers\Buku.php(54): CodeIgniter\BaseModel->save([...])
 7 SYSTEMPATH\CodeIgniter.php(933): App\Controllers\Buku->simpan()
 8 SYSTEMPATH\CodeIgniter.php(507): CodeIgniter\CodeIgniter->runController(Object(App\Controllers\Buku))
 9 SYSTEMPATH\CodeIgniter.php(354): CodeIgniter\CodeIgniter->handleRequest(null, Object(Config\Cache), false)
10 SYSTEMPATH\Boot.php(363): CodeIgniter\CodeIgniter->run()
11 SYSTEMPATH\Boot.php(68): CodeIgniter\Boot::runCodeIgniter(Object(CodeIgniter\CodeIgniter))
12 FCPATH\index.php(59): CodeIgniter\Boot::bootWeb(Object(Config\Paths))
13 SYSTEMPATH\rewrite.php(44): require_once('C:\\xampp\\htdocs\\ci\\public\\index.php')
CRITICAL - 2025-09-17 07:04:10 --> [Caused by] CodeIgniter\Database\Exceptions\DatabaseException: Column 'tahun_terbit' cannot be null
in SYSTEMPATH\Database\MySQLi\Connection.php on line 332.
 1 SYSTEMPATH\Database\BaseConnection.php(729): CodeIgniter\Database\MySQLi\Connection->execute('INSERT INTO `buku` (`judul`, `pengarang`, `penerbit`, `tahun_terbit`, `sampul`) VALUES (\'Persona 5 Royal\', \'Zeee\', \'AhmadKarya\', NULL, \'bocchi.jpeg\')')
 2 SYSTEMPATH\Database\BaseConnection.php(646): CodeIgniter\Database\BaseConnection->simpleQuery('INSERT INTO `buku` (`judul`, `pengarang`, `penerbit`, `tahun_terbit`, `sampul`) VALUES (\'Persona 5 Royal\', \'Zeee\', \'AhmadKarya\', NULL, \'bocchi.jpeg\')')
 3 SYSTEMPATH\Database\BaseBuilder.php(2345): CodeIgniter\Database\BaseConnection->query('INSERT INTO `buku` (`judul`, `pengarang`, `penerbit`, `tahun_terbit`, `sampul`) VALUES (:judul:, :pengarang:, :penerbit:, :tahun_terbit:, :sampul:)', [...], false)
 4 SYSTEMPATH\Model.php(394): CodeIgniter\Database\BaseBuilder->insert()
 5 SYSTEMPATH\BaseModel.php(838): CodeIgniter\Model->doInsert([...])
 6 SYSTEMPATH\Model.php(797): CodeIgniter\BaseModel->insert([...], false)
 7 SYSTEMPATH\BaseModel.php(751): CodeIgniter\Model->insert([...], false)
 8 APPPATH\Controllers\Buku.php(54): CodeIgniter\BaseModel->save([...])
 9 SYSTEMPATH\CodeIgniter.php(933): App\Controllers\Buku->simpan()
10 SYSTEMPATH\CodeIgniter.php(507): CodeIgniter\CodeIgniter->runController(Object(App\Controllers\Buku))
11 SYSTEMPATH\CodeIgniter.php(354): CodeIgniter\CodeIgniter->handleRequest(null, Object(Config\Cache), false)
12 SYSTEMPATH\Boot.php(363): CodeIgniter\CodeIgniter->run()
13 SYSTEMPATH\Boot.php(68): CodeIgniter\Boot::runCodeIgniter(Object(CodeIgniter\CodeIgniter))
14 FCPATH\index.php(59): CodeIgniter\Boot::bootWeb(Object(Config\Paths))
15 SYSTEMPATH\rewrite.php(44): require_once('C:\\xampp\\htdocs\\ci\\public\\index.php')
CRITICAL - 2025-09-17 07:04:10 --> [Caused by] mysqli_sql_exception: Column 'tahun_terbit' cannot be null
in SYSTEMPATH\Database\MySQLi\Connection.php on line 327.
 1 SYSTEMPATH\Database\MySQLi\Connection.php(327): mysqli->query('INSERT INTO `buku` (`judul`, `pengarang`, `penerbit`, `tahun_terbit`, `sampul`) VALUES (\'Persona 5 Royal\', \'Zeee\', \'AhmadKarya\', NULL, \'bocchi.jpeg\')', 0)
 2 SYSTEMPATH\Database\BaseConnection.php(729): CodeIgniter\Database\MySQLi\Connection->execute('INSERT INTO `buku` (`judul`, `pengarang`, `penerbit`, `tahun_terbit`, `sampul`) VALUES (\'Persona 5 Royal\', \'Zeee\', \'AhmadKarya\', NULL, \'bocchi.jpeg\')')
 3 SYSTEMPATH\Database\BaseConnection.php(646): CodeIgniter\Database\BaseConnection->simpleQuery('INSERT INTO `buku` (`judul`, `pengarang`, `penerbit`, `tahun_terbit`, `sampul`) VALUES (\'Persona 5 Royal\', \'Zeee\', \'AhmadKarya\', NULL, \'bocchi.jpeg\')')
 4 SYSTEMPATH\Database\BaseBuilder.php(2345): CodeIgniter\Database\BaseConnection->query('INSERT INTO `buku` (`judul`, `pengarang`, `penerbit`, `tahun_terbit`, `sampul`) VALUES (:judul:, :pengarang:, :penerbit:, :tahun_terbit:, :sampul:)', [...], false)
 5 SYSTEMPATH\Model.php(394): CodeIgniter\Database\BaseBuilder->insert()
 6 SYSTEMPATH\BaseModel.php(838): CodeIgniter\Model->doInsert([...])
 7 SYSTEMPATH\Model.php(797): CodeIgniter\BaseModel->insert([...], false)
 8 SYSTEMPATH\BaseModel.php(751): CodeIgniter\Model->insert([...], false)
 9 APPPATH\Controllers\Buku.php(54): CodeIgniter\BaseModel->save([...])
10 SYSTEMPATH\CodeIgniter.php(933): App\Controllers\Buku->simpan()
11 SYSTEMPATH\CodeIgniter.php(507): CodeIgniter\CodeIgniter->runController(Object(App\Controllers\Buku))
12 SYSTEMPATH\CodeIgniter.php(354): CodeIgniter\CodeIgniter->handleRequest(null, Object(Config\Cache), false)
13 SYSTEMPATH\Boot.php(363): CodeIgniter\CodeIgniter->run()
14 SYSTEMPATH\Boot.php(68): CodeIgniter\Boot::runCodeIgniter(Object(CodeIgniter\CodeIgniter))
15 FCPATH\index.php(59): CodeIgniter\Boot::bootWeb(Object(Config\Paths))
16 SYSTEMPATH\rewrite.php(44): require_once('C:\\xampp\\htdocs\\ci\\public\\index.php')
ERROR - 2025-09-17 07:04:14 --> mysqli_sql_exception: Column 'tahun_terbit' cannot be null in C:\xampp\htdocs\ci\system\Database\MySQLi\Connection.php:327
Stack trace:
#0 C:\xampp\htdocs\ci\system\Database\MySQLi\Connection.php(327): mysqli->query('INSERT INTO `bu...', 0)
#1 C:\xampp\htdocs\ci\system\Database\BaseConnection.php(729): CodeIgniter\Database\MySQLi\Connection->execute('INSERT INTO `bu...')
#2 C:\xampp\htdocs\ci\system\Database\BaseConnection.php(646): CodeIgniter\Database\BaseConnection->simpleQuery('INSERT INTO `bu...')
#3 C:\xampp\htdocs\ci\system\Database\BaseBuilder.php(2345): CodeIgniter\Database\BaseConnection->query('INSERT INTO `bu...', Array, false)
#4 C:\xampp\htdocs\ci\system\Model.php(394): CodeIgniter\Database\BaseBuilder->insert()
#5 C:\xampp\htdocs\ci\system\BaseModel.php(838): CodeIgniter\Model->doInsert(Array)
#6 C:\xampp\htdocs\ci\system\Model.php(797): CodeIgniter\BaseModel->insert(Array, false)
#7 C:\xampp\htdocs\ci\system\BaseModel.php(751): CodeIgniter\Model->insert(Array, false)
#8 C:\xampp\htdocs\ci\app\Controllers\Buku.php(54): CodeIgniter\BaseModel->save(Array)
#9 C:\xampp\htdocs\ci\system\CodeIgniter.php(933): App\Controllers\Buku->simpan()
#10 C:\xampp\htdocs\ci\system\CodeIgniter.php(507): CodeIgniter\CodeIgniter->runController(Object(App\Controllers\Buku))
#11 C:\xampp\htdocs\ci\system\CodeIgniter.php(354): CodeIgniter\CodeIgniter->handleRequest(NULL, Object(Config\Cache), false)
#12 C:\xampp\htdocs\ci\system\Boot.php(363): CodeIgniter\CodeIgniter->run()
#13 C:\xampp\htdocs\ci\system\Boot.php(68): CodeIgniter\Boot::runCodeIgniter(Object(CodeIgniter\CodeIgniter))
#14 C:\xampp\htdocs\ci\public\index.php(59): CodeIgniter\Boot::bootWeb(Object(Config\Paths))
#15 C:\xampp\htdocs\ci\system\rewrite.php(44): require_once('C:\\xampp\\htdocs...')
#16 {main}
CRITICAL - 2025-09-17 07:04:14 --> CodeIgniter\Database\Exceptions\DatabaseException: Column 'tahun_terbit' cannot be null
[Method: POST, Route: buku/simpan]
in SYSTEMPATH\Database\BaseConnection.php on line 684.
 1 SYSTEMPATH\Database\BaseBuilder.php(2345): CodeIgniter\Database\BaseConnection->query('INSERT INTO `buku` (`judul`, `pengarang`, `penerbit`, `tahun_terbit`, `sampul`) VALUES (:judul:, :pengarang:, :penerbit:, :tahun_terbit:, :sampul:)', [...], false)
 2 SYSTEMPATH\Model.php(394): CodeIgniter\Database\BaseBuilder->insert()
 3 SYSTEMPATH\BaseModel.php(838): CodeIgniter\Model->doInsert([...])
 4 SYSTEMPATH\Model.php(797): CodeIgniter\BaseModel->insert([...], false)
 5 SYSTEMPATH\BaseModel.php(751): CodeIgniter\Model->insert([...], false)
 6 APPPATH\Controllers\Buku.php(54): CodeIgniter\BaseModel->save([...])
 7 SYSTEMPATH\CodeIgniter.php(933): App\Controllers\Buku->simpan()
 8 SYSTEMPATH\CodeIgniter.php(507): CodeIgniter\CodeIgniter->runController(Object(App\Controllers\Buku))
 9 SYSTEMPATH\CodeIgniter.php(354): CodeIgniter\CodeIgniter->handleRequest(null, Object(Config\Cache), false)
10 SYSTEMPATH\Boot.php(363): CodeIgniter\CodeIgniter->run()
11 SYSTEMPATH\Boot.php(68): CodeIgniter\Boot::runCodeIgniter(Object(CodeIgniter\CodeIgniter))
12 FCPATH\index.php(59): CodeIgniter\Boot::bootWeb(Object(Config\Paths))
13 SYSTEMPATH\rewrite.php(44): require_once('C:\\xampp\\htdocs\\ci\\public\\index.php')
CRITICAL - 2025-09-17 07:04:14 --> [Caused by] CodeIgniter\Database\Exceptions\DatabaseException: Column 'tahun_terbit' cannot be null
in SYSTEMPATH\Database\MySQLi\Connection.php on line 332.
 1 SYSTEMPATH\Database\BaseConnection.php(729): CodeIgniter\Database\MySQLi\Connection->execute('INSERT INTO `buku` (`judul`, `pengarang`, `penerbit`, `tahun_terbit`, `sampul`) VALUES (\'Persona 5 Royal\', \'Zeee\', \'AhmadKarya\', NULL, \'bocchi.jpeg\')')
 2 SYSTEMPATH\Database\BaseConnection.php(646): CodeIgniter\Database\BaseConnection->simpleQuery('INSERT INTO `buku` (`judul`, `pengarang`, `penerbit`, `tahun_terbit`, `sampul`) VALUES (\'Persona 5 Royal\', \'Zeee\', \'AhmadKarya\', NULL, \'bocchi.jpeg\')')
 3 SYSTEMPATH\Database\BaseBuilder.php(2345): CodeIgniter\Database\BaseConnection->query('INSERT INTO `buku` (`judul`, `pengarang`, `penerbit`, `tahun_terbit`, `sampul`) VALUES (:judul:, :pengarang:, :penerbit:, :tahun_terbit:, :sampul:)', [...], false)
 4 SYSTEMPATH\Model.php(394): CodeIgniter\Database\BaseBuilder->insert()
 5 SYSTEMPATH\BaseModel.php(838): CodeIgniter\Model->doInsert([...])
 6 SYSTEMPATH\Model.php(797): CodeIgniter\BaseModel->insert([...], false)
 7 SYSTEMPATH\BaseModel.php(751): CodeIgniter\Model->insert([...], false)
 8 APPPATH\Controllers\Buku.php(54): CodeIgniter\BaseModel->save([...])
 9 SYSTEMPATH\CodeIgniter.php(933): App\Controllers\Buku->simpan()
10 SYSTEMPATH\CodeIgniter.php(507): CodeIgniter\CodeIgniter->runController(Object(App\Controllers\Buku))
11 SYSTEMPATH\CodeIgniter.php(354): CodeIgniter\CodeIgniter->handleRequest(null, Object(Config\Cache), false)
12 SYSTEMPATH\Boot.php(363): CodeIgniter\CodeIgniter->run()
13 SYSTEMPATH\Boot.php(68): CodeIgniter\Boot::runCodeIgniter(Object(CodeIgniter\CodeIgniter))
14 FCPATH\index.php(59): CodeIgniter\Boot::bootWeb(Object(Config\Paths))
15 SYSTEMPATH\rewrite.php(44): require_once('C:\\xampp\\htdocs\\ci\\public\\index.php')
CRITICAL - 2025-09-17 07:04:14 --> [Caused by] mysqli_sql_exception: Column 'tahun_terbit' cannot be null
in SYSTEMPATH\Database\MySQLi\Connection.php on line 327.
 1 SYSTEMPATH\Database\MySQLi\Connection.php(327): mysqli->query('INSERT INTO `buku` (`judul`, `pengarang`, `penerbit`, `tahun_terbit`, `sampul`) VALUES (\'Persona 5 Royal\', \'Zeee\', \'AhmadKarya\', NULL, \'bocchi.jpeg\')', 0)
 2 SYSTEMPATH\Database\BaseConnection.php(729): CodeIgniter\Database\MySQLi\Connection->execute('INSERT INTO `buku` (`judul`, `pengarang`, `penerbit`, `tahun_terbit`, `sampul`) VALUES (\'Persona 5 Royal\', \'Zeee\', \'AhmadKarya\', NULL, \'bocchi.jpeg\')')
 3 SYSTEMPATH\Database\BaseConnection.php(646): CodeIgniter\Database\BaseConnection->simpleQuery('INSERT INTO `buku` (`judul`, `pengarang`, `penerbit`, `tahun_terbit`, `sampul`) VALUES (\'Persona 5 Royal\', \'Zeee\', \'AhmadKarya\', NULL, \'bocchi.jpeg\')')
 4 SYSTEMPATH\Database\BaseBuilder.php(2345): CodeIgniter\Database\BaseConnection->query('INSERT INTO `buku` (`judul`, `pengarang`, `penerbit`, `tahun_terbit`, `sampul`) VALUES (:judul:, :pengarang:, :penerbit:, :tahun_terbit:, :sampul:)', [...], false)
 5 SYSTEMPATH\Model.php(394): CodeIgniter\Database\BaseBuilder->insert()
 6 SYSTEMPATH\BaseModel.php(838): CodeIgniter\Model->doInsert([...])
 7 SYSTEMPATH\Model.php(797): CodeIgniter\BaseModel->insert([...], false)
 8 SYSTEMPATH\BaseModel.php(751): CodeIgniter\Model->insert([...], false)
 9 APPPATH\Controllers\Buku.php(54): CodeIgniter\BaseModel->save([...])
10 SYSTEMPATH\CodeIgniter.php(933): App\Controllers\Buku->simpan()
11 SYSTEMPATH\CodeIgniter.php(507): CodeIgniter\CodeIgniter->runController(Object(App\Controllers\Buku))
12 SYSTEMPATH\CodeIgniter.php(354): CodeIgniter\CodeIgniter->handleRequest(null, Object(Config\Cache), false)
13 SYSTEMPATH\Boot.php(363): CodeIgniter\CodeIgniter->run()
14 SYSTEMPATH\Boot.php(68): CodeIgniter\Boot::runCodeIgniter(Object(CodeIgniter\CodeIgniter))
15 FCPATH\index.php(59): CodeIgniter\Boot::bootWeb(Object(Config\Paths))
16 SYSTEMPATH\rewrite.php(44): require_once('C:\\xampp\\htdocs\\ci\\public\\index.php')
DEBUG - 2025-09-17 07:04:40 --> Session: Class initialized using 'CodeIgniter\Session\Handlers\FileHandler' driver.
DEBUG - 2025-09-17 07:05:05 --> Session: Class initialized using 'CodeIgniter\Session\Handlers\FileHandler' driver.
ERROR - 2025-09-17 07:05:13 --> mysqli_sql_exception: Column 'tahun_terbit' cannot be null in C:\xampp\htdocs\ci\system\Database\MySQLi\Connection.php:327
Stack trace:
#0 C:\xampp\htdocs\ci\system\Database\MySQLi\Connection.php(327): mysqli->query('INSERT INTO `bu...', 0)
#1 C:\xampp\htdocs\ci\system\Database\BaseConnection.php(729): CodeIgniter\Database\MySQLi\Connection->execute('INSERT INTO `bu...')
#2 C:\xampp\htdocs\ci\system\Database\BaseConnection.php(646): CodeIgniter\Database\BaseConnection->simpleQuery('INSERT INTO `bu...')
#3 C:\xampp\htdocs\ci\system\Database\BaseBuilder.php(2345): CodeIgniter\Database\BaseConnection->query('INSERT INTO `bu...', Array, false)
#4 C:\xampp\htdocs\ci\system\Model.php(394): CodeIgniter\Database\BaseBuilder->insert()
#5 C:\xampp\htdocs\ci\system\BaseModel.php(838): CodeIgniter\Model->doInsert(Array)
#6 C:\xampp\htdocs\ci\system\Model.php(797): CodeIgniter\BaseModel->insert(Array, false)
#7 C:\xampp\htdocs\ci\system\BaseModel.php(751): CodeIgniter\Model->insert(Array, false)
#8 C:\xampp\htdocs\ci\app\Controllers\Buku.php(54): CodeIgniter\BaseModel->save(Array)
#9 C:\xampp\htdocs\ci\system\CodeIgniter.php(933): App\Controllers\Buku->simpan()
#10 C:\xampp\htdocs\ci\system\CodeIgniter.php(507): CodeIgniter\CodeIgniter->runController(Object(App\Controllers\Buku))
#11 C:\xampp\htdocs\ci\system\CodeIgniter.php(354): CodeIgniter\CodeIgniter->handleRequest(NULL, Object(Config\Cache), false)
#12 C:\xampp\htdocs\ci\system\Boot.php(363): CodeIgniter\CodeIgniter->run()
#13 C:\xampp\htdocs\ci\system\Boot.php(68): CodeIgniter\Boot::runCodeIgniter(Object(CodeIgniter\CodeIgniter))
#14 C:\xampp\htdocs\ci\public\index.php(59): CodeIgniter\Boot::bootWeb(Object(Config\Paths))
#15 C:\xampp\htdocs\ci\system\rewrite.php(44): require_once('C:\\xampp\\htdocs...')
#16 {main}
CRITICAL - 2025-09-17 07:05:13 --> CodeIgniter\Database\Exceptions\DatabaseException: Column 'tahun_terbit' cannot be null
[Method: POST, Route: buku/simpan]
in SYSTEMPATH\Database\BaseConnection.php on line 684.
 1 SYSTEMPATH\Database\BaseBuilder.php(2345): CodeIgniter\Database\BaseConnection->query('INSERT INTO `buku` (`judul`, `pengarang`, `penerbit`, `tahun_terbit`, `sampul`) VALUES (:judul:, :pengarang:, :penerbit:, :tahun_terbit:, :sampul:)', [...], false)
 2 SYSTEMPATH\Model.php(394): CodeIgniter\Database\BaseBuilder->insert()
 3 SYSTEMPATH\BaseModel.php(838): CodeIgniter\Model->doInsert([...])
 4 SYSTEMPATH\Model.php(797): CodeIgniter\BaseModel->insert([...], false)
 5 SYSTEMPATH\BaseModel.php(751): CodeIgniter\Model->insert([...], false)
 6 APPPATH\Controllers\Buku.php(54): CodeIgniter\BaseModel->save([...])
 7 SYSTEMPATH\CodeIgniter.php(933): App\Controllers\Buku->simpan()
 8 SYSTEMPATH\CodeIgniter.php(507): CodeIgniter\CodeIgniter->runController(Object(App\Controllers\Buku))
 9 SYSTEMPATH\CodeIgniter.php(354): CodeIgniter\CodeIgniter->handleRequest(null, Object(Config\Cache), false)
10 SYSTEMPATH\Boot.php(363): CodeIgniter\CodeIgniter->run()
11 SYSTEMPATH\Boot.php(68): CodeIgniter\Boot::runCodeIgniter(Object(CodeIgniter\CodeIgniter))
12 FCPATH\index.php(59): CodeIgniter\Boot::bootWeb(Object(Config\Paths))
13 SYSTEMPATH\rewrite.php(44): require_once('C:\\xampp\\htdocs\\ci\\public\\index.php')
CRITICAL - 2025-09-17 07:05:13 --> [Caused by] CodeIgniter\Database\Exceptions\DatabaseException: Column 'tahun_terbit' cannot be null
in SYSTEMPATH\Database\MySQLi\Connection.php on line 332.
 1 SYSTEMPATH\Database\BaseConnection.php(729): CodeIgniter\Database\MySQLi\Connection->execute('INSERT INTO `buku` (`judul`, `pengarang`, `penerbit`, `tahun_terbit`, `sampul`) VALUES (\'Persona 5 Royal\', \'Zeee\', \'AhmadKarya\', NULL, \'bocchi.jpeg\')')
 2 SYSTEMPATH\Database\BaseConnection.php(646): CodeIgniter\Database\BaseConnection->simpleQuery('INSERT INTO `buku` (`judul`, `pengarang`, `penerbit`, `tahun_terbit`, `sampul`) VALUES (\'Persona 5 Royal\', \'Zeee\', \'AhmadKarya\', NULL, \'bocchi.jpeg\')')
 3 SYSTEMPATH\Database\BaseBuilder.php(2345): CodeIgniter\Database\BaseConnection->query('INSERT INTO `buku` (`judul`, `pengarang`, `penerbit`, `tahun_terbit`, `sampul`) VALUES (:judul:, :pengarang:, :penerbit:, :tahun_terbit:, :sampul:)', [...], false)
 4 SYSTEMPATH\Model.php(394): CodeIgniter\Database\BaseBuilder->insert()
 5 SYSTEMPATH\BaseModel.php(838): CodeIgniter\Model->doInsert([...])
 6 SYSTEMPATH\Model.php(797): CodeIgniter\BaseModel->insert([...], false)
 7 SYSTEMPATH\BaseModel.php(751): CodeIgniter\Model->insert([...], false)
 8 APPPATH\Controllers\Buku.php(54): CodeIgniter\BaseModel->save([...])
 9 SYSTEMPATH\CodeIgniter.php(933): App\Controllers\Buku->simpan()
10 SYSTEMPATH\CodeIgniter.php(507): CodeIgniter\CodeIgniter->runController(Object(App\Controllers\Buku))
11 SYSTEMPATH\CodeIgniter.php(354): CodeIgniter\CodeIgniter->handleRequest(null, Object(Config\Cache), false)
12 SYSTEMPATH\Boot.php(363): CodeIgniter\CodeIgniter->run()
13 SYSTEMPATH\Boot.php(68): CodeIgniter\Boot::runCodeIgniter(Object(CodeIgniter\CodeIgniter))
14 FCPATH\index.php(59): CodeIgniter\Boot::bootWeb(Object(Config\Paths))
15 SYSTEMPATH\rewrite.php(44): require_once('C:\\xampp\\htdocs\\ci\\public\\index.php')
CRITICAL - 2025-09-17 07:05:13 --> [Caused by] mysqli_sql_exception: Column 'tahun_terbit' cannot be null
in SYSTEMPATH\Database\MySQLi\Connection.php on line 327.
 1 SYSTEMPATH\Database\MySQLi\Connection.php(327): mysqli->query('INSERT INTO `buku` (`judul`, `pengarang`, `penerbit`, `tahun_terbit`, `sampul`) VALUES (\'Persona 5 Royal\', \'Zeee\', \'AhmadKarya\', NULL, \'bocchi.jpeg\')', 0)
 2 SYSTEMPATH\Database\BaseConnection.php(729): CodeIgniter\Database\MySQLi\Connection->execute('INSERT INTO `buku` (`judul`, `pengarang`, `penerbit`, `tahun_terbit`, `sampul`) VALUES (\'Persona 5 Royal\', \'Zeee\', \'AhmadKarya\', NULL, \'bocchi.jpeg\')')
 3 SYSTEMPATH\Database\BaseConnection.php(646): CodeIgniter\Database\BaseConnection->simpleQuery('INSERT INTO `buku` (`judul`, `pengarang`, `penerbit`, `tahun_terbit`, `sampul`) VALUES (\'Persona 5 Royal\', \'Zeee\', \'AhmadKarya\', NULL, \'bocchi.jpeg\')')
 4 SYSTEMPATH\Database\BaseBuilder.php(2345): CodeIgniter\Database\BaseConnection->query('INSERT INTO `buku` (`judul`, `pengarang`, `penerbit`, `tahun_terbit`, `sampul`) VALUES (:judul:, :pengarang:, :penerbit:, :tahun_terbit:, :sampul:)', [...], false)
 5 SYSTEMPATH\Model.php(394): CodeIgniter\Database\BaseBuilder->insert()
 6 SYSTEMPATH\BaseModel.php(838): CodeIgniter\Model->doInsert([...])
 7 SYSTEMPATH\Model.php(797): CodeIgniter\BaseModel->insert([...], false)
 8 SYSTEMPATH\BaseModel.php(751): CodeIgniter\Model->insert([...], false)
 9 APPPATH\Controllers\Buku.php(54): CodeIgniter\BaseModel->save([...])
10 SYSTEMPATH\CodeIgniter.php(933): App\Controllers\Buku->simpan()
11 SYSTEMPATH\CodeIgniter.php(507): CodeIgniter\CodeIgniter->runController(Object(App\Controllers\Buku))
12 SYSTEMPATH\CodeIgniter.php(354): CodeIgniter\CodeIgniter->handleRequest(null, Object(Config\Cache), false)
13 SYSTEMPATH\Boot.php(363): CodeIgniter\CodeIgniter->run()
14 SYSTEMPATH\Boot.php(68): CodeIgniter\Boot::runCodeIgniter(Object(CodeIgniter\CodeIgniter))
15 FCPATH\index.php(59): CodeIgniter\Boot::bootWeb(Object(Config\Paths))
16 SYSTEMPATH\rewrite.php(44): require_once('C:\\xampp\\htdocs\\ci\\public\\index.php')
DEBUG - 2025-09-17 07:06:13 --> Session: Class initialized using 'CodeIgniter\Session\Handlers\FileHandler' driver.
DEBUG - 2025-09-17 07:06:33 --> Session: Class initialized using 'CodeIgniter\Session\Handlers\FileHandler' driver.
DEBUG - 2025-09-17 07:06:33 --> Session: Class initialized using 'CodeIgniter\Session\Handlers\FileHandler' driver.
DEBUG - 2025-09-17 07:06:42 --> Session: Class initialized using 'CodeIgniter\Session\Handlers\FileHandler' driver.
DEBUG - 2025-09-17 07:06:44 --> Session: Class initialized using 'CodeIgniter\Session\Handlers\FileHandler' driver.
DEBUG - 2025-09-17 07:06:49 --> Session: Class initialized using 'CodeIgniter\Session\Handlers\FileHandler' driver.
DEBUG - 2025-09-17 07:06:50 --> Session: Class initialized using 'CodeIgniter\Session\Handlers\FileHandler' driver.
DEBUG - 2025-09-17 07:06:52 --> Session: Class initialized using 'CodeIgniter\Session\Handlers\FileHandler' driver.
DEBUG - 2025-09-17 07:06:53 --> Session: Class initialized using 'CodeIgniter\Session\Handlers\FileHandler' driver.
DEBUG - 2025-09-17 07:06:55 --> Session: Class initialized using 'CodeIgniter\Session\Handlers\FileHandler' driver.
DEBUG - 2025-09-17 07:06:57 --> Session: Class initialized using 'CodeIgniter\Session\Handlers\FileHandler' driver.
DEBUG - 2025-09-17 07:07:16 --> Session: Class initialized using 'CodeIgniter\Session\Handlers\FileHandler' driver.
DEBUG - 2025-09-17 07:07:17 --> Session: Class initialized using 'CodeIgniter\Session\Handlers\FileHandler' driver.
DEBUG - 2025-09-17 07:07:18 --> Session: Class initialized using 'CodeIgniter\Session\Handlers\FileHandler' driver.
DEBUG - 2025-09-17 07:07:32 --> Session: Class initialized using 'CodeIgniter\Session\Handlers\FileHandler' driver.
DEBUG - 2025-09-17 07:20:18 --> Session: Class initialized using 'CodeIgniter\Session\Handlers\FileHandler' driver.
DEBUG - 2025-09-17 07:24:37 --> Session: Class initialized using 'CodeIgniter\Session\Handlers\FileHandler' driver.
DEBUG - 2025-09-17 07:24:41 --> Session: Class initialized using 'CodeIgniter\Session\Handlers\FileHandler' driver.
DEBUG - 2025-09-17 07:24:49 --> Session: Class initialized using 'CodeIgniter\Session\Handlers\FileHandler' driver.
DEBUG - 2025-09-17 07:24:49 --> Session: Class initialized using 'CodeIgniter\Session\Handlers\FileHandler' driver.
DEBUG - 2025-09-17 07:32:37 --> Session: Class initialized using 'CodeIgniter\Session\Handlers\FileHandler' driver.
DEBUG - 2025-09-17 07:33:55 --> Session: Class initialized using 'CodeIgniter\Session\Handlers\FileHandler' driver.
DEBUG - 2025-09-17 07:33:56 --> Session: Class initialized using 'CodeIgniter\Session\Handlers\FileHandler' driver.
ERROR - 2025-09-17 07:36:55 --> mysqli_sql_exception: Unknown column 'id' in 'where clause' in C:\xampp\htdocs\ci\system\Database\MySQLi\Connection.php:327
Stack trace:
#0 C:\xampp\htdocs\ci\system\Database\MySQLi\Connection.php(327): mysqli->query('DELETE FROM `bu...', 0)
#1 C:\xampp\htdocs\ci\system\Database\BaseConnection.php(729): CodeIgniter\Database\MySQLi\Connection->execute('DELETE FROM `bu...')
#2 C:\xampp\htdocs\ci\system\Database\BaseConnection.php(646): CodeIgniter\Database\BaseConnection->simpleQuery('DELETE FROM `bu...')
#3 C:\xampp\htdocs\ci\system\Database\BaseBuilder.php(2848): CodeIgniter\Database\BaseConnection->query('DELETE FROM `bu...', Array, false)
#4 C:\xampp\htdocs\ci\system\Model.php(521): CodeIgniter\Database\BaseBuilder->delete()
#5 C:\xampp\htdocs\ci\system\BaseModel.php(1152): CodeIgniter\Model->doDelete(Array, false)
#6 C:\xampp\htdocs\ci\app\Controllers\Buku.php(68): CodeIgniter\BaseModel->delete(Array)
#7 C:\xampp\htdocs\ci\system\CodeIgniter.php(933): App\Controllers\Buku->hapus('6')
#8 C:\xampp\htdocs\ci\system\CodeIgniter.php(507): CodeIgniter\CodeIgniter->runController(Object(App\Controllers\Buku))
#9 C:\xampp\htdocs\ci\system\CodeIgniter.php(354): CodeIgniter\CodeIgniter->handleRequest(NULL, Object(Config\Cache), false)
#10 C:\xampp\htdocs\ci\system\Boot.php(363): CodeIgniter\CodeIgniter->run()
#11 C:\xampp\htdocs\ci\system\Boot.php(68): CodeIgniter\Boot::runCodeIgniter(Object(CodeIgniter\CodeIgniter))
#12 C:\xampp\htdocs\ci\public\index.php(59): CodeIgniter\Boot::bootWeb(Object(Config\Paths))
#13 C:\xampp\htdocs\ci\system\rewrite.php(44): require_once('C:\\xampp\\htdocs...')
#14 {main}
CRITICAL - 2025-09-17 07:36:55 --> CodeIgniter\Database\Exceptions\DatabaseException: Unknown column 'id' in 'where clause'
[Method: DELETE, Route: buku/6]
in SYSTEMPATH\Database\BaseConnection.php on line 684.
 1 SYSTEMPATH\Database\BaseBuilder.php(2848): CodeIgniter\Database\BaseConnection->query('DELETE FROM `buku`
WHERE `id` IN :id:', [...], false)
 2 SYSTEMPATH\Model.php(521): CodeIgniter\Database\BaseBuilder->delete()
 3 SYSTEMPATH\BaseModel.php(1152): CodeIgniter\Model->doDelete([...], false)
 4 APPPATH\Controllers\Buku.php(68): CodeIgniter\BaseModel->delete([...])
 5 SYSTEMPATH\CodeIgniter.php(933): App\Controllers\Buku->hapus('6')
 6 SYSTEMPATH\CodeIgniter.php(507): CodeIgniter\CodeIgniter->runController(Object(App\Controllers\Buku))
 7 SYSTEMPATH\CodeIgniter.php(354): CodeIgniter\CodeIgniter->handleRequest(null, Object(Config\Cache), false)
 8 SYSTEMPATH\Boot.php(363): CodeIgniter\CodeIgniter->run()
 9 SYSTEMPATH\Boot.php(68): CodeIgniter\Boot::runCodeIgniter(Object(CodeIgniter\CodeIgniter))
10 FCPATH\index.php(59): CodeIgniter\Boot::bootWeb(Object(Config\Paths))
11 SYSTEMPATH\rewrite.php(44): require_once('C:\\xampp\\htdocs\\ci\\public\\index.php')
CRITICAL - 2025-09-17 07:36:55 --> [Caused by] CodeIgniter\Database\Exceptions\DatabaseException: Unknown column 'id' in 'where clause'
in SYSTEMPATH\Database\MySQLi\Connection.php on line 332.
 1 SYSTEMPATH\Database\BaseConnection.php(729): CodeIgniter\Database\MySQLi\Connection->execute('DELETE FROM `buku`
WHERE `id` IN (\'6\')')
 2 SYSTEMPATH\Database\BaseConnection.php(646): CodeIgniter\Database\BaseConnection->simpleQuery('DELETE FROM `buku`
WHERE `id` IN (\'6\')')
 3 SYSTEMPATH\Database\BaseBuilder.php(2848): CodeIgniter\Database\BaseConnection->query('DELETE FROM `buku`
WHERE `id` IN :id:', [...], false)
 4 SYSTEMPATH\Model.php(521): CodeIgniter\Database\BaseBuilder->delete()
 5 SYSTEMPATH\BaseModel.php(1152): CodeIgniter\Model->doDelete([...], false)
 6 APPPATH\Controllers\Buku.php(68): CodeIgniter\BaseModel->delete([...])
 7 SYSTEMPATH\CodeIgniter.php(933): App\Controllers\Buku->hapus('6')
 8 SYSTEMPATH\CodeIgniter.php(507): CodeIgniter\CodeIgniter->runController(Object(App\Controllers\Buku))
 9 SYSTEMPATH\CodeIgniter.php(354): CodeIgniter\CodeIgniter->handleRequest(null, Object(Config\Cache), false)
10 SYSTEMPATH\Boot.php(363): CodeIgniter\CodeIgniter->run()
11 SYSTEMPATH\Boot.php(68): CodeIgniter\Boot::runCodeIgniter(Object(CodeIgniter\CodeIgniter))
12 FCPATH\index.php(59): CodeIgniter\Boot::bootWeb(Object(Config\Paths))
13 SYSTEMPATH\rewrite.php(44): require_once('C:\\xampp\\htdocs\\ci\\public\\index.php')
CRITICAL - 2025-09-17 07:36:55 --> [Caused by] mysqli_sql_exception: Unknown column 'id' in 'where clause'
in SYSTEMPATH\Database\MySQLi\Connection.php on line 327.
 1 SYSTEMPATH\Database\MySQLi\Connection.php(327): mysqli->query('DELETE FROM `buku`
WHERE `id` IN (\'6\')', 0)
 2 SYSTEMPATH\Database\BaseConnection.php(729): CodeIgniter\Database\MySQLi\Connection->execute('DELETE FROM `buku`
WHERE `id` IN (\'6\')')
 3 SYSTEMPATH\Database\BaseConnection.php(646): CodeIgniter\Database\BaseConnection->simpleQuery('DELETE FROM `buku`
WHERE `id` IN (\'6\')')
 4 SYSTEMPATH\Database\BaseBuilder.php(2848): CodeIgniter\Database\BaseConnection->query('DELETE FROM `buku`
WHERE `id` IN :id:', [...], false)
 5 SYSTEMPATH\Model.php(521): CodeIgniter\Database\BaseBuilder->delete()
 6 SYSTEMPATH\BaseModel.php(1152): CodeIgniter\Model->doDelete([...], false)
 7 APPPATH\Controllers\Buku.php(68): CodeIgniter\BaseModel->delete([...])
 8 SYSTEMPATH\CodeIgniter.php(933): App\Controllers\Buku->hapus('6')
 9 SYSTEMPATH\CodeIgniter.php(507): CodeIgniter\CodeIgniter->runController(Object(App\Controllers\Buku))
10 SYSTEMPATH\CodeIgniter.php(354): CodeIgniter\CodeIgniter->handleRequest(null, Object(Config\Cache), false)
11 SYSTEMPATH\Boot.php(363): CodeIgniter\CodeIgniter->run()
12 SYSTEMPATH\Boot.php(68): CodeIgniter\Boot::runCodeIgniter(Object(CodeIgniter\CodeIgniter))
13 FCPATH\index.php(59): CodeIgniter\Boot::bootWeb(Object(Config\Paths))
14 SYSTEMPATH\rewrite.php(44): require_once('C:\\xampp\\htdocs\\ci\\public\\index.php')
ERROR - 2025-09-17 07:37:04 --> mysqli_sql_exception: Unknown column 'id' in 'where clause' in C:\xampp\htdocs\ci\system\Database\MySQLi\Connection.php:327
Stack trace:
#0 C:\xampp\htdocs\ci\system\Database\MySQLi\Connection.php(327): mysqli->query('DELETE FROM `bu...', 0)
#1 C:\xampp\htdocs\ci\system\Database\BaseConnection.php(729): CodeIgniter\Database\MySQLi\Connection->execute('DELETE FROM `bu...')
#2 C:\xampp\htdocs\ci\system\Database\BaseConnection.php(646): CodeIgniter\Database\BaseConnection->simpleQuery('DELETE FROM `bu...')
#3 C:\xampp\htdocs\ci\system\Database\BaseBuilder.php(2848): CodeIgniter\Database\BaseConnection->query('DELETE FROM `bu...', Array, false)
#4 C:\xampp\htdocs\ci\system\Model.php(521): CodeIgniter\Database\BaseBuilder->delete()
#5 C:\xampp\htdocs\ci\system\BaseModel.php(1152): CodeIgniter\Model->doDelete(Array, false)
#6 C:\xampp\htdocs\ci\app\Controllers\Buku.php(68): CodeIgniter\BaseModel->delete(Array)
#7 C:\xampp\htdocs\ci\system\CodeIgniter.php(933): App\Controllers\Buku->hapus('6')
#8 C:\xampp\htdocs\ci\system\CodeIgniter.php(507): CodeIgniter\CodeIgniter->runController(Object(App\Controllers\Buku))
#9 C:\xampp\htdocs\ci\system\CodeIgniter.php(354): CodeIgniter\CodeIgniter->handleRequest(NULL, Object(Config\Cache), false)
#10 C:\xampp\htdocs\ci\system\Boot.php(363): CodeIgniter\CodeIgniter->run()
#11 C:\xampp\htdocs\ci\system\Boot.php(68): CodeIgniter\Boot::runCodeIgniter(Object(CodeIgniter\CodeIgniter))
#12 C:\xampp\htdocs\ci\public\index.php(59): CodeIgniter\Boot::bootWeb(Object(Config\Paths))
#13 C:\xampp\htdocs\ci\system\rewrite.php(44): require_once('C:\\xampp\\htdocs...')
#14 {main}
CRITICAL - 2025-09-17 07:37:04 --> CodeIgniter\Database\Exceptions\DatabaseException: Unknown column 'id' in 'where clause'
[Method: DELETE, Route: buku/6]
in SYSTEMPATH\Database\BaseConnection.php on line 684.
 1 SYSTEMPATH\Database\BaseBuilder.php(2848): CodeIgniter\Database\BaseConnection->query('DELETE FROM `buku`
WHERE `id` IN :id:', [...], false)
 2 SYSTEMPATH\Model.php(521): CodeIgniter\Database\BaseBuilder->delete()
 3 SYSTEMPATH\BaseModel.php(1152): CodeIgniter\Model->doDelete([...], false)
 4 APPPATH\Controllers\Buku.php(68): CodeIgniter\BaseModel->delete([...])
 5 SYSTEMPATH\CodeIgniter.php(933): App\Controllers\Buku->hapus('6')
 6 SYSTEMPATH\CodeIgniter.php(507): CodeIgniter\CodeIgniter->runController(Object(App\Controllers\Buku))
 7 SYSTEMPATH\CodeIgniter.php(354): CodeIgniter\CodeIgniter->handleRequest(null, Object(Config\Cache), false)
 8 SYSTEMPATH\Boot.php(363): CodeIgniter\CodeIgniter->run()
 9 SYSTEMPATH\Boot.php(68): CodeIgniter\Boot::runCodeIgniter(Object(CodeIgniter\CodeIgniter))
10 FCPATH\index.php(59): CodeIgniter\Boot::bootWeb(Object(Config\Paths))
11 SYSTEMPATH\rewrite.php(44): require_once('C:\\xampp\\htdocs\\ci\\public\\index.php')
CRITICAL - 2025-09-17 07:37:04 --> [Caused by] CodeIgniter\Database\Exceptions\DatabaseException: Unknown column 'id' in 'where clause'
in SYSTEMPATH\Database\MySQLi\Connection.php on line 332.
 1 SYSTEMPATH\Database\BaseConnection.php(729): CodeIgniter\Database\MySQLi\Connection->execute('DELETE FROM `buku`
WHERE `id` IN (\'6\')')
 2 SYSTEMPATH\Database\BaseConnection.php(646): CodeIgniter\Database\BaseConnection->simpleQuery('DELETE FROM `buku`
WHERE `id` IN (\'6\')')
 3 SYSTEMPATH\Database\BaseBuilder.php(2848): CodeIgniter\Database\BaseConnection->query('DELETE FROM `buku`
WHERE `id` IN :id:', [...], false)
 4 SYSTEMPATH\Model.php(521): CodeIgniter\Database\BaseBuilder->delete()
 5 SYSTEMPATH\BaseModel.php(1152): CodeIgniter\Model->doDelete([...], false)
 6 APPPATH\Controllers\Buku.php(68): CodeIgniter\BaseModel->delete([...])
 7 SYSTEMPATH\CodeIgniter.php(933): App\Controllers\Buku->hapus('6')
 8 SYSTEMPATH\CodeIgniter.php(507): CodeIgniter\CodeIgniter->runController(Object(App\Controllers\Buku))
 9 SYSTEMPATH\CodeIgniter.php(354): CodeIgniter\CodeIgniter->handleRequest(null, Object(Config\Cache), false)
10 SYSTEMPATH\Boot.php(363): CodeIgniter\CodeIgniter->run()
11 SYSTEMPATH\Boot.php(68): CodeIgniter\Boot::runCodeIgniter(Object(CodeIgniter\CodeIgniter))
12 FCPATH\index.php(59): CodeIgniter\Boot::bootWeb(Object(Config\Paths))
13 SYSTEMPATH\rewrite.php(44): require_once('C:\\xampp\\htdocs\\ci\\public\\index.php')
CRITICAL - 2025-09-17 07:37:04 --> [Caused by] mysqli_sql_exception: Unknown column 'id' in 'where clause'
in SYSTEMPATH\Database\MySQLi\Connection.php on line 327.
 1 SYSTEMPATH\Database\MySQLi\Connection.php(327): mysqli->query('DELETE FROM `buku`
WHERE `id` IN (\'6\')', 0)
 2 SYSTEMPATH\Database\BaseConnection.php(729): CodeIgniter\Database\MySQLi\Connection->execute('DELETE FROM `buku`
WHERE `id` IN (\'6\')')
 3 SYSTEMPATH\Database\BaseConnection.php(646): CodeIgniter\Database\BaseConnection->simpleQuery('DELETE FROM `buku`
WHERE `id` IN (\'6\')')
 4 SYSTEMPATH\Database\BaseBuilder.php(2848): CodeIgniter\Database\BaseConnection->query('DELETE FROM `buku`
WHERE `id` IN :id:', [...], false)
 5 SYSTEMPATH\Model.php(521): CodeIgniter\Database\BaseBuilder->delete()
 6 SYSTEMPATH\BaseModel.php(1152): CodeIgniter\Model->doDelete([...], false)
 7 APPPATH\Controllers\Buku.php(68): CodeIgniter\BaseModel->delete([...])
 8 SYSTEMPATH\CodeIgniter.php(933): App\Controllers\Buku->hapus('6')
 9 SYSTEMPATH\CodeIgniter.php(507): CodeIgniter\CodeIgniter->runController(Object(App\Controllers\Buku))
10 SYSTEMPATH\CodeIgniter.php(354): CodeIgniter\CodeIgniter->handleRequest(null, Object(Config\Cache), false)
11 SYSTEMPATH\Boot.php(363): CodeIgniter\CodeIgniter->run()
12 SYSTEMPATH\Boot.php(68): CodeIgniter\Boot::runCodeIgniter(Object(CodeIgniter\CodeIgniter))
13 FCPATH\index.php(59): CodeIgniter\Boot::bootWeb(Object(Config\Paths))
14 SYSTEMPATH\rewrite.php(44): require_once('C:\\xampp\\htdocs\\ci\\public\\index.php')
ERROR - 2025-09-17 07:37:57 --> mysqli_sql_exception: Unknown column 'id' in 'where clause' in C:\xampp\htdocs\ci\system\Database\MySQLi\Connection.php:327
Stack trace:
#0 C:\xampp\htdocs\ci\system\Database\MySQLi\Connection.php(327): mysqli->query('DELETE FROM `bu...', 0)
#1 C:\xampp\htdocs\ci\system\Database\BaseConnection.php(729): CodeIgniter\Database\MySQLi\Connection->execute('DELETE FROM `bu...')
#2 C:\xampp\htdocs\ci\system\Database\BaseConnection.php(646): CodeIgniter\Database\BaseConnection->simpleQuery('DELETE FROM `bu...')
#3 C:\xampp\htdocs\ci\system\Database\BaseBuilder.php(2848): CodeIgniter\Database\BaseConnection->query('DELETE FROM `bu...', Array, false)
#4 C:\xampp\htdocs\ci\system\Model.php(521): CodeIgniter\Database\BaseBuilder->delete()
#5 C:\xampp\htdocs\ci\system\BaseModel.php(1152): CodeIgniter\Model->doDelete(Array, false)
#6 C:\xampp\htdocs\ci\app\Controllers\Buku.php(68): CodeIgniter\BaseModel->delete(Array)
#7 C:\xampp\htdocs\ci\system\CodeIgniter.php(933): App\Controllers\Buku->hapus('6')
#8 C:\xampp\htdocs\ci\system\CodeIgniter.php(507): CodeIgniter\CodeIgniter->runController(Object(App\Controllers\Buku))
#9 C:\xampp\htdocs\ci\system\CodeIgniter.php(354): CodeIgniter\CodeIgniter->handleRequest(NULL, Object(Config\Cache), false)
#10 C:\xampp\htdocs\ci\system\Boot.php(363): CodeIgniter\CodeIgniter->run()
#11 C:\xampp\htdocs\ci\system\Boot.php(68): CodeIgniter\Boot::runCodeIgniter(Object(CodeIgniter\CodeIgniter))
#12 C:\xampp\htdocs\ci\public\index.php(59): CodeIgniter\Boot::bootWeb(Object(Config\Paths))
#13 C:\xampp\htdocs\ci\system\rewrite.php(44): require_once('C:\\xampp\\htdocs...')
#14 {main}
CRITICAL - 2025-09-17 07:37:57 --> CodeIgniter\Database\Exceptions\DatabaseException: Unknown column 'id' in 'where clause'
[Method: DELETE, Route: buku/6]
in SYSTEMPATH\Database\BaseConnection.php on line 684.
 1 SYSTEMPATH\Database\BaseBuilder.php(2848): CodeIgniter\Database\BaseConnection->query('DELETE FROM `buku`
WHERE `id` IN :id:', [...], false)
 2 SYSTEMPATH\Model.php(521): CodeIgniter\Database\BaseBuilder->delete()
 3 SYSTEMPATH\BaseModel.php(1152): CodeIgniter\Model->doDelete([...], false)
 4 APPPATH\Controllers\Buku.php(68): CodeIgniter\BaseModel->delete([...])
 5 SYSTEMPATH\CodeIgniter.php(933): App\Controllers\Buku->hapus('6')
 6 SYSTEMPATH\CodeIgniter.php(507): CodeIgniter\CodeIgniter->runController(Object(App\Controllers\Buku))
 7 SYSTEMPATH\CodeIgniter.php(354): CodeIgniter\CodeIgniter->handleRequest(null, Object(Config\Cache), false)
 8 SYSTEMPATH\Boot.php(363): CodeIgniter\CodeIgniter->run()
 9 SYSTEMPATH\Boot.php(68): CodeIgniter\Boot::runCodeIgniter(Object(CodeIgniter\CodeIgniter))
10 FCPATH\index.php(59): CodeIgniter\Boot::bootWeb(Object(Config\Paths))
11 SYSTEMPATH\rewrite.php(44): require_once('C:\\xampp\\htdocs\\ci\\public\\index.php')
CRITICAL - 2025-09-17 07:37:57 --> [Caused by] CodeIgniter\Database\Exceptions\DatabaseException: Unknown column 'id' in 'where clause'
in SYSTEMPATH\Database\MySQLi\Connection.php on line 332.
 1 SYSTEMPATH\Database\BaseConnection.php(729): CodeIgniter\Database\MySQLi\Connection->execute('DELETE FROM `buku`
WHERE `id` IN (\'6\')')
 2 SYSTEMPATH\Database\BaseConnection.php(646): CodeIgniter\Database\BaseConnection->simpleQuery('DELETE FROM `buku`
WHERE `id` IN (\'6\')')
 3 SYSTEMPATH\Database\BaseBuilder.php(2848): CodeIgniter\Database\BaseConnection->query('DELETE FROM `buku`
WHERE `id` IN :id:', [...], false)
 4 SYSTEMPATH\Model.php(521): CodeIgniter\Database\BaseBuilder->delete()
 5 SYSTEMPATH\BaseModel.php(1152): CodeIgniter\Model->doDelete([...], false)
 6 APPPATH\Controllers\Buku.php(68): CodeIgniter\BaseModel->delete([...])
 7 SYSTEMPATH\CodeIgniter.php(933): App\Controllers\Buku->hapus('6')
 8 SYSTEMPATH\CodeIgniter.php(507): CodeIgniter\CodeIgniter->runController(Object(App\Controllers\Buku))
 9 SYSTEMPATH\CodeIgniter.php(354): CodeIgniter\CodeIgniter->handleRequest(null, Object(Config\Cache), false)
10 SYSTEMPATH\Boot.php(363): CodeIgniter\CodeIgniter->run()
11 SYSTEMPATH\Boot.php(68): CodeIgniter\Boot::runCodeIgniter(Object(CodeIgniter\CodeIgniter))
12 FCPATH\index.php(59): CodeIgniter\Boot::bootWeb(Object(Config\Paths))
13 SYSTEMPATH\rewrite.php(44): require_once('C:\\xampp\\htdocs\\ci\\public\\index.php')
CRITICAL - 2025-09-17 07:37:57 --> [Caused by] mysqli_sql_exception: Unknown column 'id' in 'where clause'
in SYSTEMPATH\Database\MySQLi\Connection.php on line 327.
 1 SYSTEMPATH\Database\MySQLi\Connection.php(327): mysqli->query('DELETE FROM `buku`
WHERE `id` IN (\'6\')', 0)
 2 SYSTEMPATH\Database\BaseConnection.php(729): CodeIgniter\Database\MySQLi\Connection->execute('DELETE FROM `buku`
WHERE `id` IN (\'6\')')
 3 SYSTEMPATH\Database\BaseConnection.php(646): CodeIgniter\Database\BaseConnection->simpleQuery('DELETE FROM `buku`
WHERE `id` IN (\'6\')')
 4 SYSTEMPATH\Database\BaseBuilder.php(2848): CodeIgniter\Database\BaseConnection->query('DELETE FROM `buku`
WHERE `id` IN :id:', [...], false)
 5 SYSTEMPATH\Model.php(521): CodeIgniter\Database\BaseBuilder->delete()
 6 SYSTEMPATH\BaseModel.php(1152): CodeIgniter\Model->doDelete([...], false)
 7 APPPATH\Controllers\Buku.php(68): CodeIgniter\BaseModel->delete([...])
 8 SYSTEMPATH\CodeIgniter.php(933): App\Controllers\Buku->hapus('6')
 9 SYSTEMPATH\CodeIgniter.php(507): CodeIgniter\CodeIgniter->runController(Object(App\Controllers\Buku))
10 SYSTEMPATH\CodeIgniter.php(354): CodeIgniter\CodeIgniter->handleRequest(null, Object(Config\Cache), false)
11 SYSTEMPATH\Boot.php(363): CodeIgniter\CodeIgniter->run()
12 SYSTEMPATH\Boot.php(68): CodeIgniter\Boot::runCodeIgniter(Object(CodeIgniter\CodeIgniter))
13 FCPATH\index.php(59): CodeIgniter\Boot::bootWeb(Object(Config\Paths))
14 SYSTEMPATH\rewrite.php(44): require_once('C:\\xampp\\htdocs\\ci\\public\\index.php')
ERROR - 2025-09-17 07:38:01 --> mysqli_sql_exception: Unknown column 'id' in 'where clause' in C:\xampp\htdocs\ci\system\Database\MySQLi\Connection.php:327
Stack trace:
#0 C:\xampp\htdocs\ci\system\Database\MySQLi\Connection.php(327): mysqli->query('DELETE FROM `bu...', 0)
#1 C:\xampp\htdocs\ci\system\Database\BaseConnection.php(729): CodeIgniter\Database\MySQLi\Connection->execute('DELETE FROM `bu...')
#2 C:\xampp\htdocs\ci\system\Database\BaseConnection.php(646): CodeIgniter\Database\BaseConnection->simpleQuery('DELETE FROM `bu...')
#3 C:\xampp\htdocs\ci\system\Database\BaseBuilder.php(2848): CodeIgniter\Database\BaseConnection->query('DELETE FROM `bu...', Array, false)
#4 C:\xampp\htdocs\ci\system\Model.php(521): CodeIgniter\Database\BaseBuilder->delete()
#5 C:\xampp\htdocs\ci\system\BaseModel.php(1152): CodeIgniter\Model->doDelete(Array, false)
#6 C:\xampp\htdocs\ci\app\Controllers\Buku.php(68): CodeIgniter\BaseModel->delete(Array)
#7 C:\xampp\htdocs\ci\system\CodeIgniter.php(933): App\Controllers\Buku->hapus('6')
#8 C:\xampp\htdocs\ci\system\CodeIgniter.php(507): CodeIgniter\CodeIgniter->runController(Object(App\Controllers\Buku))
#9 C:\xampp\htdocs\ci\system\CodeIgniter.php(354): CodeIgniter\CodeIgniter->handleRequest(NULL, Object(Config\Cache), false)
#10 C:\xampp\htdocs\ci\system\Boot.php(363): CodeIgniter\CodeIgniter->run()
#11 C:\xampp\htdocs\ci\system\Boot.php(68): CodeIgniter\Boot::runCodeIgniter(Object(CodeIgniter\CodeIgniter))
#12 C:\xampp\htdocs\ci\public\index.php(59): CodeIgniter\Boot::bootWeb(Object(Config\Paths))
#13 C:\xampp\htdocs\ci\system\rewrite.php(44): require_once('C:\\xampp\\htdocs...')
#14 {main}
CRITICAL - 2025-09-17 07:38:01 --> CodeIgniter\Database\Exceptions\DatabaseException: Unknown column 'id' in 'where clause'
[Method: DELETE, Route: buku/6]
in SYSTEMPATH\Database\BaseConnection.php on line 684.
 1 SYSTEMPATH\Database\BaseBuilder.php(2848): CodeIgniter\Database\BaseConnection->query('DELETE FROM `buku`
WHERE `id` IN :id:', [...], false)
 2 SYSTEMPATH\Model.php(521): CodeIgniter\Database\BaseBuilder->delete()
 3 SYSTEMPATH\BaseModel.php(1152): CodeIgniter\Model->doDelete([...], false)
 4 APPPATH\Controllers\Buku.php(68): CodeIgniter\BaseModel->delete([...])
 5 SYSTEMPATH\CodeIgniter.php(933): App\Controllers\Buku->hapus('6')
 6 SYSTEMPATH\CodeIgniter.php(507): CodeIgniter\CodeIgniter->runController(Object(App\Controllers\Buku))
 7 SYSTEMPATH\CodeIgniter.php(354): CodeIgniter\CodeIgniter->handleRequest(null, Object(Config\Cache), false)
 8 SYSTEMPATH\Boot.php(363): CodeIgniter\CodeIgniter->run()
 9 SYSTEMPATH\Boot.php(68): CodeIgniter\Boot::runCodeIgniter(Object(CodeIgniter\CodeIgniter))
10 FCPATH\index.php(59): CodeIgniter\Boot::bootWeb(Object(Config\Paths))
11 SYSTEMPATH\rewrite.php(44): require_once('C:\\xampp\\htdocs\\ci\\public\\index.php')
CRITICAL - 2025-09-17 07:38:01 --> [Caused by] CodeIgniter\Database\Exceptions\DatabaseException: Unknown column 'id' in 'where clause'
in SYSTEMPATH\Database\MySQLi\Connection.php on line 332.
 1 SYSTEMPATH\Database\BaseConnection.php(729): CodeIgniter\Database\MySQLi\Connection->execute('DELETE FROM `buku`
WHERE `id` IN (\'6\')')
 2 SYSTEMPATH\Database\BaseConnection.php(646): CodeIgniter\Database\BaseConnection->simpleQuery('DELETE FROM `buku`
WHERE `id` IN (\'6\')')
 3 SYSTEMPATH\Database\BaseBuilder.php(2848): CodeIgniter\Database\BaseConnection->query('DELETE FROM `buku`
WHERE `id` IN :id:', [...], false)
 4 SYSTEMPATH\Model.php(521): CodeIgniter\Database\BaseBuilder->delete()
 5 SYSTEMPATH\BaseModel.php(1152): CodeIgniter\Model->doDelete([...], false)
 6 APPPATH\Controllers\Buku.php(68): CodeIgniter\BaseModel->delete([...])
 7 SYSTEMPATH\CodeIgniter.php(933): App\Controllers\Buku->hapus('6')
 8 SYSTEMPATH\CodeIgniter.php(507): CodeIgniter\CodeIgniter->runController(Object(App\Controllers\Buku))
 9 SYSTEMPATH\CodeIgniter.php(354): CodeIgniter\CodeIgniter->handleRequest(null, Object(Config\Cache), false)
10 SYSTEMPATH\Boot.php(363): CodeIgniter\CodeIgniter->run()
11 SYSTEMPATH\Boot.php(68): CodeIgniter\Boot::runCodeIgniter(Object(CodeIgniter\CodeIgniter))
12 FCPATH\index.php(59): CodeIgniter\Boot::bootWeb(Object(Config\Paths))
13 SYSTEMPATH\rewrite.php(44): require_once('C:\\xampp\\htdocs\\ci\\public\\index.php')
CRITICAL - 2025-09-17 07:38:01 --> [Caused by] mysqli_sql_exception: Unknown column 'id' in 'where clause'
in SYSTEMPATH\Database\MySQLi\Connection.php on line 327.
 1 SYSTEMPATH\Database\MySQLi\Connection.php(327): mysqli->query('DELETE FROM `buku`
WHERE `id` IN (\'6\')', 0)
 2 SYSTEMPATH\Database\BaseConnection.php(729): CodeIgniter\Database\MySQLi\Connection->execute('DELETE FROM `buku`
WHERE `id` IN (\'6\')')
 3 SYSTEMPATH\Database\BaseConnection.php(646): CodeIgniter\Database\BaseConnection->simpleQuery('DELETE FROM `buku`
WHERE `id` IN (\'6\')')
 4 SYSTEMPATH\Database\BaseBuilder.php(2848): CodeIgniter\Database\BaseConnection->query('DELETE FROM `buku`
WHERE `id` IN :id:', [...], false)
 5 SYSTEMPATH\Model.php(521): CodeIgniter\Database\BaseBuilder->delete()
 6 SYSTEMPATH\BaseModel.php(1152): CodeIgniter\Model->doDelete([...], false)
 7 APPPATH\Controllers\Buku.php(68): CodeIgniter\BaseModel->delete([...])
 8 SYSTEMPATH\CodeIgniter.php(933): App\Controllers\Buku->hapus('6')
 9 SYSTEMPATH\CodeIgniter.php(507): CodeIgniter\CodeIgniter->runController(Object(App\Controllers\Buku))
10 SYSTEMPATH\CodeIgniter.php(354): CodeIgniter\CodeIgniter->handleRequest(null, Object(Config\Cache), false)
11 SYSTEMPATH\Boot.php(363): CodeIgniter\CodeIgniter->run()
12 SYSTEMPATH\Boot.php(68): CodeIgniter\Boot::runCodeIgniter(Object(CodeIgniter\CodeIgniter))
13 FCPATH\index.php(59): CodeIgniter\Boot::bootWeb(Object(Config\Paths))
14 SYSTEMPATH\rewrite.php(44): require_once('C:\\xampp\\htdocs\\ci\\public\\index.php')
DEBUG - 2025-09-17 07:39:25 --> Session: Class initialized using 'CodeIgniter\Session\Handlers\FileHandler' driver.
DEBUG - 2025-09-17 07:39:25 --> Session: Class initialized using 'CodeIgniter\Session\Handlers\FileHandler' driver.
DEBUG - 2025-09-17 07:49:26 --> Session: Class initialized using 'CodeIgniter\Session\Handlers\FileHandler' driver.
DEBUG - 2025-09-17 07:49:41 --> Session: Class initialized using 'CodeIgniter\Session\Handlers\FileHandler' driver.
DEBUG - 2025-09-17 07:49:52 --> Session: Class initialized using 'CodeIgniter\Session\Handlers\FileHandler' driver.
DEBUG - 2025-09-17 07:57:05 --> Session: Class initialized using 'CodeIgniter\Session\Handlers\FileHandler' driver.
DEBUG - 2025-09-17 07:57:31 --> Session: Class initialized using 'CodeIgniter\Session\Handlers\FileHandler' driver.
DEBUG - 2025-09-17 08:07:54 --> Session: Class initialized using 'CodeIgniter\Session\Handlers\FileHandler' driver.
DEBUG - 2025-09-17 08:35:16 --> Session: Class initialized using 'CodeIgniter\Session\Handlers\FileHandler' driver.
DEBUG - 2025-09-17 08:35:27 --> Session: Class initialized using 'CodeIgniter\Session\Handlers\FileHandler' driver.
DEBUG - 2025-09-17 08:35:29 --> Session: Class initialized using 'CodeIgniter\Session\Handlers\FileHandler' driver.
DEBUG - 2025-09-17 08:35:30 --> Session: Class initialized using 'CodeIgniter\Session\Handlers\FileHandler' driver.
DEBUG - 2025-09-17 08:35:52 --> Session: Class initialized using 'CodeIgniter\Session\Handlers\FileHandler' driver.
DEBUG - 2025-09-17 08:36:04 --> Session: Class initialized using 'CodeIgniter\Session\Handlers\FileHandler' driver.
CRITICAL - 2025-09-17 08:36:04 --> CodeIgniter\Validation\Exceptions\ValidationException: "uploaded " is not a valid rule.
[Method: POST, Route: buku/simpan]
in SYSTEMPATH\Validation\Validation.php on line 345.
 1 SYSTEMPATH\Validation\Validation.php(345): CodeIgniter\Validation\Exceptions\ValidationException::forRuleNotFound('uploaded ')
 2 SYSTEMPATH\Validation\Validation.php(201): CodeIgniter\Validation\Validation->processRules('sampul', 'sampul', null, [...], [...], 'sampul')
 3 SYSTEMPATH\Controller.php(138): CodeIgniter\Validation\Validation->run()
 4 APPPATH\Controllers\Buku.php(42): CodeIgniter\Controller->validate([...])
 5 SYSTEMPATH\CodeIgniter.php(933): App\Controllers\Buku->simpan()
 6 SYSTEMPATH\CodeIgniter.php(507): CodeIgniter\CodeIgniter->runController(Object(App\Controllers\Buku))
 7 SYSTEMPATH\CodeIgniter.php(354): CodeIgniter\CodeIgniter->handleRequest(null, Object(Config\Cache), false)
 8 SYSTEMPATH\Boot.php(363): CodeIgniter\CodeIgniter->run()
 9 SYSTEMPATH\Boot.php(68): CodeIgniter\Boot::runCodeIgniter(Object(CodeIgniter\CodeIgniter))
10 FCPATH\index.php(59): CodeIgniter\Boot::bootWeb(Object(Config\Paths))
11 SYSTEMPATH\rewrite.php(44): require_once('C:\\xampp\\htdocs\\ci\\public\\index.php')
DEBUG - 2025-09-17 08:38:28 --> Session: Class initialized using 'CodeIgniter\Session\Handlers\FileHandler' driver.
CRITICAL - 2025-09-17 08:38:28 --> CodeIgniter\Validation\Exceptions\ValidationException: "uploaded " is not a valid rule.
[Method: POST, Route: buku/simpan]
in SYSTEMPATH\Validation\Validation.php on line 345.
 1 SYSTEMPATH\Validation\Validation.php(345): CodeIgniter\Validation\Exceptions\ValidationException::forRuleNotFound('uploaded ')
 2 SYSTEMPATH\Validation\Validation.php(201): CodeIgniter\Validation\Validation->processRules('sampul', 'sampul', null, [...], [...], 'sampul')
 3 SYSTEMPATH\Controller.php(138): CodeIgniter\Validation\Validation->run()
 4 APPPATH\Controllers\Buku.php(42): CodeIgniter\Controller->validate([...])
 5 SYSTEMPATH\CodeIgniter.php(933): App\Controllers\Buku->simpan()
 6 SYSTEMPATH\CodeIgniter.php(507): CodeIgniter\CodeIgniter->runController(Object(App\Controllers\Buku))
 7 SYSTEMPATH\CodeIgniter.php(354): CodeIgniter\CodeIgniter->handleRequest(null, Object(Config\Cache), false)
 8 SYSTEMPATH\Boot.php(363): CodeIgniter\CodeIgniter->run()
 9 SYSTEMPATH\Boot.php(68): CodeIgniter\Boot::runCodeIgniter(Object(CodeIgniter\CodeIgniter))
10 FCPATH\index.php(59): CodeIgniter\Boot::bootWeb(Object(Config\Paths))
11 SYSTEMPATH\rewrite.php(44): require_once('C:\\xampp\\htdocs\\ci\\public\\index.php')
DEBUG - 2025-09-17 08:39:40 --> Session: Class initialized using 'CodeIgniter\Session\Handlers\FileHandler' driver.
ERROR - 2025-09-17 08:39:40 --> mysqli_sql_exception: Column 'sampul' cannot be null in C:\xampp\htdocs\ci\system\Database\MySQLi\Connection.php:327
Stack trace:
#0 C:\xampp\htdocs\ci\system\Database\MySQLi\Connection.php(327): mysqli->query('INSERT INTO `bu...', 0)
#1 C:\xampp\htdocs\ci\system\Database\BaseConnection.php(729): CodeIgniter\Database\MySQLi\Connection->execute('INSERT INTO `bu...')
#2 C:\xampp\htdocs\ci\system\Database\BaseConnection.php(646): CodeIgniter\Database\BaseConnection->simpleQuery('INSERT INTO `bu...')
#3 C:\xampp\htdocs\ci\system\Database\BaseBuilder.php(2345): CodeIgniter\Database\BaseConnection->query('INSERT INTO `bu...', Array, false)
#4 C:\xampp\htdocs\ci\system\Model.php(394): CodeIgniter\Database\BaseBuilder->insert()
#5 C:\xampp\htdocs\ci\system\BaseModel.php(838): CodeIgniter\Model->doInsert(Array)
#6 C:\xampp\htdocs\ci\system\Model.php(797): CodeIgniter\BaseModel->insert(Array, false)
#7 C:\xampp\htdocs\ci\system\BaseModel.php(751): CodeIgniter\Model->insert(Array, false)
#8 C:\xampp\htdocs\ci\app\Controllers\Buku.php(66): CodeIgniter\BaseModel->save(Array)
#9 C:\xampp\htdocs\ci\system\CodeIgniter.php(933): App\Controllers\Buku->simpan()
#10 C:\xampp\htdocs\ci\system\CodeIgniter.php(507): CodeIgniter\CodeIgniter->runController(Object(App\Controllers\Buku))
#11 C:\xampp\htdocs\ci\system\CodeIgniter.php(354): CodeIgniter\CodeIgniter->handleRequest(NULL, Object(Config\Cache), false)
#12 C:\xampp\htdocs\ci\system\Boot.php(363): CodeIgniter\CodeIgniter->run()
#13 C:\xampp\htdocs\ci\system\Boot.php(68): CodeIgniter\Boot::runCodeIgniter(Object(CodeIgniter\CodeIgniter))
#14 C:\xampp\htdocs\ci\public\index.php(59): CodeIgniter\Boot::bootWeb(Object(Config\Paths))
#15 C:\xampp\htdocs\ci\system\rewrite.php(44): require_once('C:\\xampp\\htdocs...')
#16 {main}
CRITICAL - 2025-09-17 08:39:41 --> CodeIgniter\Database\Exceptions\DatabaseException: Column 'sampul' cannot be null
[Method: POST, Route: buku/simpan]
in SYSTEMPATH\Database\BaseConnection.php on line 684.
 1 SYSTEMPATH\Database\BaseBuilder.php(2345): CodeIgniter\Database\BaseConnection->query('INSERT INTO `buku` (`judul`, `pengarang`, `penerbit`, `tahun_terbit`, `sampul`) VALUES (:judul:, :pengarang:, :penerbit:, :tahun_terbit:, :sampul:)', [...], false)
 2 SYSTEMPATH\Model.php(394): CodeIgniter\Database\BaseBuilder->insert()
 3 SYSTEMPATH\BaseModel.php(838): CodeIgniter\Model->doInsert([...])
 4 SYSTEMPATH\Model.php(797): CodeIgniter\BaseModel->insert([...], false)
 5 SYSTEMPATH\BaseModel.php(751): CodeIgniter\Model->insert([...], false)
 6 APPPATH\Controllers\Buku.php(66): CodeIgniter\BaseModel->save([...])
 7 SYSTEMPATH\CodeIgniter.php(933): App\Controllers\Buku->simpan()
 8 SYSTEMPATH\CodeIgniter.php(507): CodeIgniter\CodeIgniter->runController(Object(App\Controllers\Buku))
 9 SYSTEMPATH\CodeIgniter.php(354): CodeIgniter\CodeIgniter->handleRequest(null, Object(Config\Cache), false)
10 SYSTEMPATH\Boot.php(363): CodeIgniter\CodeIgniter->run()
11 SYSTEMPATH\Boot.php(68): CodeIgniter\Boot::runCodeIgniter(Object(CodeIgniter\CodeIgniter))
12 FCPATH\index.php(59): CodeIgniter\Boot::bootWeb(Object(Config\Paths))
13 SYSTEMPATH\rewrite.php(44): require_once('C:\\xampp\\htdocs\\ci\\public\\index.php')
CRITICAL - 2025-09-17 08:39:41 --> [Caused by] CodeIgniter\Database\Exceptions\DatabaseException: Column 'sampul' cannot be null
in SYSTEMPATH\Database\MySQLi\Connection.php on line 332.
 1 SYSTEMPATH\Database\BaseConnection.php(729): CodeIgniter\Database\MySQLi\Connection->execute('INSERT INTO `buku` (`judul`, `pengarang`, `penerbit`, `tahun_terbit`, `sampul`) VALUES (\'Persona 5 Royal\', \'Zeee\', \'AhmadKarya\', \'2014\', NULL)')
 2 SYSTEMPATH\Database\BaseConnection.php(646): CodeIgniter\Database\BaseConnection->simpleQuery('INSERT INTO `buku` (`judul`, `pengarang`, `penerbit`, `tahun_terbit`, `sampul`) VALUES (\'Persona 5 Royal\', \'Zeee\', \'AhmadKarya\', \'2014\', NULL)')
 3 SYSTEMPATH\Database\BaseBuilder.php(2345): CodeIgniter\Database\BaseConnection->query('INSERT INTO `buku` (`judul`, `pengarang`, `penerbit`, `tahun_terbit`, `sampul`) VALUES (:judul:, :pengarang:, :penerbit:, :tahun_terbit:, :sampul:)', [...], false)
 4 SYSTEMPATH\Model.php(394): CodeIgniter\Database\BaseBuilder->insert()
 5 SYSTEMPATH\BaseModel.php(838): CodeIgniter\Model->doInsert([...])
 6 SYSTEMPATH\Model.php(797): CodeIgniter\BaseModel->insert([...], false)
 7 SYSTEMPATH\BaseModel.php(751): CodeIgniter\Model->insert([...], false)
 8 APPPATH\Controllers\Buku.php(66): CodeIgniter\BaseModel->save([...])
 9 SYSTEMPATH\CodeIgniter.php(933): App\Controllers\Buku->simpan()
10 SYSTEMPATH\CodeIgniter.php(507): CodeIgniter\CodeIgniter->runController(Object(App\Controllers\Buku))
11 SYSTEMPATH\CodeIgniter.php(354): CodeIgniter\CodeIgniter->handleRequest(null, Object(Config\Cache), false)
12 SYSTEMPATH\Boot.php(363): CodeIgniter\CodeIgniter->run()
13 SYSTEMPATH\Boot.php(68): CodeIgniter\Boot::runCodeIgniter(Object(CodeIgniter\CodeIgniter))
14 FCPATH\index.php(59): CodeIgniter\Boot::bootWeb(Object(Config\Paths))
15 SYSTEMPATH\rewrite.php(44): require_once('C:\\xampp\\htdocs\\ci\\public\\index.php')
CRITICAL - 2025-09-17 08:39:41 --> [Caused by] mysqli_sql_exception: Column 'sampul' cannot be null
in SYSTEMPATH\Database\MySQLi\Connection.php on line 327.
 1 SYSTEMPATH\Database\MySQLi\Connection.php(327): mysqli->query('INSERT INTO `buku` (`judul`, `pengarang`, `penerbit`, `tahun_terbit`, `sampul`) VALUES (\'Persona 5 Royal\', \'Zeee\', \'AhmadKarya\', \'2014\', NULL)', 0)
 2 SYSTEMPATH\Database\BaseConnection.php(729): CodeIgniter\Database\MySQLi\Connection->execute('INSERT INTO `buku` (`judul`, `pengarang`, `penerbit`, `tahun_terbit`, `sampul`) VALUES (\'Persona 5 Royal\', \'Zeee\', \'AhmadKarya\', \'2014\', NULL)')
 3 SYSTEMPATH\Database\BaseConnection.php(646): CodeIgniter\Database\BaseConnection->simpleQuery('INSERT INTO `buku` (`judul`, `pengarang`, `penerbit`, `tahun_terbit`, `sampul`) VALUES (\'Persona 5 Royal\', \'Zeee\', \'AhmadKarya\', \'2014\', NULL)')
 4 SYSTEMPATH\Database\BaseBuilder.php(2345): CodeIgniter\Database\BaseConnection->query('INSERT INTO `buku` (`judul`, `pengarang`, `penerbit`, `tahun_terbit`, `sampul`) VALUES (:judul:, :pengarang:, :penerbit:, :tahun_terbit:, :sampul:)', [...], false)
 5 SYSTEMPATH\Model.php(394): CodeIgniter\Database\BaseBuilder->insert()
 6 SYSTEMPATH\BaseModel.php(838): CodeIgniter\Model->doInsert([...])
 7 SYSTEMPATH\Model.php(797): CodeIgniter\BaseModel->insert([...], false)
 8 SYSTEMPATH\BaseModel.php(751): CodeIgniter\Model->insert([...], false)
 9 APPPATH\Controllers\Buku.php(66): CodeIgniter\BaseModel->save([...])
10 SYSTEMPATH\CodeIgniter.php(933): App\Controllers\Buku->simpan()
11 SYSTEMPATH\CodeIgniter.php(507): CodeIgniter\CodeIgniter->runController(Object(App\Controllers\Buku))
12 SYSTEMPATH\CodeIgniter.php(354): CodeIgniter\CodeIgniter->handleRequest(null, Object(Config\Cache), false)
13 SYSTEMPATH\Boot.php(363): CodeIgniter\CodeIgniter->run()
14 SYSTEMPATH\Boot.php(68): CodeIgniter\Boot::runCodeIgniter(Object(CodeIgniter\CodeIgniter))
15 FCPATH\index.php(59): CodeIgniter\Boot::bootWeb(Object(Config\Paths))
16 SYSTEMPATH\rewrite.php(44): require_once('C:\\xampp\\htdocs\\ci\\public\\index.php')
DEBUG - 2025-09-17 08:39:44 --> Session: Class initialized using 'CodeIgniter\Session\Handlers\FileHandler' driver.
DEBUG - 2025-09-17 08:39:46 --> Session: Class initialized using 'CodeIgniter\Session\Handlers\FileHandler' driver.
ERROR - 2025-09-17 08:39:46 --> mysqli_sql_exception: Column 'sampul' cannot be null in C:\xampp\htdocs\ci\system\Database\MySQLi\Connection.php:327
Stack trace:
#0 C:\xampp\htdocs\ci\system\Database\MySQLi\Connection.php(327): mysqli->query('INSERT INTO `bu...', 0)
#1 C:\xampp\htdocs\ci\system\Database\BaseConnection.php(729): CodeIgniter\Database\MySQLi\Connection->execute('INSERT INTO `bu...')
#2 C:\xampp\htdocs\ci\system\Database\BaseConnection.php(646): CodeIgniter\Database\BaseConnection->simpleQuery('INSERT INTO `bu...')
#3 C:\xampp\htdocs\ci\system\Database\BaseBuilder.php(2345): CodeIgniter\Database\BaseConnection->query('INSERT INTO `bu...', Array, false)
#4 C:\xampp\htdocs\ci\system\Model.php(394): CodeIgniter\Database\BaseBuilder->insert()
#5 C:\xampp\htdocs\ci\system\BaseModel.php(838): CodeIgniter\Model->doInsert(Array)
#6 C:\xampp\htdocs\ci\system\Model.php(797): CodeIgniter\BaseModel->insert(Array, false)
#7 C:\xampp\htdocs\ci\system\BaseModel.php(751): CodeIgniter\Model->insert(Array, false)
#8 C:\xampp\htdocs\ci\app\Controllers\Buku.php(66): CodeIgniter\BaseModel->save(Array)
#9 C:\xampp\htdocs\ci\system\CodeIgniter.php(933): App\Controllers\Buku->simpan()
#10 C:\xampp\htdocs\ci\system\CodeIgniter.php(507): CodeIgniter\CodeIgniter->runController(Object(App\Controllers\Buku))
#11 C:\xampp\htdocs\ci\system\CodeIgniter.php(354): CodeIgniter\CodeIgniter->handleRequest(NULL, Object(Config\Cache), false)
#12 C:\xampp\htdocs\ci\system\Boot.php(363): CodeIgniter\CodeIgniter->run()
#13 C:\xampp\htdocs\ci\system\Boot.php(68): CodeIgniter\Boot::runCodeIgniter(Object(CodeIgniter\CodeIgniter))
#14 C:\xampp\htdocs\ci\public\index.php(59): CodeIgniter\Boot::bootWeb(Object(Config\Paths))
#15 C:\xampp\htdocs\ci\system\rewrite.php(44): require_once('C:\\xampp\\htdocs...')
#16 {main}
CRITICAL - 2025-09-17 08:39:46 --> CodeIgniter\Database\Exceptions\DatabaseException: Column 'sampul' cannot be null
[Method: POST, Route: buku/simpan]
in SYSTEMPATH\Database\BaseConnection.php on line 684.
 1 SYSTEMPATH\Database\BaseBuilder.php(2345): CodeIgniter\Database\BaseConnection->query('INSERT INTO `buku` (`judul`, `pengarang`, `penerbit`, `tahun_terbit`, `sampul`) VALUES (:judul:, :pengarang:, :penerbit:, :tahun_terbit:, :sampul:)', [...], false)
 2 SYSTEMPATH\Model.php(394): CodeIgniter\Database\BaseBuilder->insert()
 3 SYSTEMPATH\BaseModel.php(838): CodeIgniter\Model->doInsert([...])
 4 SYSTEMPATH\Model.php(797): CodeIgniter\BaseModel->insert([...], false)
 5 SYSTEMPATH\BaseModel.php(751): CodeIgniter\Model->insert([...], false)
 6 APPPATH\Controllers\Buku.php(66): CodeIgniter\BaseModel->save([...])
 7 SYSTEMPATH\CodeIgniter.php(933): App\Controllers\Buku->simpan()
 8 SYSTEMPATH\CodeIgniter.php(507): CodeIgniter\CodeIgniter->runController(Object(App\Controllers\Buku))
 9 SYSTEMPATH\CodeIgniter.php(354): CodeIgniter\CodeIgniter->handleRequest(null, Object(Config\Cache), false)
10 SYSTEMPATH\Boot.php(363): CodeIgniter\CodeIgniter->run()
11 SYSTEMPATH\Boot.php(68): CodeIgniter\Boot::runCodeIgniter(Object(CodeIgniter\CodeIgniter))
12 FCPATH\index.php(59): CodeIgniter\Boot::bootWeb(Object(Config\Paths))
13 SYSTEMPATH\rewrite.php(44): require_once('C:\\xampp\\htdocs\\ci\\public\\index.php')
CRITICAL - 2025-09-17 08:39:46 --> [Caused by] CodeIgniter\Database\Exceptions\DatabaseException: Column 'sampul' cannot be null
in SYSTEMPATH\Database\MySQLi\Connection.php on line 332.
 1 SYSTEMPATH\Database\BaseConnection.php(729): CodeIgniter\Database\MySQLi\Connection->execute('INSERT INTO `buku` (`judul`, `pengarang`, `penerbit`, `tahun_terbit`, `sampul`) VALUES (\'Persona 5 Royal\', \'Zeee\', \'AhmadKarya\', \'2014\', NULL)')
 2 SYSTEMPATH\Database\BaseConnection.php(646): CodeIgniter\Database\BaseConnection->simpleQuery('INSERT INTO `buku` (`judul`, `pengarang`, `penerbit`, `tahun_terbit`, `sampul`) VALUES (\'Persona 5 Royal\', \'Zeee\', \'AhmadKarya\', \'2014\', NULL)')
 3 SYSTEMPATH\Database\BaseBuilder.php(2345): CodeIgniter\Database\BaseConnection->query('INSERT INTO `buku` (`judul`, `pengarang`, `penerbit`, `tahun_terbit`, `sampul`) VALUES (:judul:, :pengarang:, :penerbit:, :tahun_terbit:, :sampul:)', [...], false)
 4 SYSTEMPATH\Model.php(394): CodeIgniter\Database\BaseBuilder->insert()
 5 SYSTEMPATH\BaseModel.php(838): CodeIgniter\Model->doInsert([...])
 6 SYSTEMPATH\Model.php(797): CodeIgniter\BaseModel->insert([...], false)
 7 SYSTEMPATH\BaseModel.php(751): CodeIgniter\Model->insert([...], false)
 8 APPPATH\Controllers\Buku.php(66): CodeIgniter\BaseModel->save([...])
 9 SYSTEMPATH\CodeIgniter.php(933): App\Controllers\Buku->simpan()
10 SYSTEMPATH\CodeIgniter.php(507): CodeIgniter\CodeIgniter->runController(Object(App\Controllers\Buku))
11 SYSTEMPATH\CodeIgniter.php(354): CodeIgniter\CodeIgniter->handleRequest(null, Object(Config\Cache), false)
12 SYSTEMPATH\Boot.php(363): CodeIgniter\CodeIgniter->run()
13 SYSTEMPATH\Boot.php(68): CodeIgniter\Boot::runCodeIgniter(Object(CodeIgniter\CodeIgniter))
14 FCPATH\index.php(59): CodeIgniter\Boot::bootWeb(Object(Config\Paths))
15 SYSTEMPATH\rewrite.php(44): require_once('C:\\xampp\\htdocs\\ci\\public\\index.php')
CRITICAL - 2025-09-17 08:39:46 --> [Caused by] mysqli_sql_exception: Column 'sampul' cannot be null
in SYSTEMPATH\Database\MySQLi\Connection.php on line 327.
 1 SYSTEMPATH\Database\MySQLi\Connection.php(327): mysqli->query('INSERT INTO `buku` (`judul`, `pengarang`, `penerbit`, `tahun_terbit`, `sampul`) VALUES (\'Persona 5 Royal\', \'Zeee\', \'AhmadKarya\', \'2014\', NULL)', 0)
 2 SYSTEMPATH\Database\BaseConnection.php(729): CodeIgniter\Database\MySQLi\Connection->execute('INSERT INTO `buku` (`judul`, `pengarang`, `penerbit`, `tahun_terbit`, `sampul`) VALUES (\'Persona 5 Royal\', \'Zeee\', \'AhmadKarya\', \'2014\', NULL)')
 3 SYSTEMPATH\Database\BaseConnection.php(646): CodeIgniter\Database\BaseConnection->simpleQuery('INSERT INTO `buku` (`judul`, `pengarang`, `penerbit`, `tahun_terbit`, `sampul`) VALUES (\'Persona 5 Royal\', \'Zeee\', \'AhmadKarya\', \'2014\', NULL)')
 4 SYSTEMPATH\Database\BaseBuilder.php(2345): CodeIgniter\Database\BaseConnection->query('INSERT INTO `buku` (`judul`, `pengarang`, `penerbit`, `tahun_terbit`, `sampul`) VALUES (:judul:, :pengarang:, :penerbit:, :tahun_terbit:, :sampul:)', [...], false)
 5 SYSTEMPATH\Model.php(394): CodeIgniter\Database\BaseBuilder->insert()
 6 SYSTEMPATH\BaseModel.php(838): CodeIgniter\Model->doInsert([...])
 7 SYSTEMPATH\Model.php(797): CodeIgniter\BaseModel->insert([...], false)
 8 SYSTEMPATH\BaseModel.php(751): CodeIgniter\Model->insert([...], false)
 9 APPPATH\Controllers\Buku.php(66): CodeIgniter\BaseModel->save([...])
10 SYSTEMPATH\CodeIgniter.php(933): App\Controllers\Buku->simpan()
11 SYSTEMPATH\CodeIgniter.php(507): CodeIgniter\CodeIgniter->runController(Object(App\Controllers\Buku))
12 SYSTEMPATH\CodeIgniter.php(354): CodeIgniter\CodeIgniter->handleRequest(null, Object(Config\Cache), false)
13 SYSTEMPATH\Boot.php(363): CodeIgniter\CodeIgniter->run()
14 SYSTEMPATH\Boot.php(68): CodeIgniter\Boot::runCodeIgniter(Object(CodeIgniter\CodeIgniter))
15 FCPATH\index.php(59): CodeIgniter\Boot::bootWeb(Object(Config\Paths))
16 SYSTEMPATH\rewrite.php(44): require_once('C:\\xampp\\htdocs\\ci\\public\\index.php')
DEBUG - 2025-09-17 08:42:30 --> Session: Class initialized using 'CodeIgniter\Session\Handlers\FileHandler' driver.
DEBUG - 2025-09-17 08:42:31 --> Session: Class initialized using 'CodeIgniter\Session\Handlers\FileHandler' driver.
DEBUG - 2025-09-17 08:42:32 --> Session: Class initialized using 'CodeIgniter\Session\Handlers\FileHandler' driver.
DEBUG - 2025-09-17 09:02:53 --> Session: Class initialized using 'CodeIgniter\Session\Handlers\FileHandler' driver.
DEBUG - 2025-09-17 09:02:55 --> Session: Class initialized using 'CodeIgniter\Session\Handlers\FileHandler' driver.
DEBUG - 2025-09-17 09:03:04 --> Session: Class initialized using 'CodeIgniter\Session\Handlers\FileHandler' driver.
DEBUG - 2025-09-17 09:03:55 --> Session: Class initialized using 'CodeIgniter\Session\Handlers\FileHandler' driver.
DEBUG - 2025-09-17 09:03:56 --> Session: Class initialized using 'CodeIgniter\Session\Handlers\FileHandler' driver.
DEBUG - 2025-09-17 09:37:25 --> Session: Class initialized using 'CodeIgniter\Session\Handlers\FileHandler' driver.
DEBUG - 2025-09-17 09:37:26 --> Session: Class initialized using 'CodeIgniter\Session\Handlers\FileHandler' driver.
CRITICAL - 2025-09-17 09:37:26 --> ErrorException: Trying to access array offset on value of type null
[Method: GET, Route: buku/ubah/1]
in APPPATH\Views\buku\detail.php on line 10.
 1 APPPATH\Views\buku\detail.php(10): CodeIgniter\Debug\Exceptions->errorHandler(2, 'Trying to access array offset on value of type null', 'C:\\xampp\\htdocs\\ci\\app\\Views\\buku\\detail.php', 10)
 2 SYSTEMPATH\View\View.php(226): include('C:\\xampp\\htdocs\\ci\\app\\Views\\buku\\detail.php')
 3 SYSTEMPATH\View\View.php(229): CodeIgniter\View\View->CodeIgniter\View\{closure}()
 4 SYSTEMPATH\Common.php(1167): CodeIgniter\View\View->render('buku/detail', [], true)
 5 APPPATH\Controllers\Buku.php(28): view('buku/detail', [...])
 6 SYSTEMPATH\CodeIgniter.php(933): App\Controllers\Buku->detail('ubah', '1')
 7 SYSTEMPATH\CodeIgniter.php(507): CodeIgniter\CodeIgniter->runController(Object(App\Controllers\Buku))
 8 SYSTEMPATH\CodeIgniter.php(354): CodeIgniter\CodeIgniter->handleRequest(null, Object(Config\Cache), false)
 9 SYSTEMPATH\Boot.php(363): CodeIgniter\CodeIgniter->run()
10 SYSTEMPATH\Boot.php(68): CodeIgniter\Boot::runCodeIgniter(Object(CodeIgniter\CodeIgniter))
11 FCPATH\index.php(59): CodeIgniter\Boot::bootWeb(Object(Config\Paths))
12 SYSTEMPATH\rewrite.php(44): require_once('C:\\xampp\\htdocs\\ci\\public\\index.php')
DEBUG - 2025-09-17 09:38:00 --> Session: Class initialized using 'CodeIgniter\Session\Handlers\FileHandler' driver.
CRITICAL - 2025-09-17 09:38:00 --> ErrorException: Trying to access array offset on value of type null
[Method: GET, Route: buku/ubah/1]
in APPPATH\Views\buku\detail.php on line 10.
 1 APPPATH\Views\buku\detail.php(10): CodeIgniter\Debug\Exceptions->errorHandler(2, 'Trying to access array offset on value of type null', 'C:\\xampp\\htdocs\\ci\\app\\Views\\buku\\detail.php', 10)
 2 SYSTEMPATH\View\View.php(226): include('C:\\xampp\\htdocs\\ci\\app\\Views\\buku\\detail.php')
 3 SYSTEMPATH\View\View.php(229): CodeIgniter\View\View->CodeIgniter\View\{closure}()
 4 SYSTEMPATH\Common.php(1167): CodeIgniter\View\View->render('buku/detail', [], true)
 5 APPPATH\Controllers\Buku.php(28): view('buku/detail', [...])
 6 SYSTEMPATH\CodeIgniter.php(933): App\Controllers\Buku->detail('ubah', '1')
 7 SYSTEMPATH\CodeIgniter.php(507): CodeIgniter\CodeIgniter->runController(Object(App\Controllers\Buku))
 8 SYSTEMPATH\CodeIgniter.php(354): CodeIgniter\CodeIgniter->handleRequest(null, Object(Config\Cache), false)
 9 SYSTEMPATH\Boot.php(363): CodeIgniter\CodeIgniter->run()
10 SYSTEMPATH\Boot.php(68): CodeIgniter\Boot::runCodeIgniter(Object(CodeIgniter\CodeIgniter))
11 FCPATH\index.php(59): CodeIgniter\Boot::bootWeb(Object(Config\Paths))
12 SYSTEMPATH\rewrite.php(44): require_once('C:\\xampp\\htdocs\\ci\\public\\index.php')
DEBUG - 2025-09-17 09:38:01 --> Session: Class initialized using 'CodeIgniter\Session\Handlers\FileHandler' driver.
DEBUG - 2025-09-17 09:38:02 --> Session: Class initialized using 'CodeIgniter\Session\Handlers\FileHandler' driver.
CRITICAL - 2025-09-17 09:38:02 --> ErrorException: Trying to access array offset on value of type null
[Method: GET, Route: buku/ubah/1]
in APPPATH\Views\buku\detail.php on line 10.
 1 APPPATH\Views\buku\detail.php(10): CodeIgniter\Debug\Exceptions->errorHandler(2, 'Trying to access array offset on value of type null', 'C:\\xampp\\htdocs\\ci\\app\\Views\\buku\\detail.php', 10)
 2 SYSTEMPATH\View\View.php(226): include('C:\\xampp\\htdocs\\ci\\app\\Views\\buku\\detail.php')
 3 SYSTEMPATH\View\View.php(229): CodeIgniter\View\View->CodeIgniter\View\{closure}()
 4 SYSTEMPATH\Common.php(1167): CodeIgniter\View\View->render('buku/detail', [], true)
 5 APPPATH\Controllers\Buku.php(28): view('buku/detail', [...])
 6 SYSTEMPATH\CodeIgniter.php(933): App\Controllers\Buku->detail('ubah', '1')
 7 SYSTEMPATH\CodeIgniter.php(507): CodeIgniter\CodeIgniter->runController(Object(App\Controllers\Buku))
 8 SYSTEMPATH\CodeIgniter.php(354): CodeIgniter\CodeIgniter->handleRequest(null, Object(Config\Cache), false)
 9 SYSTEMPATH\Boot.php(363): CodeIgniter\CodeIgniter->run()
10 SYSTEMPATH\Boot.php(68): CodeIgniter\Boot::runCodeIgniter(Object(CodeIgniter\CodeIgniter))
11 FCPATH\index.php(59): CodeIgniter\Boot::bootWeb(Object(Config\Paths))
12 SYSTEMPATH\rewrite.php(44): require_once('C:\\xampp\\htdocs\\ci\\public\\index.php')
DEBUG - 2025-09-17 09:39:31 --> Session: Class initialized using 'CodeIgniter\Session\Handlers\FileHandler' driver.
CRITICAL - 2025-09-17 09:39:31 --> ErrorException: Trying to access array offset on value of type null
[Method: GET, Route: buku/ubah/1]
in APPPATH\Views\buku\detail.php on line 10.
 1 APPPATH\Views\buku\detail.php(10): CodeIgniter\Debug\Exceptions->errorHandler(2, 'Trying to access array offset on value of type null', 'C:\\xampp\\htdocs\\ci\\app\\Views\\buku\\detail.php', 10)
 2 SYSTEMPATH\View\View.php(226): include('C:\\xampp\\htdocs\\ci\\app\\Views\\buku\\detail.php')
 3 SYSTEMPATH\View\View.php(229): CodeIgniter\View\View->CodeIgniter\View\{closure}()
 4 SYSTEMPATH\Common.php(1167): CodeIgniter\View\View->render('buku/detail', [], true)
 5 APPPATH\Controllers\Buku.php(28): view('buku/detail', [...])
 6 SYSTEMPATH\CodeIgniter.php(933): App\Controllers\Buku->detail('ubah', '1')
 7 SYSTEMPATH\CodeIgniter.php(507): CodeIgniter\CodeIgniter->runController(Object(App\Controllers\Buku))
 8 SYSTEMPATH\CodeIgniter.php(354): CodeIgniter\CodeIgniter->handleRequest(null, Object(Config\Cache), false)
 9 SYSTEMPATH\Boot.php(363): CodeIgniter\CodeIgniter->run()
10 SYSTEMPATH\Boot.php(68): CodeIgniter\Boot::runCodeIgniter(Object(CodeIgniter\CodeIgniter))
11 FCPATH\index.php(59): CodeIgniter\Boot::bootWeb(Object(Config\Paths))
12 SYSTEMPATH\rewrite.php(44): require_once('C:\\xampp\\htdocs\\ci\\public\\index.php')
DEBUG - 2025-09-17 09:43:59 --> Session: Class initialized using 'CodeIgniter\Session\Handlers\FileHandler' driver.
CRITICAL - 2025-09-17 09:43:59 --> ErrorException: Trying to access array offset on value of type null
[Method: GET, Route: buku/ubah/1]
in APPPATH\Views\buku\detail.php on line 10.
 1 APPPATH\Views\buku\detail.php(10): CodeIgniter\Debug\Exceptions->errorHandler(2, 'Trying to access array offset on value of type null', 'C:\\xampp\\htdocs\\ci\\app\\Views\\buku\\detail.php', 10)
 2 SYSTEMPATH\View\View.php(226): include('C:\\xampp\\htdocs\\ci\\app\\Views\\buku\\detail.php')
 3 SYSTEMPATH\View\View.php(229): CodeIgniter\View\View->CodeIgniter\View\{closure}()
 4 SYSTEMPATH\Common.php(1167): CodeIgniter\View\View->render('buku/detail', [], true)
 5 APPPATH\Controllers\Buku.php(28): view('buku/detail', [...])
 6 SYSTEMPATH\CodeIgniter.php(933): App\Controllers\Buku->detail('ubah', '1')
 7 SYSTEMPATH\CodeIgniter.php(507): CodeIgniter\CodeIgniter->runController(Object(App\Controllers\Buku))
 8 SYSTEMPATH\CodeIgniter.php(354): CodeIgniter\CodeIgniter->handleRequest(null, Object(Config\Cache), false)
 9 SYSTEMPATH\Boot.php(363): CodeIgniter\CodeIgniter->run()
10 SYSTEMPATH\Boot.php(68): CodeIgniter\Boot::runCodeIgniter(Object(CodeIgniter\CodeIgniter))
11 FCPATH\index.php(59): CodeIgniter\Boot::bootWeb(Object(Config\Paths))
12 SYSTEMPATH\rewrite.php(44): require_once('C:\\xampp\\htdocs\\ci\\public\\index.php')
DEBUG - 2025-09-17 09:44:01 --> Session: Class initialized using 'CodeIgniter\Session\Handlers\FileHandler' driver.
DEBUG - 2025-09-17 09:44:02 --> Session: Class initialized using 'CodeIgniter\Session\Handlers\FileHandler' driver.
CRITICAL - 2025-09-17 09:44:02 --> ErrorException: Trying to access array offset on value of type null
[Method: GET, Route: buku/ubah/1]
in APPPATH\Views\buku\detail.php on line 10.
 1 APPPATH\Views\buku\detail.php(10): CodeIgniter\Debug\Exceptions->errorHandler(2, 'Trying to access array offset on value of type null', 'C:\\xampp\\htdocs\\ci\\app\\Views\\buku\\detail.php', 10)
 2 SYSTEMPATH\View\View.php(226): include('C:\\xampp\\htdocs\\ci\\app\\Views\\buku\\detail.php')
 3 SYSTEMPATH\View\View.php(229): CodeIgniter\View\View->CodeIgniter\View\{closure}()
 4 SYSTEMPATH\Common.php(1167): CodeIgniter\View\View->render('buku/detail', [], true)
 5 APPPATH\Controllers\Buku.php(28): view('buku/detail', [...])
 6 SYSTEMPATH\CodeIgniter.php(933): App\Controllers\Buku->detail('ubah', '1')
 7 SYSTEMPATH\CodeIgniter.php(507): CodeIgniter\CodeIgniter->runController(Object(App\Controllers\Buku))
 8 SYSTEMPATH\CodeIgniter.php(354): CodeIgniter\CodeIgniter->handleRequest(null, Object(Config\Cache), false)
 9 SYSTEMPATH\Boot.php(363): CodeIgniter\CodeIgniter->run()
10 SYSTEMPATH\Boot.php(68): CodeIgniter\Boot::runCodeIgniter(Object(CodeIgniter\CodeIgniter))
11 FCPATH\index.php(59): CodeIgniter\Boot::bootWeb(Object(Config\Paths))
12 SYSTEMPATH\rewrite.php(44): require_once('C:\\xampp\\htdocs\\ci\\public\\index.php')
DEBUG - 2025-09-17 09:44:03 --> Session: Class initialized using 'CodeIgniter\Session\Handlers\FileHandler' driver.
DEBUG - 2025-09-17 09:44:03 --> Session: Class initialized using 'CodeIgniter\Session\Handlers\FileHandler' driver.
DEBUG - 2025-09-17 09:44:05 --> Session: Class initialized using 'CodeIgniter\Session\Handlers\FileHandler' driver.
DEBUG - 2025-09-17 09:44:05 --> Session: Class initialized using 'CodeIgniter\Session\Handlers\FileHandler' driver.
CRITICAL - 2025-09-17 09:44:05 --> ErrorException: Trying to access array offset on value of type null
[Method: GET, Route: buku/ubah/2]
in APPPATH\Views\buku\detail.php on line 10.
 1 APPPATH\Views\buku\detail.php(10): CodeIgniter\Debug\Exceptions->errorHandler(2, 'Trying to access array offset on value of type null', 'C:\\xampp\\htdocs\\ci\\app\\Views\\buku\\detail.php', 10)
 2 SYSTEMPATH\View\View.php(226): include('C:\\xampp\\htdocs\\ci\\app\\Views\\buku\\detail.php')
 3 SYSTEMPATH\View\View.php(229): CodeIgniter\View\View->CodeIgniter\View\{closure}()
 4 SYSTEMPATH\Common.php(1167): CodeIgniter\View\View->render('buku/detail', [], true)
 5 APPPATH\Controllers\Buku.php(28): view('buku/detail', [...])
 6 SYSTEMPATH\CodeIgniter.php(933): App\Controllers\Buku->detail('ubah', '2')
 7 SYSTEMPATH\CodeIgniter.php(507): CodeIgniter\CodeIgniter->runController(Object(App\Controllers\Buku))
 8 SYSTEMPATH\CodeIgniter.php(354): CodeIgniter\CodeIgniter->handleRequest(null, Object(Config\Cache), false)
 9 SYSTEMPATH\Boot.php(363): CodeIgniter\CodeIgniter->run()
10 SYSTEMPATH\Boot.php(68): CodeIgniter\Boot::runCodeIgniter(Object(CodeIgniter\CodeIgniter))
11 FCPATH\index.php(59): CodeIgniter\Boot::bootWeb(Object(Config\Paths))
12 SYSTEMPATH\rewrite.php(44): require_once('C:\\xampp\\htdocs\\ci\\public\\index.php')
DEBUG - 2025-09-17 09:44:10 --> Session: Class initialized using 'CodeIgniter\Session\Handlers\FileHandler' driver.
CRITICAL - 2025-09-17 09:44:10 --> ErrorException: Trying to access array offset on value of type null
[Method: GET, Route: buku/ubah/2]
in APPPATH\Views\buku\detail.php on line 10.
 1 APPPATH\Views\buku\detail.php(10): CodeIgniter\Debug\Exceptions->errorHandler(2, 'Trying to access array offset on value of type null', 'C:\\xampp\\htdocs\\ci\\app\\Views\\buku\\detail.php', 10)
 2 SYSTEMPATH\View\View.php(226): include('C:\\xampp\\htdocs\\ci\\app\\Views\\buku\\detail.php')
 3 SYSTEMPATH\View\View.php(229): CodeIgniter\View\View->CodeIgniter\View\{closure}()
 4 SYSTEMPATH\Common.php(1167): CodeIgniter\View\View->render('buku/detail', [], true)
 5 APPPATH\Controllers\Buku.php(28): view('buku/detail', [...])
 6 SYSTEMPATH\CodeIgniter.php(933): App\Controllers\Buku->detail('ubah', '2')
 7 SYSTEMPATH\CodeIgniter.php(507): CodeIgniter\CodeIgniter->runController(Object(App\Controllers\Buku))
 8 SYSTEMPATH\CodeIgniter.php(354): CodeIgniter\CodeIgniter->handleRequest(null, Object(Config\Cache), false)
 9 SYSTEMPATH\Boot.php(363): CodeIgniter\CodeIgniter->run()
10 SYSTEMPATH\Boot.php(68): CodeIgniter\Boot::runCodeIgniter(Object(CodeIgniter\CodeIgniter))
11 FCPATH\index.php(59): CodeIgniter\Boot::bootWeb(Object(Config\Paths))
12 SYSTEMPATH\rewrite.php(44): require_once('C:\\xampp\\htdocs\\ci\\public\\index.php')
DEBUG - 2025-09-17 09:44:18 --> Session: Class initialized using 'CodeIgniter\Session\Handlers\FileHandler' driver.
CRITICAL - 2025-09-17 09:44:18 --> ErrorException: Trying to access array offset on value of type null
[Method: GET, Route: buku/ubah/2]
in APPPATH\Views\buku\detail.php on line 10.
 1 APPPATH\Views\buku\detail.php(10): CodeIgniter\Debug\Exceptions->errorHandler(2, 'Trying to access array offset on value of type null', 'C:\\xampp\\htdocs\\ci\\app\\Views\\buku\\detail.php', 10)
 2 SYSTEMPATH\View\View.php(226): include('C:\\xampp\\htdocs\\ci\\app\\Views\\buku\\detail.php')
 3 SYSTEMPATH\View\View.php(229): CodeIgniter\View\View->CodeIgniter\View\{closure}()
 4 SYSTEMPATH\Common.php(1167): CodeIgniter\View\View->render('buku/detail', [], true)
 5 APPPATH\Controllers\Buku.php(28): view('buku/detail', [...])
 6 SYSTEMPATH\CodeIgniter.php(933): App\Controllers\Buku->detail('ubah', '2')
 7 SYSTEMPATH\CodeIgniter.php(507): CodeIgniter\CodeIgniter->runController(Object(App\Controllers\Buku))
 8 SYSTEMPATH\CodeIgniter.php(354): CodeIgniter\CodeIgniter->handleRequest(null, Object(Config\Cache), false)
 9 SYSTEMPATH\Boot.php(363): CodeIgniter\CodeIgniter->run()
10 SYSTEMPATH\Boot.php(68): CodeIgniter\Boot::runCodeIgniter(Object(CodeIgniter\CodeIgniter))
11 FCPATH\index.php(59): CodeIgniter\Boot::bootWeb(Object(Config\Paths))
12 SYSTEMPATH\rewrite.php(44): require_once('C:\\xampp\\htdocs\\ci\\public\\index.php')
DEBUG - 2025-09-17 09:44:48 --> Session: Class initialized using 'CodeIgniter\Session\Handlers\FileHandler' driver.
CRITICAL - 2025-09-17 09:44:48 --> ErrorException: Trying to access array offset on value of type null
[Method: GET, Route: buku/ubah/2]
in APPPATH\Views\buku\detail.php on line 10.
 1 APPPATH\Views\buku\detail.php(10): CodeIgniter\Debug\Exceptions->errorHandler(2, 'Trying to access array offset on value of type null', 'C:\\xampp\\htdocs\\ci\\app\\Views\\buku\\detail.php', 10)
 2 SYSTEMPATH\View\View.php(226): include('C:\\xampp\\htdocs\\ci\\app\\Views\\buku\\detail.php')
 3 SYSTEMPATH\View\View.php(229): CodeIgniter\View\View->CodeIgniter\View\{closure}()
 4 SYSTEMPATH\Common.php(1167): CodeIgniter\View\View->render('buku/detail', [], true)
 5 APPPATH\Controllers\Buku.php(28): view('buku/detail', [...])
 6 SYSTEMPATH\CodeIgniter.php(933): App\Controllers\Buku->detail('ubah', '2')
 7 SYSTEMPATH\CodeIgniter.php(507): CodeIgniter\CodeIgniter->runController(Object(App\Controllers\Buku))
 8 SYSTEMPATH\CodeIgniter.php(354): CodeIgniter\CodeIgniter->handleRequest(null, Object(Config\Cache), false)
 9 SYSTEMPATH\Boot.php(363): CodeIgniter\CodeIgniter->run()
10 SYSTEMPATH\Boot.php(68): CodeIgniter\Boot::runCodeIgniter(Object(CodeIgniter\CodeIgniter))
11 FCPATH\index.php(59): CodeIgniter\Boot::bootWeb(Object(Config\Paths))
12 SYSTEMPATH\rewrite.php(44): require_once('C:\\xampp\\htdocs\\ci\\public\\index.php')
DEBUG - 2025-09-17 09:44:50 --> Session: Class initialized using 'CodeIgniter\Session\Handlers\FileHandler' driver.
CRITICAL - 2025-09-17 09:44:50 --> ErrorException: Trying to access array offset on value of type null
[Method: GET, Route: buku/ubah/2]
in APPPATH\Views\buku\detail.php on line 10.
 1 APPPATH\Views\buku\detail.php(10): CodeIgniter\Debug\Exceptions->errorHandler(2, 'Trying to access array offset on value of type null', 'C:\\xampp\\htdocs\\ci\\app\\Views\\buku\\detail.php', 10)
 2 SYSTEMPATH\View\View.php(226): include('C:\\xampp\\htdocs\\ci\\app\\Views\\buku\\detail.php')
 3 SYSTEMPATH\View\View.php(229): CodeIgniter\View\View->CodeIgniter\View\{closure}()
 4 SYSTEMPATH\Common.php(1167): CodeIgniter\View\View->render('buku/detail', [], true)
 5 APPPATH\Controllers\Buku.php(28): view('buku/detail', [...])
 6 SYSTEMPATH\CodeIgniter.php(933): App\Controllers\Buku->detail('ubah', '2')
 7 SYSTEMPATH\CodeIgniter.php(507): CodeIgniter\CodeIgniter->runController(Object(App\Controllers\Buku))
 8 SYSTEMPATH\CodeIgniter.php(354): CodeIgniter\CodeIgniter->handleRequest(null, Object(Config\Cache), false)
 9 SYSTEMPATH\Boot.php(363): CodeIgniter\CodeIgniter->run()
10 SYSTEMPATH\Boot.php(68): CodeIgniter\Boot::runCodeIgniter(Object(CodeIgniter\CodeIgniter))
11 FCPATH\index.php(59): CodeIgniter\Boot::bootWeb(Object(Config\Paths))
12 SYSTEMPATH\rewrite.php(44): require_once('C:\\xampp\\htdocs\\ci\\public\\index.php')
DEBUG - 2025-09-17 09:45:05 --> Session: Class initialized using 'CodeIgniter\Session\Handlers\FileHandler' driver.
DEBUG - 2025-09-17 09:45:10 --> Session: Class initialized using 'CodeIgniter\Session\Handlers\FileHandler' driver.
CRITICAL - 2025-09-17 09:45:10 --> ErrorException: Trying to access array offset on value of type null
[Method: GET, Route: buku/ubah/2]
in APPPATH\Views\buku\detail.php on line 10.
 1 APPPATH\Views\buku\detail.php(10): CodeIgniter\Debug\Exceptions->errorHandler(2, 'Trying to access array offset on value of type null', 'C:\\xampp\\htdocs\\ci\\app\\Views\\buku\\detail.php', 10)
 2 SYSTEMPATH\View\View.php(226): include('C:\\xampp\\htdocs\\ci\\app\\Views\\buku\\detail.php')
 3 SYSTEMPATH\View\View.php(229): CodeIgniter\View\View->CodeIgniter\View\{closure}()
 4 SYSTEMPATH\Common.php(1167): CodeIgniter\View\View->render('buku/detail', [], true)
 5 APPPATH\Controllers\Buku.php(28): view('buku/detail', [...])
 6 SYSTEMPATH\CodeIgniter.php(933): App\Controllers\Buku->detail('ubah', '2')
 7 SYSTEMPATH\CodeIgniter.php(507): CodeIgniter\CodeIgniter->runController(Object(App\Controllers\Buku))
 8 SYSTEMPATH\CodeIgniter.php(354): CodeIgniter\CodeIgniter->handleRequest(null, Object(Config\Cache), false)
 9 SYSTEMPATH\Boot.php(363): CodeIgniter\CodeIgniter->run()
10 SYSTEMPATH\Boot.php(68): CodeIgniter\Boot::runCodeIgniter(Object(CodeIgniter\CodeIgniter))
11 FCPATH\index.php(59): CodeIgniter\Boot::bootWeb(Object(Config\Paths))
12 SYSTEMPATH\rewrite.php(44): require_once('C:\\xampp\\htdocs\\ci\\public\\index.php')
DEBUG - 2025-09-17 09:45:11 --> Session: Class initialized using 'CodeIgniter\Session\Handlers\FileHandler' driver.
DEBUG - 2025-09-17 09:45:13 --> Session: Class initialized using 'CodeIgniter\Session\Handlers\FileHandler' driver.
CRITICAL - 2025-09-17 09:45:13 --> ErrorException: Trying to access array offset on value of type null
[Method: GET, Route: buku/ubah/2]
in APPPATH\Views\buku\detail.php on line 10.
 1 APPPATH\Views\buku\detail.php(10): CodeIgniter\Debug\Exceptions->errorHandler(2, 'Trying to access array offset on value of type null', 'C:\\xampp\\htdocs\\ci\\app\\Views\\buku\\detail.php', 10)
 2 SYSTEMPATH\View\View.php(226): include('C:\\xampp\\htdocs\\ci\\app\\Views\\buku\\detail.php')
 3 SYSTEMPATH\View\View.php(229): CodeIgniter\View\View->CodeIgniter\View\{closure}()
 4 SYSTEMPATH\Common.php(1167): CodeIgniter\View\View->render('buku/detail', [], true)
 5 APPPATH\Controllers\Buku.php(28): view('buku/detail', [...])
 6 SYSTEMPATH\CodeIgniter.php(933): App\Controllers\Buku->detail('ubah', '2')
 7 SYSTEMPATH\CodeIgniter.php(507): CodeIgniter\CodeIgniter->runController(Object(App\Controllers\Buku))
 8 SYSTEMPATH\CodeIgniter.php(354): CodeIgniter\CodeIgniter->handleRequest(null, Object(Config\Cache), false)
 9 SYSTEMPATH\Boot.php(363): CodeIgniter\CodeIgniter->run()
10 SYSTEMPATH\Boot.php(68): CodeIgniter\Boot::runCodeIgniter(Object(CodeIgniter\CodeIgniter))
11 FCPATH\index.php(59): CodeIgniter\Boot::bootWeb(Object(Config\Paths))
12 SYSTEMPATH\rewrite.php(44): require_once('C:\\xampp\\htdocs\\ci\\public\\index.php')
DEBUG - 2025-09-17 09:45:14 --> Session: Class initialized using 'CodeIgniter\Session\Handlers\FileHandler' driver.
DEBUG - 2025-09-17 09:45:16 --> Session: Class initialized using 'CodeIgniter\Session\Handlers\FileHandler' driver.
CRITICAL - 2025-09-17 09:45:16 --> ErrorException: Trying to access array offset on value of type null
[Method: GET, Route: buku/ubah/2]
in APPPATH\Views\buku\detail.php on line 10.
 1 APPPATH\Views\buku\detail.php(10): CodeIgniter\Debug\Exceptions->errorHandler(2, 'Trying to access array offset on value of type null', 'C:\\xampp\\htdocs\\ci\\app\\Views\\buku\\detail.php', 10)
 2 SYSTEMPATH\View\View.php(226): include('C:\\xampp\\htdocs\\ci\\app\\Views\\buku\\detail.php')
 3 SYSTEMPATH\View\View.php(229): CodeIgniter\View\View->CodeIgniter\View\{closure}()
 4 SYSTEMPATH\Common.php(1167): CodeIgniter\View\View->render('buku/detail', [], true)
 5 APPPATH\Controllers\Buku.php(28): view('buku/detail', [...])
 6 SYSTEMPATH\CodeIgniter.php(933): App\Controllers\Buku->detail('ubah', '2')
 7 SYSTEMPATH\CodeIgniter.php(507): CodeIgniter\CodeIgniter->runController(Object(App\Controllers\Buku))
 8 SYSTEMPATH\CodeIgniter.php(354): CodeIgniter\CodeIgniter->handleRequest(null, Object(Config\Cache), false)
 9 SYSTEMPATH\Boot.php(363): CodeIgniter\CodeIgniter->run()
10 SYSTEMPATH\Boot.php(68): CodeIgniter\Boot::runCodeIgniter(Object(CodeIgniter\CodeIgniter))
11 FCPATH\index.php(59): CodeIgniter\Boot::bootWeb(Object(Config\Paths))
12 SYSTEMPATH\rewrite.php(44): require_once('C:\\xampp\\htdocs\\ci\\public\\index.php')
DEBUG - 2025-09-17 09:46:37 --> Session: Class initialized using 'CodeIgniter\Session\Handlers\FileHandler' driver.
CRITICAL - 2025-09-17 09:46:37 --> ErrorException: Trying to access array offset on value of type null
[Method: GET, Route: buku/ubah/2]
in APPPATH\Views\buku\detail.php on line 10.
 1 APPPATH\Views\buku\detail.php(10): CodeIgniter\Debug\Exceptions->errorHandler(2, 'Trying to access array offset on value of type null', 'C:\\xampp\\htdocs\\ci\\app\\Views\\buku\\detail.php', 10)
 2 SYSTEMPATH\View\View.php(226): include('C:\\xampp\\htdocs\\ci\\app\\Views\\buku\\detail.php')
 3 SYSTEMPATH\View\View.php(229): CodeIgniter\View\View->CodeIgniter\View\{closure}()
 4 SYSTEMPATH\Common.php(1167): CodeIgniter\View\View->render('buku/detail', [], true)
 5 APPPATH\Controllers\Buku.php(28): view('buku/detail', [...])
 6 SYSTEMPATH\CodeIgniter.php(933): App\Controllers\Buku->detail('ubah', '2')
 7 SYSTEMPATH\CodeIgniter.php(507): CodeIgniter\CodeIgniter->runController(Object(App\Controllers\Buku))
 8 SYSTEMPATH\CodeIgniter.php(354): CodeIgniter\CodeIgniter->handleRequest(null, Object(Config\Cache), false)
 9 SYSTEMPATH\Boot.php(363): CodeIgniter\CodeIgniter->run()
10 SYSTEMPATH\Boot.php(68): CodeIgniter\Boot::runCodeIgniter(Object(CodeIgniter\CodeIgniter))
11 FCPATH\index.php(59): CodeIgniter\Boot::bootWeb(Object(Config\Paths))
12 SYSTEMPATH\rewrite.php(44): require_once('C:\\xampp\\htdocs\\ci\\public\\index.php')
DEBUG - 2025-09-17 09:46:37 --> Session: Class initialized using 'CodeIgniter\Session\Handlers\FileHandler' driver.
CRITICAL - 2025-09-17 09:46:37 --> ErrorException: Trying to access array offset on value of type null
[Method: GET, Route: buku/ubah/2]
in APPPATH\Views\buku\detail.php on line 10.
 1 APPPATH\Views\buku\detail.php(10): CodeIgniter\Debug\Exceptions->errorHandler(2, 'Trying to access array offset on value of type null', 'C:\\xampp\\htdocs\\ci\\app\\Views\\buku\\detail.php', 10)
 2 SYSTEMPATH\View\View.php(226): include('C:\\xampp\\htdocs\\ci\\app\\Views\\buku\\detail.php')
 3 SYSTEMPATH\View\View.php(229): CodeIgniter\View\View->CodeIgniter\View\{closure}()
 4 SYSTEMPATH\Common.php(1167): CodeIgniter\View\View->render('buku/detail', [], true)
 5 APPPATH\Controllers\Buku.php(28): view('buku/detail', [...])
 6 SYSTEMPATH\CodeIgniter.php(933): App\Controllers\Buku->detail('ubah', '2')
 7 SYSTEMPATH\CodeIgniter.php(507): CodeIgniter\CodeIgniter->runController(Object(App\Controllers\Buku))
 8 SYSTEMPATH\CodeIgniter.php(354): CodeIgniter\CodeIgniter->handleRequest(null, Object(Config\Cache), false)
 9 SYSTEMPATH\Boot.php(363): CodeIgniter\CodeIgniter->run()
10 SYSTEMPATH\Boot.php(68): CodeIgniter\Boot::runCodeIgniter(Object(CodeIgniter\CodeIgniter))
11 FCPATH\index.php(59): CodeIgniter\Boot::bootWeb(Object(Config\Paths))
12 SYSTEMPATH\rewrite.php(44): require_once('C:\\xampp\\htdocs\\ci\\public\\index.php')
DEBUG - 2025-09-17 09:46:47 --> Session: Class initialized using 'CodeIgniter\Session\Handlers\FileHandler' driver.
CRITICAL - 2025-09-17 09:46:47 --> ErrorException: Trying to access array offset on value of type null
[Method: GET, Route: buku/ubah/2]
in APPPATH\Views\buku\detail.php on line 10.
 1 APPPATH\Views\buku\detail.php(10): CodeIgniter\Debug\Exceptions->errorHandler(2, 'Trying to access array offset on value of type null', 'C:\\xampp\\htdocs\\ci\\app\\Views\\buku\\detail.php', 10)
 2 SYSTEMPATH\View\View.php(226): include('C:\\xampp\\htdocs\\ci\\app\\Views\\buku\\detail.php')
 3 SYSTEMPATH\View\View.php(229): CodeIgniter\View\View->CodeIgniter\View\{closure}()
 4 SYSTEMPATH\Common.php(1167): CodeIgniter\View\View->render('buku/detail', [], true)
 5 APPPATH\Controllers\Buku.php(28): view('buku/detail', [...])
 6 SYSTEMPATH\CodeIgniter.php(933): App\Controllers\Buku->detail('ubah', '2')
 7 SYSTEMPATH\CodeIgniter.php(507): CodeIgniter\CodeIgniter->runController(Object(App\Controllers\Buku))
 8 SYSTEMPATH\CodeIgniter.php(354): CodeIgniter\CodeIgniter->handleRequest(null, Object(Config\Cache), false)
 9 SYSTEMPATH\Boot.php(363): CodeIgniter\CodeIgniter->run()
10 SYSTEMPATH\Boot.php(68): CodeIgniter\Boot::runCodeIgniter(Object(CodeIgniter\CodeIgniter))
11 FCPATH\index.php(59): CodeIgniter\Boot::bootWeb(Object(Config\Paths))
12 SYSTEMPATH\rewrite.php(44): require_once('C:\\xampp\\htdocs\\ci\\public\\index.php')
DEBUG - 2025-09-17 09:46:47 --> Session: Class initialized using 'CodeIgniter\Session\Handlers\FileHandler' driver.
DEBUG - 2025-09-17 09:46:48 --> Session: Class initialized using 'CodeIgniter\Session\Handlers\FileHandler' driver.
CRITICAL - 2025-09-17 09:46:48 --> ErrorException: Trying to access array offset on value of type null
[Method: GET, Route: buku/ubah/2]
in APPPATH\Views\buku\detail.php on line 10.
 1 APPPATH\Views\buku\detail.php(10): CodeIgniter\Debug\Exceptions->errorHandler(2, 'Trying to access array offset on value of type null', 'C:\\xampp\\htdocs\\ci\\app\\Views\\buku\\detail.php', 10)
 2 SYSTEMPATH\View\View.php(226): include('C:\\xampp\\htdocs\\ci\\app\\Views\\buku\\detail.php')
 3 SYSTEMPATH\View\View.php(229): CodeIgniter\View\View->CodeIgniter\View\{closure}()
 4 SYSTEMPATH\Common.php(1167): CodeIgniter\View\View->render('buku/detail', [], true)
 5 APPPATH\Controllers\Buku.php(28): view('buku/detail', [...])
 6 SYSTEMPATH\CodeIgniter.php(933): App\Controllers\Buku->detail('ubah', '2')
 7 SYSTEMPATH\CodeIgniter.php(507): CodeIgniter\CodeIgniter->runController(Object(App\Controllers\Buku))
 8 SYSTEMPATH\CodeIgniter.php(354): CodeIgniter\CodeIgniter->handleRequest(null, Object(Config\Cache), false)
 9 SYSTEMPATH\Boot.php(363): CodeIgniter\CodeIgniter->run()
10 SYSTEMPATH\Boot.php(68): CodeIgniter\Boot::runCodeIgniter(Object(CodeIgniter\CodeIgniter))
11 FCPATH\index.php(59): CodeIgniter\Boot::bootWeb(Object(Config\Paths))
12 SYSTEMPATH\rewrite.php(44): require_once('C:\\xampp\\htdocs\\ci\\public\\index.php')
DEBUG - 2025-09-17 09:46:51 --> Session: Class initialized using 'CodeIgniter\Session\Handlers\FileHandler' driver.
CRITICAL - 2025-09-17 09:46:51 --> ErrorException: Trying to access array offset on value of type null
[Method: GET, Route: buku/ubah/2]
in APPPATH\Views\buku\detail.php on line 10.
 1 APPPATH\Views\buku\detail.php(10): CodeIgniter\Debug\Exceptions->errorHandler(2, 'Trying to access array offset on value of type null', 'C:\\xampp\\htdocs\\ci\\app\\Views\\buku\\detail.php', 10)
 2 SYSTEMPATH\View\View.php(226): include('C:\\xampp\\htdocs\\ci\\app\\Views\\buku\\detail.php')
 3 SYSTEMPATH\View\View.php(229): CodeIgniter\View\View->CodeIgniter\View\{closure}()
 4 SYSTEMPATH\Common.php(1167): CodeIgniter\View\View->render('buku/detail', [], true)
 5 APPPATH\Controllers\Buku.php(28): view('buku/detail', [...])
 6 SYSTEMPATH\CodeIgniter.php(933): App\Controllers\Buku->detail('ubah', '2')
 7 SYSTEMPATH\CodeIgniter.php(507): CodeIgniter\CodeIgniter->runController(Object(App\Controllers\Buku))
 8 SYSTEMPATH\CodeIgniter.php(354): CodeIgniter\CodeIgniter->handleRequest(null, Object(Config\Cache), false)
 9 SYSTEMPATH\Boot.php(363): CodeIgniter\CodeIgniter->run()
10 SYSTEMPATH\Boot.php(68): CodeIgniter\Boot::runCodeIgniter(Object(CodeIgniter\CodeIgniter))
11 FCPATH\index.php(59): CodeIgniter\Boot::bootWeb(Object(Config\Paths))
12 SYSTEMPATH\rewrite.php(44): require_once('C:\\xampp\\htdocs\\ci\\public\\index.php')
DEBUG - 2025-09-17 09:47:24 --> Session: Class initialized using 'CodeIgniter\Session\Handlers\FileHandler' driver.
CRITICAL - 2025-09-17 09:47:24 --> ErrorException: Trying to access array offset on value of type null
[Method: GET, Route: buku/ubah/2]
in APPPATH\Views\buku\detail.php on line 10.
 1 APPPATH\Views\buku\detail.php(10): CodeIgniter\Debug\Exceptions->errorHandler(2, 'Trying to access array offset on value of type null', 'C:\\xampp\\htdocs\\ci\\app\\Views\\buku\\detail.php', 10)
 2 SYSTEMPATH\View\View.php(226): include('C:\\xampp\\htdocs\\ci\\app\\Views\\buku\\detail.php')
 3 SYSTEMPATH\View\View.php(229): CodeIgniter\View\View->CodeIgniter\View\{closure}()
 4 SYSTEMPATH\Common.php(1167): CodeIgniter\View\View->render('buku/detail', [], true)
 5 APPPATH\Controllers\Buku.php(28): view('buku/detail', [...])
 6 SYSTEMPATH\CodeIgniter.php(933): App\Controllers\Buku->detail('ubah', '2')
 7 SYSTEMPATH\CodeIgniter.php(507): CodeIgniter\CodeIgniter->runController(Object(App\Controllers\Buku))
 8 SYSTEMPATH\CodeIgniter.php(354): CodeIgniter\CodeIgniter->handleRequest(null, Object(Config\Cache), false)
 9 SYSTEMPATH\Boot.php(363): CodeIgniter\CodeIgniter->run()
10 SYSTEMPATH\Boot.php(68): CodeIgniter\Boot::runCodeIgniter(Object(CodeIgniter\CodeIgniter))
11 FCPATH\index.php(59): CodeIgniter\Boot::bootWeb(Object(Config\Paths))
12 SYSTEMPATH\rewrite.php(44): require_once('C:\\xampp\\htdocs\\ci\\public\\index.php')
DEBUG - 2025-09-17 09:49:28 --> Session: Class initialized using 'CodeIgniter\Session\Handlers\FileHandler' driver.
DEBUG - 2025-09-17 09:49:30 --> Session: Class initialized using 'CodeIgniter\Session\Handlers\FileHandler' driver.
DEBUG - 2025-09-17 09:49:33 --> Session: Class initialized using 'CodeIgniter\Session\Handlers\FileHandler' driver.
DEBUG - 2025-09-17 09:49:34 --> Session: Class initialized using 'CodeIgniter\Session\Handlers\FileHandler' driver.
CRITICAL - 2025-09-17 09:49:34 --> ErrorException: Trying to access array offset on value of type null
[Method: GET, Route: buku/ubah/7]
in APPPATH\Views\buku\detail.php on line 10.
 1 APPPATH\Views\buku\detail.php(10): CodeIgniter\Debug\Exceptions->errorHandler(2, 'Trying to access array offset on value of type null', 'C:\\xampp\\htdocs\\ci\\app\\Views\\buku\\detail.php', 10)
 2 SYSTEMPATH\View\View.php(226): include('C:\\xampp\\htdocs\\ci\\app\\Views\\buku\\detail.php')
 3 SYSTEMPATH\View\View.php(229): CodeIgniter\View\View->CodeIgniter\View\{closure}()
 4 SYSTEMPATH\Common.php(1167): CodeIgniter\View\View->render('buku/detail', [], true)
 5 APPPATH\Controllers\Buku.php(28): view('buku/detail', [...])
 6 SYSTEMPATH\CodeIgniter.php(933): App\Controllers\Buku->detail('ubah', '7')
 7 SYSTEMPATH\CodeIgniter.php(507): CodeIgniter\CodeIgniter->runController(Object(App\Controllers\Buku))
 8 SYSTEMPATH\CodeIgniter.php(354): CodeIgniter\CodeIgniter->handleRequest(null, Object(Config\Cache), false)
 9 SYSTEMPATH\Boot.php(363): CodeIgniter\CodeIgniter->run()
10 SYSTEMPATH\Boot.php(68): CodeIgniter\Boot::runCodeIgniter(Object(CodeIgniter\CodeIgniter))
11 FCPATH\index.php(59): CodeIgniter\Boot::bootWeb(Object(Config\Paths))
12 SYSTEMPATH\rewrite.php(44): require_once('C:\\xampp\\htdocs\\ci\\public\\index.php')
DEBUG - 2025-09-17 09:49:35 --> Session: Class initialized using 'CodeIgniter\Session\Handlers\FileHandler' driver.
DEBUG - 2025-09-17 09:49:37 --> Session: Class initialized using 'CodeIgniter\Session\Handlers\FileHandler' driver.
DEBUG - 2025-09-17 09:50:16 --> Session: Class initialized using 'CodeIgniter\Session\Handlers\FileHandler' driver.
DEBUG - 2025-09-17 09:50:17 --> Session: Class initialized using 'CodeIgniter\Session\Handlers\FileHandler' driver.
DEBUG - 2025-09-17 09:50:18 --> Session: Class initialized using 'CodeIgniter\Session\Handlers\FileHandler' driver.
CRITICAL - 2025-09-17 09:50:18 --> ErrorException: Trying to access array offset on value of type null
[Method: GET, Route: buku/ubah/5]
in APPPATH\Views\buku\detail.php on line 10.
 1 APPPATH\Views\buku\detail.php(10): CodeIgniter\Debug\Exceptions->errorHandler(2, 'Trying to access array offset on value of type null', 'C:\\xampp\\htdocs\\ci\\app\\Views\\buku\\detail.php', 10)
 2 SYSTEMPATH\View\View.php(226): include('C:\\xampp\\htdocs\\ci\\app\\Views\\buku\\detail.php')
 3 SYSTEMPATH\View\View.php(229): CodeIgniter\View\View->CodeIgniter\View\{closure}()
 4 SYSTEMPATH\Common.php(1167): CodeIgniter\View\View->render('buku/detail', [], true)
 5 APPPATH\Controllers\Buku.php(28): view('buku/detail', [...])
 6 SYSTEMPATH\CodeIgniter.php(933): App\Controllers\Buku->detail('ubah', '5')
 7 SYSTEMPATH\CodeIgniter.php(507): CodeIgniter\CodeIgniter->runController(Object(App\Controllers\Buku))
 8 SYSTEMPATH\CodeIgniter.php(354): CodeIgniter\CodeIgniter->handleRequest(null, Object(Config\Cache), false)
 9 SYSTEMPATH\Boot.php(363): CodeIgniter\CodeIgniter->run()
10 SYSTEMPATH\Boot.php(68): CodeIgniter\Boot::runCodeIgniter(Object(CodeIgniter\CodeIgniter))
11 FCPATH\index.php(59): CodeIgniter\Boot::bootWeb(Object(Config\Paths))
12 SYSTEMPATH\rewrite.php(44): require_once('C:\\xampp\\htdocs\\ci\\public\\index.php')
DEBUG - 2025-09-17 09:52:32 --> Session: Class initialized using 'CodeIgniter\Session\Handlers\FileHandler' driver.
CRITICAL - 2025-09-17 09:52:32 --> ErrorException: Trying to access array offset on value of type null
[Method: GET, Route: buku/ubah/5]
in APPPATH\Views\buku\detail.php on line 10.
 1 APPPATH\Views\buku\detail.php(10): CodeIgniter\Debug\Exceptions->errorHandler(2, 'Trying to access array offset on value of type null', 'C:\\xampp\\htdocs\\ci\\app\\Views\\buku\\detail.php', 10)
 2 SYSTEMPATH\View\View.php(226): include('C:\\xampp\\htdocs\\ci\\app\\Views\\buku\\detail.php')
 3 SYSTEMPATH\View\View.php(229): CodeIgniter\View\View->CodeIgniter\View\{closure}()
 4 SYSTEMPATH\Common.php(1167): CodeIgniter\View\View->render('buku/detail', [], true)
 5 APPPATH\Controllers\Buku.php(28): view('buku/detail', [...])
 6 SYSTEMPATH\CodeIgniter.php(933): App\Controllers\Buku->detail('ubah', '5')
 7 SYSTEMPATH\CodeIgniter.php(507): CodeIgniter\CodeIgniter->runController(Object(App\Controllers\Buku))
 8 SYSTEMPATH\CodeIgniter.php(354): CodeIgniter\CodeIgniter->handleRequest(null, Object(Config\Cache), false)
 9 SYSTEMPATH\Boot.php(363): CodeIgniter\CodeIgniter->run()
10 SYSTEMPATH\Boot.php(68): CodeIgniter\Boot::runCodeIgniter(Object(CodeIgniter\CodeIgniter))
11 FCPATH\index.php(59): CodeIgniter\Boot::bootWeb(Object(Config\Paths))
12 SYSTEMPATH\rewrite.php(44): require_once('C:\\xampp\\htdocs\\ci\\public\\index.php')
DEBUG - 2025-09-17 09:52:33 --> Session: Class initialized using 'CodeIgniter\Session\Handlers\FileHandler' driver.
DEBUG - 2025-09-17 09:52:34 --> Session: Class initialized using 'CodeIgniter\Session\Handlers\FileHandler' driver.
CRITICAL - 2025-09-17 09:52:34 --> ErrorException: Trying to access array offset on value of type null
[Method: GET, Route: buku/ubah/5]
in APPPATH\Views\buku\detail.php on line 10.
 1 APPPATH\Views\buku\detail.php(10): CodeIgniter\Debug\Exceptions->errorHandler(2, 'Trying to access array offset on value of type null', 'C:\\xampp\\htdocs\\ci\\app\\Views\\buku\\detail.php', 10)
 2 SYSTEMPATH\View\View.php(226): include('C:\\xampp\\htdocs\\ci\\app\\Views\\buku\\detail.php')
 3 SYSTEMPATH\View\View.php(229): CodeIgniter\View\View->CodeIgniter\View\{closure}()
 4 SYSTEMPATH\Common.php(1167): CodeIgniter\View\View->render('buku/detail', [], true)
 5 APPPATH\Controllers\Buku.php(28): view('buku/detail', [...])
 6 SYSTEMPATH\CodeIgniter.php(933): App\Controllers\Buku->detail('ubah', '5')
 7 SYSTEMPATH\CodeIgniter.php(507): CodeIgniter\CodeIgniter->runController(Object(App\Controllers\Buku))
 8 SYSTEMPATH\CodeIgniter.php(354): CodeIgniter\CodeIgniter->handleRequest(null, Object(Config\Cache), false)
 9 SYSTEMPATH\Boot.php(363): CodeIgniter\CodeIgniter->run()
10 SYSTEMPATH\Boot.php(68): CodeIgniter\Boot::runCodeIgniter(Object(CodeIgniter\CodeIgniter))
11 FCPATH\index.php(59): CodeIgniter\Boot::bootWeb(Object(Config\Paths))
12 SYSTEMPATH\rewrite.php(44): require_once('C:\\xampp\\htdocs\\ci\\public\\index.php')
DEBUG - 2025-09-17 09:55:39 --> Session: Class initialized using 'CodeIgniter\Session\Handlers\FileHandler' driver.
CRITICAL - 2025-09-17 09:55:39 --> ErrorException: Trying to access array offset on value of type null
[Method: GET, Route: buku/ubah/5]
in APPPATH\Views\buku\detail.php on line 10.
 1 APPPATH\Views\buku\detail.php(10): CodeIgniter\Debug\Exceptions->errorHandler(2, 'Trying to access array offset on value of type null', 'C:\\xampp\\htdocs\\ci\\app\\Views\\buku\\detail.php', 10)
 2 SYSTEMPATH\View\View.php(226): include('C:\\xampp\\htdocs\\ci\\app\\Views\\buku\\detail.php')
 3 SYSTEMPATH\View\View.php(229): CodeIgniter\View\View->CodeIgniter\View\{closure}()
 4 SYSTEMPATH\Common.php(1167): CodeIgniter\View\View->render('buku/detail', [], true)
 5 APPPATH\Controllers\Buku.php(28): view('buku/detail', [...])
 6 SYSTEMPATH\CodeIgniter.php(933): App\Controllers\Buku->detail('ubah', '5')
 7 SYSTEMPATH\CodeIgniter.php(507): CodeIgniter\CodeIgniter->runController(Object(App\Controllers\Buku))
 8 SYSTEMPATH\CodeIgniter.php(354): CodeIgniter\CodeIgniter->handleRequest(null, Object(Config\Cache), false)
 9 SYSTEMPATH\Boot.php(363): CodeIgniter\CodeIgniter->run()
10 SYSTEMPATH\Boot.php(68): CodeIgniter\Boot::runCodeIgniter(Object(CodeIgniter\CodeIgniter))
11 FCPATH\index.php(59): CodeIgniter\Boot::bootWeb(Object(Config\Paths))
12 SYSTEMPATH\rewrite.php(44): require_once('C:\\xampp\\htdocs\\ci\\public\\index.php')
DEBUG - 2025-09-17 09:56:32 --> Session: Class initialized using 'CodeIgniter\Session\Handlers\FileHandler' driver.
DEBUG - 2025-09-17 09:56:34 --> Session: Class initialized using 'CodeIgniter\Session\Handlers\FileHandler' driver.
DEBUG - 2025-09-17 09:58:27 --> Session: Class initialized using 'CodeIgniter\Session\Handlers\FileHandler' driver.
DEBUG - 2025-09-17 09:58:28 --> Session: Class initialized using 'CodeIgniter\Session\Handlers\FileHandler' driver.
CRITICAL - 2025-09-17 09:58:28 --> ErrorException: Trying to access array offset on value of type null
[Method: GET, Route: buku/ubah/1]
in APPPATH\Views\buku\detail.php on line 10.
 1 APPPATH\Views\buku\detail.php(10): CodeIgniter\Debug\Exceptions->errorHandler(2, 'Trying to access array offset on value of type null', 'C:\\xampp\\htdocs\\ci\\app\\Views\\buku\\detail.php', 10)
 2 SYSTEMPATH\View\View.php(226): include('C:\\xampp\\htdocs\\ci\\app\\Views\\buku\\detail.php')
 3 SYSTEMPATH\View\View.php(229): CodeIgniter\View\View->CodeIgniter\View\{closure}()
 4 SYSTEMPATH\Common.php(1167): CodeIgniter\View\View->render('buku/detail', [], true)
 5 APPPATH\Controllers\Buku.php(28): view('buku/detail', [...])
 6 SYSTEMPATH\CodeIgniter.php(933): App\Controllers\Buku->detail('ubah', '1')
 7 SYSTEMPATH\CodeIgniter.php(507): CodeIgniter\CodeIgniter->runController(Object(App\Controllers\Buku))
 8 SYSTEMPATH\CodeIgniter.php(354): CodeIgniter\CodeIgniter->handleRequest(null, Object(Config\Cache), false)
 9 SYSTEMPATH\Boot.php(363): CodeIgniter\CodeIgniter->run()
10 SYSTEMPATH\Boot.php(68): CodeIgniter\Boot::runCodeIgniter(Object(CodeIgniter\CodeIgniter))
11 FCPATH\index.php(59): CodeIgniter\Boot::bootWeb(Object(Config\Paths))
12 SYSTEMPATH\rewrite.php(44): require_once('C:\\xampp\\htdocs\\ci\\public\\index.php')
DEBUG - 2025-09-17 09:58:49 --> Session: Class initialized using 'CodeIgniter\Session\Handlers\FileHandler' driver.
CRITICAL - 2025-09-17 09:58:49 --> ErrorException: Trying to access array offset on value of type null
[Method: GET, Route: buku/ubah/1]
in APPPATH\Views\buku\detail.php on line 10.
 1 APPPATH\Views\buku\detail.php(10): CodeIgniter\Debug\Exceptions->errorHandler(2, 'Trying to access array offset on value of type null', 'C:\\xampp\\htdocs\\ci\\app\\Views\\buku\\detail.php', 10)
 2 SYSTEMPATH\View\View.php(226): include('C:\\xampp\\htdocs\\ci\\app\\Views\\buku\\detail.php')
 3 SYSTEMPATH\View\View.php(229): CodeIgniter\View\View->CodeIgniter\View\{closure}()
 4 SYSTEMPATH\Common.php(1167): CodeIgniter\View\View->render('buku/detail', [], true)
 5 APPPATH\Controllers\Buku.php(28): view('buku/detail', [...])
 6 SYSTEMPATH\CodeIgniter.php(933): App\Controllers\Buku->detail('ubah', '1')
 7 SYSTEMPATH\CodeIgniter.php(507): CodeIgniter\CodeIgniter->runController(Object(App\Controllers\Buku))
 8 SYSTEMPATH\CodeIgniter.php(354): CodeIgniter\CodeIgniter->handleRequest(null, Object(Config\Cache), false)
 9 SYSTEMPATH\Boot.php(363): CodeIgniter\CodeIgniter->run()
10 SYSTEMPATH\Boot.php(68): CodeIgniter\Boot::runCodeIgniter(Object(CodeIgniter\CodeIgniter))
11 FCPATH\index.php(59): CodeIgniter\Boot::bootWeb(Object(Config\Paths))
12 SYSTEMPATH\rewrite.php(44): require_once('C:\\xampp\\htdocs\\ci\\public\\index.php')
DEBUG - 2025-09-17 09:58:53 --> Session: Class initialized using 'CodeIgniter\Session\Handlers\FileHandler' driver.
CRITICAL - 2025-09-17 09:58:53 --> ErrorException: Trying to access array offset on value of type null
[Method: GET, Route: buku/ubah/1]
in APPPATH\Views\buku\detail.php on line 10.
 1 APPPATH\Views\buku\detail.php(10): CodeIgniter\Debug\Exceptions->errorHandler(2, 'Trying to access array offset on value of type null', 'C:\\xampp\\htdocs\\ci\\app\\Views\\buku\\detail.php', 10)
 2 SYSTEMPATH\View\View.php(226): include('C:\\xampp\\htdocs\\ci\\app\\Views\\buku\\detail.php')
 3 SYSTEMPATH\View\View.php(229): CodeIgniter\View\View->CodeIgniter\View\{closure}()
 4 SYSTEMPATH\Common.php(1167): CodeIgniter\View\View->render('buku/detail', [], true)
 5 APPPATH\Controllers\Buku.php(28): view('buku/detail', [...])
 6 SYSTEMPATH\CodeIgniter.php(933): App\Controllers\Buku->detail('ubah', '1')
 7 SYSTEMPATH\CodeIgniter.php(507): CodeIgniter\CodeIgniter->runController(Object(App\Controllers\Buku))
 8 SYSTEMPATH\CodeIgniter.php(354): CodeIgniter\CodeIgniter->handleRequest(null, Object(Config\Cache), false)
 9 SYSTEMPATH\Boot.php(363): CodeIgniter\CodeIgniter->run()
10 SYSTEMPATH\Boot.php(68): CodeIgniter\Boot::runCodeIgniter(Object(CodeIgniter\CodeIgniter))
11 FCPATH\index.php(59): CodeIgniter\Boot::bootWeb(Object(Config\Paths))
12 SYSTEMPATH\rewrite.php(44): require_once('C:\\xampp\\htdocs\\ci\\public\\index.php')
DEBUG - 2025-09-17 09:59:17 --> Session: Class initialized using 'CodeIgniter\Session\Handlers\FileHandler' driver.
CRITICAL - 2025-09-17 09:59:17 --> ErrorException: Trying to access array offset on value of type null
[Method: GET, Route: buku/ubah/1]
in APPPATH\Views\buku\detail.php on line 10.
 1 APPPATH\Views\buku\detail.php(10): CodeIgniter\Debug\Exceptions->errorHandler(2, 'Trying to access array offset on value of type null', 'C:\\xampp\\htdocs\\ci\\app\\Views\\buku\\detail.php', 10)
 2 SYSTEMPATH\View\View.php(226): include('C:\\xampp\\htdocs\\ci\\app\\Views\\buku\\detail.php')
 3 SYSTEMPATH\View\View.php(229): CodeIgniter\View\View->CodeIgniter\View\{closure}()
 4 SYSTEMPATH\Common.php(1167): CodeIgniter\View\View->render('buku/detail', [], true)
 5 APPPATH\Controllers\Buku.php(28): view('buku/detail', [...])
 6 SYSTEMPATH\CodeIgniter.php(933): App\Controllers\Buku->detail('ubah', '1')
 7 SYSTEMPATH\CodeIgniter.php(507): CodeIgniter\CodeIgniter->runController(Object(App\Controllers\Buku))
 8 SYSTEMPATH\CodeIgniter.php(354): CodeIgniter\CodeIgniter->handleRequest(null, Object(Config\Cache), false)
 9 SYSTEMPATH\Boot.php(363): CodeIgniter\CodeIgniter->run()
10 SYSTEMPATH\Boot.php(68): CodeIgniter\Boot::runCodeIgniter(Object(CodeIgniter\CodeIgniter))
11 FCPATH\index.php(59): CodeIgniter\Boot::bootWeb(Object(Config\Paths))
12 SYSTEMPATH\rewrite.php(44): require_once('C:\\xampp\\htdocs\\ci\\public\\index.php')
DEBUG - 2025-09-17 09:59:40 --> Session: Class initialized using 'CodeIgniter\Session\Handlers\FileHandler' driver.
DEBUG - 2025-09-17 09:59:41 --> Session: Class initialized using 'CodeIgniter\Session\Handlers\FileHandler' driver.
DEBUG - 2025-09-17 10:00:59 --> Session: Class initialized using 'CodeIgniter\Session\Handlers\FileHandler' driver.
CRITICAL - 2025-09-17 10:00:59 --> ErrorException: Trying to access array offset on value of type null
[Method: GET, Route: buku/ubah/1]
in APPPATH\Views\buku\detail.php on line 10.
 1 APPPATH\Views\buku\detail.php(10): CodeIgniter\Debug\Exceptions->errorHandler(2, 'Trying to access array offset on value of type null', 'C:\\xampp\\htdocs\\ci\\app\\Views\\buku\\detail.php', 10)
 2 SYSTEMPATH\View\View.php(226): include('C:\\xampp\\htdocs\\ci\\app\\Views\\buku\\detail.php')
 3 SYSTEMPATH\View\View.php(229): CodeIgniter\View\View->CodeIgniter\View\{closure}()
 4 SYSTEMPATH\Common.php(1167): CodeIgniter\View\View->render('buku/detail', [], true)
 5 APPPATH\Controllers\Buku.php(28): view('buku/detail', [...])
 6 SYSTEMPATH\CodeIgniter.php(933): App\Controllers\Buku->detail('ubah', '1')
 7 SYSTEMPATH\CodeIgniter.php(507): CodeIgniter\CodeIgniter->runController(Object(App\Controllers\Buku))
 8 SYSTEMPATH\CodeIgniter.php(354): CodeIgniter\CodeIgniter->handleRequest(null, Object(Config\Cache), false)
 9 SYSTEMPATH\Boot.php(363): CodeIgniter\CodeIgniter->run()
10 SYSTEMPATH\Boot.php(68): CodeIgniter\Boot::runCodeIgniter(Object(CodeIgniter\CodeIgniter))
11 FCPATH\index.php(59): CodeIgniter\Boot::bootWeb(Object(Config\Paths))
12 SYSTEMPATH\rewrite.php(44): require_once('C:\\xampp\\htdocs\\ci\\public\\index.php')
DEBUG - 2025-09-17 10:01:01 --> Session: Class initialized using 'CodeIgniter\Session\Handlers\FileHandler' driver.
CRITICAL - 2025-09-17 10:01:01 --> ErrorException: Trying to access array offset on value of type null
[Method: GET, Route: buku/ubah/1]
in APPPATH\Views\buku\detail.php on line 10.
 1 APPPATH\Views\buku\detail.php(10): CodeIgniter\Debug\Exceptions->errorHandler(2, 'Trying to access array offset on value of type null', 'C:\\xampp\\htdocs\\ci\\app\\Views\\buku\\detail.php', 10)
 2 SYSTEMPATH\View\View.php(226): include('C:\\xampp\\htdocs\\ci\\app\\Views\\buku\\detail.php')
 3 SYSTEMPATH\View\View.php(229): CodeIgniter\View\View->CodeIgniter\View\{closure}()
 4 SYSTEMPATH\Common.php(1167): CodeIgniter\View\View->render('buku/detail', [], true)
 5 APPPATH\Controllers\Buku.php(28): view('buku/detail', [...])
 6 SYSTEMPATH\CodeIgniter.php(933): App\Controllers\Buku->detail('ubah', '1')
 7 SYSTEMPATH\CodeIgniter.php(507): CodeIgniter\CodeIgniter->runController(Object(App\Controllers\Buku))
 8 SYSTEMPATH\CodeIgniter.php(354): CodeIgniter\CodeIgniter->handleRequest(null, Object(Config\Cache), false)
 9 SYSTEMPATH\Boot.php(363): CodeIgniter\CodeIgniter->run()
10 SYSTEMPATH\Boot.php(68): CodeIgniter\Boot::runCodeIgniter(Object(CodeIgniter\CodeIgniter))
11 FCPATH\index.php(59): CodeIgniter\Boot::bootWeb(Object(Config\Paths))
12 SYSTEMPATH\rewrite.php(44): require_once('C:\\xampp\\htdocs\\ci\\public\\index.php')
DEBUG - 2025-09-17 10:01:01 --> Session: Class initialized using 'CodeIgniter\Session\Handlers\FileHandler' driver.
CRITICAL - 2025-09-17 10:01:01 --> ErrorException: Trying to access array offset on value of type null
[Method: GET, Route: buku/ubah/1]
in APPPATH\Views\buku\detail.php on line 10.
 1 APPPATH\Views\buku\detail.php(10): CodeIgniter\Debug\Exceptions->errorHandler(2, 'Trying to access array offset on value of type null', 'C:\\xampp\\htdocs\\ci\\app\\Views\\buku\\detail.php', 10)
 2 SYSTEMPATH\View\View.php(226): include('C:\\xampp\\htdocs\\ci\\app\\Views\\buku\\detail.php')
 3 SYSTEMPATH\View\View.php(229): CodeIgniter\View\View->CodeIgniter\View\{closure}()
 4 SYSTEMPATH\Common.php(1167): CodeIgniter\View\View->render('buku/detail', [], true)
 5 APPPATH\Controllers\Buku.php(28): view('buku/detail', [...])
 6 SYSTEMPATH\CodeIgniter.php(933): App\Controllers\Buku->detail('ubah', '1')
 7 SYSTEMPATH\CodeIgniter.php(507): CodeIgniter\CodeIgniter->runController(Object(App\Controllers\Buku))
 8 SYSTEMPATH\CodeIgniter.php(354): CodeIgniter\CodeIgniter->handleRequest(null, Object(Config\Cache), false)
 9 SYSTEMPATH\Boot.php(363): CodeIgniter\CodeIgniter->run()
10 SYSTEMPATH\Boot.php(68): CodeIgniter\Boot::runCodeIgniter(Object(CodeIgniter\CodeIgniter))
11 FCPATH\index.php(59): CodeIgniter\Boot::bootWeb(Object(Config\Paths))
12 SYSTEMPATH\rewrite.php(44): require_once('C:\\xampp\\htdocs\\ci\\public\\index.php')
DEBUG - 2025-09-17 10:01:02 --> Session: Class initialized using 'CodeIgniter\Session\Handlers\FileHandler' driver.
CRITICAL - 2025-09-17 10:01:02 --> ErrorException: Trying to access array offset on value of type null
[Method: GET, Route: buku/ubah/1]
in APPPATH\Views\buku\detail.php on line 10.
 1 APPPATH\Views\buku\detail.php(10): CodeIgniter\Debug\Exceptions->errorHandler(2, 'Trying to access array offset on value of type null', 'C:\\xampp\\htdocs\\ci\\app\\Views\\buku\\detail.php', 10)
 2 SYSTEMPATH\View\View.php(226): include('C:\\xampp\\htdocs\\ci\\app\\Views\\buku\\detail.php')
 3 SYSTEMPATH\View\View.php(229): CodeIgniter\View\View->CodeIgniter\View\{closure}()
 4 SYSTEMPATH\Common.php(1167): CodeIgniter\View\View->render('buku/detail', [], true)
 5 APPPATH\Controllers\Buku.php(28): view('buku/detail', [...])
 6 SYSTEMPATH\CodeIgniter.php(933): App\Controllers\Buku->detail('ubah', '1')
 7 SYSTEMPATH\CodeIgniter.php(507): CodeIgniter\CodeIgniter->runController(Object(App\Controllers\Buku))
 8 SYSTEMPATH\CodeIgniter.php(354): CodeIgniter\CodeIgniter->handleRequest(null, Object(Config\Cache), false)
 9 SYSTEMPATH\Boot.php(363): CodeIgniter\CodeIgniter->run()
10 SYSTEMPATH\Boot.php(68): CodeIgniter\Boot::runCodeIgniter(Object(CodeIgniter\CodeIgniter))
11 FCPATH\index.php(59): CodeIgniter\Boot::bootWeb(Object(Config\Paths))
12 SYSTEMPATH\rewrite.php(44): require_once('C:\\xampp\\htdocs\\ci\\public\\index.php')
DEBUG - 2025-09-17 10:01:09 --> Session: Class initialized using 'CodeIgniter\Session\Handlers\FileHandler' driver.
CRITICAL - 2025-09-17 10:01:09 --> ErrorException: Trying to access array offset on value of type null
[Method: GET, Route: buku/ubah/1]
in APPPATH\Views\buku\detail.php on line 10.
 1 APPPATH\Views\buku\detail.php(10): CodeIgniter\Debug\Exceptions->errorHandler(2, 'Trying to access array offset on value of type null', 'C:\\xampp\\htdocs\\ci\\app\\Views\\buku\\detail.php', 10)
 2 SYSTEMPATH\View\View.php(226): include('C:\\xampp\\htdocs\\ci\\app\\Views\\buku\\detail.php')
 3 SYSTEMPATH\View\View.php(229): CodeIgniter\View\View->CodeIgniter\View\{closure}()
 4 SYSTEMPATH\Common.php(1167): CodeIgniter\View\View->render('buku/detail', [], true)
 5 APPPATH\Controllers\Buku.php(28): view('buku/detail', [...])
 6 SYSTEMPATH\CodeIgniter.php(933): App\Controllers\Buku->detail('ubah', '1')
 7 SYSTEMPATH\CodeIgniter.php(507): CodeIgniter\CodeIgniter->runController(Object(App\Controllers\Buku))
 8 SYSTEMPATH\CodeIgniter.php(354): CodeIgniter\CodeIgniter->handleRequest(null, Object(Config\Cache), false)
 9 SYSTEMPATH\Boot.php(363): CodeIgniter\CodeIgniter->run()
10 SYSTEMPATH\Boot.php(68): CodeIgniter\Boot::runCodeIgniter(Object(CodeIgniter\CodeIgniter))
11 FCPATH\index.php(59): CodeIgniter\Boot::bootWeb(Object(Config\Paths))
12 SYSTEMPATH\rewrite.php(44): require_once('C:\\xampp\\htdocs\\ci\\public\\index.php')
DEBUG - 2025-09-17 10:01:13 --> Session: Class initialized using 'CodeIgniter\Session\Handlers\FileHandler' driver.
CRITICAL - 2025-09-17 10:01:13 --> ErrorException: Trying to access array offset on value of type null
[Method: GET, Route: buku/ubah/1]
in APPPATH\Views\buku\detail.php on line 10.
 1 APPPATH\Views\buku\detail.php(10): CodeIgniter\Debug\Exceptions->errorHandler(2, 'Trying to access array offset on value of type null', 'C:\\xampp\\htdocs\\ci\\app\\Views\\buku\\detail.php', 10)
 2 SYSTEMPATH\View\View.php(226): include('C:\\xampp\\htdocs\\ci\\app\\Views\\buku\\detail.php')
 3 SYSTEMPATH\View\View.php(229): CodeIgniter\View\View->CodeIgniter\View\{closure}()
 4 SYSTEMPATH\Common.php(1167): CodeIgniter\View\View->render('buku/detail', [], true)
 5 APPPATH\Controllers\Buku.php(28): view('buku/detail', [...])
 6 SYSTEMPATH\CodeIgniter.php(933): App\Controllers\Buku->detail('ubah', '1')
 7 SYSTEMPATH\CodeIgniter.php(507): CodeIgniter\CodeIgniter->runController(Object(App\Controllers\Buku))
 8 SYSTEMPATH\CodeIgniter.php(354): CodeIgniter\CodeIgniter->handleRequest(null, Object(Config\Cache), false)
 9 SYSTEMPATH\Boot.php(363): CodeIgniter\CodeIgniter->run()
10 SYSTEMPATH\Boot.php(68): CodeIgniter\Boot::runCodeIgniter(Object(CodeIgniter\CodeIgniter))
11 FCPATH\index.php(59): CodeIgniter\Boot::bootWeb(Object(Config\Paths))
12 SYSTEMPATH\rewrite.php(44): require_once('C:\\xampp\\htdocs\\ci\\public\\index.php')
DEBUG - 2025-09-17 10:02:04 --> Session: Class initialized using 'CodeIgniter\Session\Handlers\FileHandler' driver.
DEBUG - 2025-09-17 10:02:04 --> Session: Class initialized using 'CodeIgniter\Session\Handlers\FileHandler' driver.
DEBUG - 2025-09-17 10:02:06 --> Session: Class initialized using 'CodeIgniter\Session\Handlers\FileHandler' driver.
DEBUG - 2025-09-17 10:02:08 --> Session: Class initialized using 'CodeIgniter\Session\Handlers\FileHandler' driver.
DEBUG - 2025-09-17 10:02:09 --> Session: Class initialized using 'CodeIgniter\Session\Handlers\FileHandler' driver.
CRITICAL - 2025-09-17 10:02:09 --> ErrorException: Trying to access array offset on value of type null
[Method: GET, Route: buku/ubah/1]
in APPPATH\Views\buku\detail.php on line 10.
 1 APPPATH\Views\buku\detail.php(10): CodeIgniter\Debug\Exceptions->errorHandler(2, 'Trying to access array offset on value of type null', 'C:\\xampp\\htdocs\\ci\\app\\Views\\buku\\detail.php', 10)
 2 SYSTEMPATH\View\View.php(226): include('C:\\xampp\\htdocs\\ci\\app\\Views\\buku\\detail.php')
 3 SYSTEMPATH\View\View.php(229): CodeIgniter\View\View->CodeIgniter\View\{closure}()
 4 SYSTEMPATH\Common.php(1167): CodeIgniter\View\View->render('buku/detail', [], true)
 5 APPPATH\Controllers\Buku.php(28): view('buku/detail', [...])
 6 SYSTEMPATH\CodeIgniter.php(933): App\Controllers\Buku->detail('ubah', '1')
 7 SYSTEMPATH\CodeIgniter.php(507): CodeIgniter\CodeIgniter->runController(Object(App\Controllers\Buku))
 8 SYSTEMPATH\CodeIgniter.php(354): CodeIgniter\CodeIgniter->handleRequest(null, Object(Config\Cache), false)
 9 SYSTEMPATH\Boot.php(363): CodeIgniter\CodeIgniter->run()
10 SYSTEMPATH\Boot.php(68): CodeIgniter\Boot::runCodeIgniter(Object(CodeIgniter\CodeIgniter))
11 FCPATH\index.php(59): CodeIgniter\Boot::bootWeb(Object(Config\Paths))
12 SYSTEMPATH\rewrite.php(44): require_once('C:\\xampp\\htdocs\\ci\\public\\index.php')
DEBUG - 2025-09-17 10:02:10 --> Session: Class initialized using 'CodeIgniter\Session\Handlers\FileHandler' driver.
DEBUG - 2025-09-17 10:02:14 --> Session: Class initialized using 'CodeIgniter\Session\Handlers\FileHandler' driver.
CRITICAL - 2025-09-17 10:02:14 --> ErrorException: Trying to access array offset on value of type null
[Method: GET, Route: buku/ubah/1]
in APPPATH\Views\buku\detail.php on line 10.
 1 APPPATH\Views\buku\detail.php(10): CodeIgniter\Debug\Exceptions->errorHandler(2, 'Trying to access array offset on value of type null', 'C:\\xampp\\htdocs\\ci\\app\\Views\\buku\\detail.php', 10)
 2 SYSTEMPATH\View\View.php(226): include('C:\\xampp\\htdocs\\ci\\app\\Views\\buku\\detail.php')
 3 SYSTEMPATH\View\View.php(229): CodeIgniter\View\View->CodeIgniter\View\{closure}()
 4 SYSTEMPATH\Common.php(1167): CodeIgniter\View\View->render('buku/detail', [], true)
 5 APPPATH\Controllers\Buku.php(28): view('buku/detail', [...])
 6 SYSTEMPATH\CodeIgniter.php(933): App\Controllers\Buku->detail('ubah', '1')
 7 SYSTEMPATH\CodeIgniter.php(507): CodeIgniter\CodeIgniter->runController(Object(App\Controllers\Buku))
 8 SYSTEMPATH\CodeIgniter.php(354): CodeIgniter\CodeIgniter->handleRequest(null, Object(Config\Cache), false)
 9 SYSTEMPATH\Boot.php(363): CodeIgniter\CodeIgniter->run()
10 SYSTEMPATH\Boot.php(68): CodeIgniter\Boot::runCodeIgniter(Object(CodeIgniter\CodeIgniter))
11 FCPATH\index.php(59): CodeIgniter\Boot::bootWeb(Object(Config\Paths))
12 SYSTEMPATH\rewrite.php(44): require_once('C:\\xampp\\htdocs\\ci\\public\\index.php')
DEBUG - 2025-09-17 10:02:18 --> Session: Class initialized using 'CodeIgniter\Session\Handlers\FileHandler' driver.
DEBUG - 2025-09-17 10:05:08 --> Session: Class initialized using 'CodeIgniter\Session\Handlers\FileHandler' driver.
CRITICAL - 2025-09-17 10:05:08 --> ErrorException: Trying to access array offset on value of type null
[Method: GET, Route: buku/ubah/1]
in APPPATH\Views\buku\detail.php on line 10.
 1 APPPATH\Views\buku\detail.php(10): CodeIgniter\Debug\Exceptions->errorHandler(2, 'Trying to access array offset on value of type null', 'C:\\xampp\\htdocs\\ci\\app\\Views\\buku\\detail.php', 10)
 2 SYSTEMPATH\View\View.php(226): include('C:\\xampp\\htdocs\\ci\\app\\Views\\buku\\detail.php')
 3 SYSTEMPATH\View\View.php(229): CodeIgniter\View\View->CodeIgniter\View\{closure}()
 4 SYSTEMPATH\Common.php(1167): CodeIgniter\View\View->render('buku/detail', [], true)
 5 APPPATH\Controllers\Buku.php(28): view('buku/detail', [...])
 6 SYSTEMPATH\CodeIgniter.php(933): App\Controllers\Buku->detail('ubah', '1')
 7 SYSTEMPATH\CodeIgniter.php(507): CodeIgniter\CodeIgniter->runController(Object(App\Controllers\Buku))
 8 SYSTEMPATH\CodeIgniter.php(354): CodeIgniter\CodeIgniter->handleRequest(null, Object(Config\Cache), false)
 9 SYSTEMPATH\Boot.php(363): CodeIgniter\CodeIgniter->run()
10 SYSTEMPATH\Boot.php(68): CodeIgniter\Boot::runCodeIgniter(Object(CodeIgniter\CodeIgniter))
11 FCPATH\index.php(59): CodeIgniter\Boot::bootWeb(Object(Config\Paths))
12 SYSTEMPATH\rewrite.php(44): require_once('C:\\xampp\\htdocs\\ci\\public\\index.php')
DEBUG - 2025-09-17 10:05:12 --> Session: Class initialized using 'CodeIgniter\Session\Handlers\FileHandler' driver.
CRITICAL - 2025-09-17 10:05:12 --> ErrorException: Trying to access array offset on value of type null
[Method: GET, Route: buku/ubah/2]
in APPPATH\Views\buku\detail.php on line 10.
 1 APPPATH\Views\buku\detail.php(10): CodeIgniter\Debug\Exceptions->errorHandler(2, 'Trying to access array offset on value of type null', 'C:\\xampp\\htdocs\\ci\\app\\Views\\buku\\detail.php', 10)
 2 SYSTEMPATH\View\View.php(226): include('C:\\xampp\\htdocs\\ci\\app\\Views\\buku\\detail.php')
 3 SYSTEMPATH\View\View.php(229): CodeIgniter\View\View->CodeIgniter\View\{closure}()
 4 SYSTEMPATH\Common.php(1167): CodeIgniter\View\View->render('buku/detail', [], true)
 5 APPPATH\Controllers\Buku.php(28): view('buku/detail', [...])
 6 SYSTEMPATH\CodeIgniter.php(933): App\Controllers\Buku->detail('ubah', '2')
 7 SYSTEMPATH\CodeIgniter.php(507): CodeIgniter\CodeIgniter->runController(Object(App\Controllers\Buku))
 8 SYSTEMPATH\CodeIgniter.php(354): CodeIgniter\CodeIgniter->handleRequest(null, Object(Config\Cache), false)
 9 SYSTEMPATH\Boot.php(363): CodeIgniter\CodeIgniter->run()
10 SYSTEMPATH\Boot.php(68): CodeIgniter\Boot::runCodeIgniter(Object(CodeIgniter\CodeIgniter))
11 FCPATH\index.php(59): CodeIgniter\Boot::bootWeb(Object(Config\Paths))
12 SYSTEMPATH\rewrite.php(44): require_once('C:\\xampp\\htdocs\\ci\\public\\index.php')
DEBUG - 2025-09-17 10:05:14 --> Session: Class initialized using 'CodeIgniter\Session\Handlers\FileHandler' driver.
CRITICAL - 2025-09-17 10:05:14 --> ErrorException: Trying to access array offset on value of type null
[Method: GET, Route: buku/ubah/]
in APPPATH\Views\buku\detail.php on line 10.
 1 APPPATH\Views\buku\detail.php(10): CodeIgniter\Debug\Exceptions->errorHandler(2, 'Trying to access array offset on value of type null', 'C:\\xampp\\htdocs\\ci\\app\\Views\\buku\\detail.php', 10)
 2 SYSTEMPATH\View\View.php(226): include('C:\\xampp\\htdocs\\ci\\app\\Views\\buku\\detail.php')
 3 SYSTEMPATH\View\View.php(229): CodeIgniter\View\View->CodeIgniter\View\{closure}()
 4 SYSTEMPATH\Common.php(1167): CodeIgniter\View\View->render('buku/detail', [], true)
 5 APPPATH\Controllers\Buku.php(28): view('buku/detail', [...])
 6 SYSTEMPATH\CodeIgniter.php(933): App\Controllers\Buku->detail('ubah')
 7 SYSTEMPATH\CodeIgniter.php(507): CodeIgniter\CodeIgniter->runController(Object(App\Controllers\Buku))
 8 SYSTEMPATH\CodeIgniter.php(354): CodeIgniter\CodeIgniter->handleRequest(null, Object(Config\Cache), false)
 9 SYSTEMPATH\Boot.php(363): CodeIgniter\CodeIgniter->run()
10 SYSTEMPATH\Boot.php(68): CodeIgniter\Boot::runCodeIgniter(Object(CodeIgniter\CodeIgniter))
11 FCPATH\index.php(59): CodeIgniter\Boot::bootWeb(Object(Config\Paths))
12 SYSTEMPATH\rewrite.php(44): require_once('C:\\xampp\\htdocs\\ci\\public\\index.php')
DEBUG - 2025-09-17 10:05:19 --> Session: Class initialized using 'CodeIgniter\Session\Handlers\FileHandler' driver.
CRITICAL - 2025-09-17 10:05:19 --> ErrorException: Trying to access array offset on value of type null
[Method: GET, Route: buku/ubah/3]
in APPPATH\Views\buku\detail.php on line 10.
 1 APPPATH\Views\buku\detail.php(10): CodeIgniter\Debug\Exceptions->errorHandler(2, 'Trying to access array offset on value of type null', 'C:\\xampp\\htdocs\\ci\\app\\Views\\buku\\detail.php', 10)
 2 SYSTEMPATH\View\View.php(226): include('C:\\xampp\\htdocs\\ci\\app\\Views\\buku\\detail.php')
 3 SYSTEMPATH\View\View.php(229): CodeIgniter\View\View->CodeIgniter\View\{closure}()
 4 SYSTEMPATH\Common.php(1167): CodeIgniter\View\View->render('buku/detail', [], true)
 5 APPPATH\Controllers\Buku.php(28): view('buku/detail', [...])
 6 SYSTEMPATH\CodeIgniter.php(933): App\Controllers\Buku->detail('ubah', '3')
 7 SYSTEMPATH\CodeIgniter.php(507): CodeIgniter\CodeIgniter->runController(Object(App\Controllers\Buku))
 8 SYSTEMPATH\CodeIgniter.php(354): CodeIgniter\CodeIgniter->handleRequest(null, Object(Config\Cache), false)
 9 SYSTEMPATH\Boot.php(363): CodeIgniter\CodeIgniter->run()
10 SYSTEMPATH\Boot.php(68): CodeIgniter\Boot::runCodeIgniter(Object(CodeIgniter\CodeIgniter))
11 FCPATH\index.php(59): CodeIgniter\Boot::bootWeb(Object(Config\Paths))
12 SYSTEMPATH\rewrite.php(44): require_once('C:\\xampp\\htdocs\\ci\\public\\index.php')
DEBUG - 2025-09-17 10:05:32 --> Session: Class initialized using 'CodeIgniter\Session\Handlers\FileHandler' driver.
CRITICAL - 2025-09-17 10:05:32 --> ErrorException: Trying to access array offset on value of type null
[Method: GET, Route: buku/ubah/3]
in APPPATH\Views\buku\detail.php on line 10.
 1 APPPATH\Views\buku\detail.php(10): CodeIgniter\Debug\Exceptions->errorHandler(2, 'Trying to access array offset on value of type null', 'C:\\xampp\\htdocs\\ci\\app\\Views\\buku\\detail.php', 10)
 2 SYSTEMPATH\View\View.php(226): include('C:\\xampp\\htdocs\\ci\\app\\Views\\buku\\detail.php')
 3 SYSTEMPATH\View\View.php(229): CodeIgniter\View\View->CodeIgniter\View\{closure}()
 4 SYSTEMPATH\Common.php(1167): CodeIgniter\View\View->render('buku/detail', [], true)
 5 APPPATH\Controllers\Buku.php(28): view('buku/detail', [...])
 6 SYSTEMPATH\CodeIgniter.php(933): App\Controllers\Buku->detail('ubah', '3')
 7 SYSTEMPATH\CodeIgniter.php(507): CodeIgniter\CodeIgniter->runController(Object(App\Controllers\Buku))
 8 SYSTEMPATH\CodeIgniter.php(354): CodeIgniter\CodeIgniter->handleRequest(null, Object(Config\Cache), false)
 9 SYSTEMPATH\Boot.php(363): CodeIgniter\CodeIgniter->run()
10 SYSTEMPATH\Boot.php(68): CodeIgniter\Boot::runCodeIgniter(Object(CodeIgniter\CodeIgniter))
11 FCPATH\index.php(59): CodeIgniter\Boot::bootWeb(Object(Config\Paths))
12 SYSTEMPATH\rewrite.php(44): require_once('C:\\xampp\\htdocs\\ci\\public\\index.php')
DEBUG - 2025-09-17 10:05:32 --> Session: Class initialized using 'CodeIgniter\Session\Handlers\FileHandler' driver.
CRITICAL - 2025-09-17 10:05:32 --> ErrorException: Trying to access array offset on value of type null
[Method: GET, Route: buku/ubah/3]
in APPPATH\Views\buku\detail.php on line 10.
 1 APPPATH\Views\buku\detail.php(10): CodeIgniter\Debug\Exceptions->errorHandler(2, 'Trying to access array offset on value of type null', 'C:\\xampp\\htdocs\\ci\\app\\Views\\buku\\detail.php', 10)
 2 SYSTEMPATH\View\View.php(226): include('C:\\xampp\\htdocs\\ci\\app\\Views\\buku\\detail.php')
 3 SYSTEMPATH\View\View.php(229): CodeIgniter\View\View->CodeIgniter\View\{closure}()
 4 SYSTEMPATH\Common.php(1167): CodeIgniter\View\View->render('buku/detail', [], true)
 5 APPPATH\Controllers\Buku.php(28): view('buku/detail', [...])
 6 SYSTEMPATH\CodeIgniter.php(933): App\Controllers\Buku->detail('ubah', '3')
 7 SYSTEMPATH\CodeIgniter.php(507): CodeIgniter\CodeIgniter->runController(Object(App\Controllers\Buku))
 8 SYSTEMPATH\CodeIgniter.php(354): CodeIgniter\CodeIgniter->handleRequest(null, Object(Config\Cache), false)
 9 SYSTEMPATH\Boot.php(363): CodeIgniter\CodeIgniter->run()
10 SYSTEMPATH\Boot.php(68): CodeIgniter\Boot::runCodeIgniter(Object(CodeIgniter\CodeIgniter))
11 FCPATH\index.php(59): CodeIgniter\Boot::bootWeb(Object(Config\Paths))
12 SYSTEMPATH\rewrite.php(44): require_once('C:\\xampp\\htdocs\\ci\\public\\index.php')
DEBUG - 2025-09-17 10:05:33 --> Session: Class initialized using 'CodeIgniter\Session\Handlers\FileHandler' driver.
CRITICAL - 2025-09-17 10:05:33 --> ErrorException: Trying to access array offset on value of type null
[Method: GET, Route: buku/ubah/3]
in APPPATH\Views\buku\detail.php on line 10.
 1 APPPATH\Views\buku\detail.php(10): CodeIgniter\Debug\Exceptions->errorHandler(2, 'Trying to access array offset on value of type null', 'C:\\xampp\\htdocs\\ci\\app\\Views\\buku\\detail.php', 10)
 2 SYSTEMPATH\View\View.php(226): include('C:\\xampp\\htdocs\\ci\\app\\Views\\buku\\detail.php')
 3 SYSTEMPATH\View\View.php(229): CodeIgniter\View\View->CodeIgniter\View\{closure}()
 4 SYSTEMPATH\Common.php(1167): CodeIgniter\View\View->render('buku/detail', [], true)
 5 APPPATH\Controllers\Buku.php(28): view('buku/detail', [...])
 6 SYSTEMPATH\CodeIgniter.php(933): App\Controllers\Buku->detail('ubah', '3')
 7 SYSTEMPATH\CodeIgniter.php(507): CodeIgniter\CodeIgniter->runController(Object(App\Controllers\Buku))
 8 SYSTEMPATH\CodeIgniter.php(354): CodeIgniter\CodeIgniter->handleRequest(null, Object(Config\Cache), false)
 9 SYSTEMPATH\Boot.php(363): CodeIgniter\CodeIgniter->run()
10 SYSTEMPATH\Boot.php(68): CodeIgniter\Boot::runCodeIgniter(Object(CodeIgniter\CodeIgniter))
11 FCPATH\index.php(59): CodeIgniter\Boot::bootWeb(Object(Config\Paths))
12 SYSTEMPATH\rewrite.php(44): require_once('C:\\xampp\\htdocs\\ci\\public\\index.php')
DEBUG - 2025-09-17 10:05:58 --> Session: Class initialized using 'CodeIgniter\Session\Handlers\FileHandler' driver.
CRITICAL - 2025-09-17 10:05:58 --> ErrorException: Trying to access array offset on value of type null
[Method: GET, Route: buku/ubah/3]
in APPPATH\Views\buku\detail.php on line 10.
 1 APPPATH\Views\buku\detail.php(10): CodeIgniter\Debug\Exceptions->errorHandler(2, 'Trying to access array offset on value of type null', 'C:\\xampp\\htdocs\\ci\\app\\Views\\buku\\detail.php', 10)
 2 SYSTEMPATH\View\View.php(226): include('C:\\xampp\\htdocs\\ci\\app\\Views\\buku\\detail.php')
 3 SYSTEMPATH\View\View.php(229): CodeIgniter\View\View->CodeIgniter\View\{closure}()
 4 SYSTEMPATH\Common.php(1167): CodeIgniter\View\View->render('buku/detail', [], true)
 5 APPPATH\Controllers\Buku.php(28): view('buku/detail', [...])
 6 SYSTEMPATH\CodeIgniter.php(933): App\Controllers\Buku->detail('ubah', '3')
 7 SYSTEMPATH\CodeIgniter.php(507): CodeIgniter\CodeIgniter->runController(Object(App\Controllers\Buku))
 8 SYSTEMPATH\CodeIgniter.php(354): CodeIgniter\CodeIgniter->handleRequest(null, Object(Config\Cache), false)
 9 SYSTEMPATH\Boot.php(363): CodeIgniter\CodeIgniter->run()
10 SYSTEMPATH\Boot.php(68): CodeIgniter\Boot::runCodeIgniter(Object(CodeIgniter\CodeIgniter))
11 FCPATH\index.php(59): CodeIgniter\Boot::bootWeb(Object(Config\Paths))
12 SYSTEMPATH\rewrite.php(44): require_once('C:\\xampp\\htdocs\\ci\\public\\index.php')
DEBUG - 2025-09-17 10:05:59 --> Session: Class initialized using 'CodeIgniter\Session\Handlers\FileHandler' driver.
CRITICAL - 2025-09-17 10:05:59 --> ErrorException: Trying to access array offset on value of type null
[Method: GET, Route: buku/ubah/3]
in APPPATH\Views\buku\detail.php on line 10.
 1 APPPATH\Views\buku\detail.php(10): CodeIgniter\Debug\Exceptions->errorHandler(2, 'Trying to access array offset on value of type null', 'C:\\xampp\\htdocs\\ci\\app\\Views\\buku\\detail.php', 10)
 2 SYSTEMPATH\View\View.php(226): include('C:\\xampp\\htdocs\\ci\\app\\Views\\buku\\detail.php')
 3 SYSTEMPATH\View\View.php(229): CodeIgniter\View\View->CodeIgniter\View\{closure}()
 4 SYSTEMPATH\Common.php(1167): CodeIgniter\View\View->render('buku/detail', [], true)
 5 APPPATH\Controllers\Buku.php(28): view('buku/detail', [...])
 6 SYSTEMPATH\CodeIgniter.php(933): App\Controllers\Buku->detail('ubah', '3')
 7 SYSTEMPATH\CodeIgniter.php(507): CodeIgniter\CodeIgniter->runController(Object(App\Controllers\Buku))
 8 SYSTEMPATH\CodeIgniter.php(354): CodeIgniter\CodeIgniter->handleRequest(null, Object(Config\Cache), false)
 9 SYSTEMPATH\Boot.php(363): CodeIgniter\CodeIgniter->run()
10 SYSTEMPATH\Boot.php(68): CodeIgniter\Boot::runCodeIgniter(Object(CodeIgniter\CodeIgniter))
11 FCPATH\index.php(59): CodeIgniter\Boot::bootWeb(Object(Config\Paths))
12 SYSTEMPATH\rewrite.php(44): require_once('C:\\xampp\\htdocs\\ci\\public\\index.php')
DEBUG - 2025-09-17 10:05:59 --> Session: Class initialized using 'CodeIgniter\Session\Handlers\FileHandler' driver.
CRITICAL - 2025-09-17 10:05:59 --> ErrorException: Trying to access array offset on value of type null
[Method: GET, Route: buku/ubah/3]
in APPPATH\Views\buku\detail.php on line 10.
 1 APPPATH\Views\buku\detail.php(10): CodeIgniter\Debug\Exceptions->errorHandler(2, 'Trying to access array offset on value of type null', 'C:\\xampp\\htdocs\\ci\\app\\Views\\buku\\detail.php', 10)
 2 SYSTEMPATH\View\View.php(226): include('C:\\xampp\\htdocs\\ci\\app\\Views\\buku\\detail.php')
 3 SYSTEMPATH\View\View.php(229): CodeIgniter\View\View->CodeIgniter\View\{closure}()
 4 SYSTEMPATH\Common.php(1167): CodeIgniter\View\View->render('buku/detail', [], true)
 5 APPPATH\Controllers\Buku.php(28): view('buku/detail', [...])
 6 SYSTEMPATH\CodeIgniter.php(933): App\Controllers\Buku->detail('ubah', '3')
 7 SYSTEMPATH\CodeIgniter.php(507): CodeIgniter\CodeIgniter->runController(Object(App\Controllers\Buku))
 8 SYSTEMPATH\CodeIgniter.php(354): CodeIgniter\CodeIgniter->handleRequest(null, Object(Config\Cache), false)
 9 SYSTEMPATH\Boot.php(363): CodeIgniter\CodeIgniter->run()
10 SYSTEMPATH\Boot.php(68): CodeIgniter\Boot::runCodeIgniter(Object(CodeIgniter\CodeIgniter))
11 FCPATH\index.php(59): CodeIgniter\Boot::bootWeb(Object(Config\Paths))
12 SYSTEMPATH\rewrite.php(44): require_once('C:\\xampp\\htdocs\\ci\\public\\index.php')
DEBUG - 2025-09-17 10:05:59 --> Session: Class initialized using 'CodeIgniter\Session\Handlers\FileHandler' driver.
CRITICAL - 2025-09-17 10:05:59 --> ErrorException: Trying to access array offset on value of type null
[Method: GET, Route: buku/ubah/3]
in APPPATH\Views\buku\detail.php on line 10.
 1 APPPATH\Views\buku\detail.php(10): CodeIgniter\Debug\Exceptions->errorHandler(2, 'Trying to access array offset on value of type null', 'C:\\xampp\\htdocs\\ci\\app\\Views\\buku\\detail.php', 10)
 2 SYSTEMPATH\View\View.php(226): include('C:\\xampp\\htdocs\\ci\\app\\Views\\buku\\detail.php')
 3 SYSTEMPATH\View\View.php(229): CodeIgniter\View\View->CodeIgniter\View\{closure}()
 4 SYSTEMPATH\Common.php(1167): CodeIgniter\View\View->render('buku/detail', [], true)
 5 APPPATH\Controllers\Buku.php(28): view('buku/detail', [...])
 6 SYSTEMPATH\CodeIgniter.php(933): App\Controllers\Buku->detail('ubah', '3')
 7 SYSTEMPATH\CodeIgniter.php(507): CodeIgniter\CodeIgniter->runController(Object(App\Controllers\Buku))
 8 SYSTEMPATH\CodeIgniter.php(354): CodeIgniter\CodeIgniter->handleRequest(null, Object(Config\Cache), false)
 9 SYSTEMPATH\Boot.php(363): CodeIgniter\CodeIgniter->run()
10 SYSTEMPATH\Boot.php(68): CodeIgniter\Boot::runCodeIgniter(Object(CodeIgniter\CodeIgniter))
11 FCPATH\index.php(59): CodeIgniter\Boot::bootWeb(Object(Config\Paths))
12 SYSTEMPATH\rewrite.php(44): require_once('C:\\xampp\\htdocs\\ci\\public\\index.php')
DEBUG - 2025-09-17 10:05:59 --> Session: Class initialized using 'CodeIgniter\Session\Handlers\FileHandler' driver.
CRITICAL - 2025-09-17 10:05:59 --> ErrorException: Trying to access array offset on value of type null
[Method: GET, Route: buku/ubah/3]
in APPPATH\Views\buku\detail.php on line 10.
 1 APPPATH\Views\buku\detail.php(10): CodeIgniter\Debug\Exceptions->errorHandler(2, 'Trying to access array offset on value of type null', 'C:\\xampp\\htdocs\\ci\\app\\Views\\buku\\detail.php', 10)
 2 SYSTEMPATH\View\View.php(226): include('C:\\xampp\\htdocs\\ci\\app\\Views\\buku\\detail.php')
 3 SYSTEMPATH\View\View.php(229): CodeIgniter\View\View->CodeIgniter\View\{closure}()
 4 SYSTEMPATH\Common.php(1167): CodeIgniter\View\View->render('buku/detail', [], true)
 5 APPPATH\Controllers\Buku.php(28): view('buku/detail', [...])
 6 SYSTEMPATH\CodeIgniter.php(933): App\Controllers\Buku->detail('ubah', '3')
 7 SYSTEMPATH\CodeIgniter.php(507): CodeIgniter\CodeIgniter->runController(Object(App\Controllers\Buku))
 8 SYSTEMPATH\CodeIgniter.php(354): CodeIgniter\CodeIgniter->handleRequest(null, Object(Config\Cache), false)
 9 SYSTEMPATH\Boot.php(363): CodeIgniter\CodeIgniter->run()
10 SYSTEMPATH\Boot.php(68): CodeIgniter\Boot::runCodeIgniter(Object(CodeIgniter\CodeIgniter))
11 FCPATH\index.php(59): CodeIgniter\Boot::bootWeb(Object(Config\Paths))
12 SYSTEMPATH\rewrite.php(44): require_once('C:\\xampp\\htdocs\\ci\\public\\index.php')
DEBUG - 2025-09-17 10:06:00 --> Session: Class initialized using 'CodeIgniter\Session\Handlers\FileHandler' driver.
CRITICAL - 2025-09-17 10:06:00 --> ErrorException: Trying to access array offset on value of type null
[Method: GET, Route: buku/ubah/3]
in APPPATH\Views\buku\detail.php on line 10.
 1 APPPATH\Views\buku\detail.php(10): CodeIgniter\Debug\Exceptions->errorHandler(2, 'Trying to access array offset on value of type null', 'C:\\xampp\\htdocs\\ci\\app\\Views\\buku\\detail.php', 10)
 2 SYSTEMPATH\View\View.php(226): include('C:\\xampp\\htdocs\\ci\\app\\Views\\buku\\detail.php')
 3 SYSTEMPATH\View\View.php(229): CodeIgniter\View\View->CodeIgniter\View\{closure}()
 4 SYSTEMPATH\Common.php(1167): CodeIgniter\View\View->render('buku/detail', [], true)
 5 APPPATH\Controllers\Buku.php(28): view('buku/detail', [...])
 6 SYSTEMPATH\CodeIgniter.php(933): App\Controllers\Buku->detail('ubah', '3')
 7 SYSTEMPATH\CodeIgniter.php(507): CodeIgniter\CodeIgniter->runController(Object(App\Controllers\Buku))
 8 SYSTEMPATH\CodeIgniter.php(354): CodeIgniter\CodeIgniter->handleRequest(null, Object(Config\Cache), false)
 9 SYSTEMPATH\Boot.php(363): CodeIgniter\CodeIgniter->run()
10 SYSTEMPATH\Boot.php(68): CodeIgniter\Boot::runCodeIgniter(Object(CodeIgniter\CodeIgniter))
11 FCPATH\index.php(59): CodeIgniter\Boot::bootWeb(Object(Config\Paths))
12 SYSTEMPATH\rewrite.php(44): require_once('C:\\xampp\\htdocs\\ci\\public\\index.php')
DEBUG - 2025-09-17 10:06:00 --> Session: Class initialized using 'CodeIgniter\Session\Handlers\FileHandler' driver.
CRITICAL - 2025-09-17 10:06:00 --> ErrorException: Trying to access array offset on value of type null
[Method: GET, Route: buku/ubah/3]
in APPPATH\Views\buku\detail.php on line 10.
 1 APPPATH\Views\buku\detail.php(10): CodeIgniter\Debug\Exceptions->errorHandler(2, 'Trying to access array offset on value of type null', 'C:\\xampp\\htdocs\\ci\\app\\Views\\buku\\detail.php', 10)
 2 SYSTEMPATH\View\View.php(226): include('C:\\xampp\\htdocs\\ci\\app\\Views\\buku\\detail.php')
 3 SYSTEMPATH\View\View.php(229): CodeIgniter\View\View->CodeIgniter\View\{closure}()
 4 SYSTEMPATH\Common.php(1167): CodeIgniter\View\View->render('buku/detail', [], true)
 5 APPPATH\Controllers\Buku.php(28): view('buku/detail', [...])
 6 SYSTEMPATH\CodeIgniter.php(933): App\Controllers\Buku->detail('ubah', '3')
 7 SYSTEMPATH\CodeIgniter.php(507): CodeIgniter\CodeIgniter->runController(Object(App\Controllers\Buku))
 8 SYSTEMPATH\CodeIgniter.php(354): CodeIgniter\CodeIgniter->handleRequest(null, Object(Config\Cache), false)
 9 SYSTEMPATH\Boot.php(363): CodeIgniter\CodeIgniter->run()
10 SYSTEMPATH\Boot.php(68): CodeIgniter\Boot::runCodeIgniter(Object(CodeIgniter\CodeIgniter))
11 FCPATH\index.php(59): CodeIgniter\Boot::bootWeb(Object(Config\Paths))
12 SYSTEMPATH\rewrite.php(44): require_once('C:\\xampp\\htdocs\\ci\\public\\index.php')
DEBUG - 2025-09-17 10:06:00 --> Session: Class initialized using 'CodeIgniter\Session\Handlers\FileHandler' driver.
CRITICAL - 2025-09-17 10:06:00 --> ErrorException: Trying to access array offset on value of type null
[Method: GET, Route: buku/ubah/3]
in APPPATH\Views\buku\detail.php on line 10.
 1 APPPATH\Views\buku\detail.php(10): CodeIgniter\Debug\Exceptions->errorHandler(2, 'Trying to access array offset on value of type null', 'C:\\xampp\\htdocs\\ci\\app\\Views\\buku\\detail.php', 10)
 2 SYSTEMPATH\View\View.php(226): include('C:\\xampp\\htdocs\\ci\\app\\Views\\buku\\detail.php')
 3 SYSTEMPATH\View\View.php(229): CodeIgniter\View\View->CodeIgniter\View\{closure}()
 4 SYSTEMPATH\Common.php(1167): CodeIgniter\View\View->render('buku/detail', [], true)
 5 APPPATH\Controllers\Buku.php(28): view('buku/detail', [...])
 6 SYSTEMPATH\CodeIgniter.php(933): App\Controllers\Buku->detail('ubah', '3')
 7 SYSTEMPATH\CodeIgniter.php(507): CodeIgniter\CodeIgniter->runController(Object(App\Controllers\Buku))
 8 SYSTEMPATH\CodeIgniter.php(354): CodeIgniter\CodeIgniter->handleRequest(null, Object(Config\Cache), false)
 9 SYSTEMPATH\Boot.php(363): CodeIgniter\CodeIgniter->run()
10 SYSTEMPATH\Boot.php(68): CodeIgniter\Boot::runCodeIgniter(Object(CodeIgniter\CodeIgniter))
11 FCPATH\index.php(59): CodeIgniter\Boot::bootWeb(Object(Config\Paths))
12 SYSTEMPATH\rewrite.php(44): require_once('C:\\xampp\\htdocs\\ci\\public\\index.php')
DEBUG - 2025-09-17 10:06:00 --> Session: Class initialized using 'CodeIgniter\Session\Handlers\FileHandler' driver.
CRITICAL - 2025-09-17 10:06:00 --> ErrorException: Trying to access array offset on value of type null
[Method: GET, Route: buku/ubah/3]
in APPPATH\Views\buku\detail.php on line 10.
 1 APPPATH\Views\buku\detail.php(10): CodeIgniter\Debug\Exceptions->errorHandler(2, 'Trying to access array offset on value of type null', 'C:\\xampp\\htdocs\\ci\\app\\Views\\buku\\detail.php', 10)
 2 SYSTEMPATH\View\View.php(226): include('C:\\xampp\\htdocs\\ci\\app\\Views\\buku\\detail.php')
 3 SYSTEMPATH\View\View.php(229): CodeIgniter\View\View->CodeIgniter\View\{closure}()
 4 SYSTEMPATH\Common.php(1167): CodeIgniter\View\View->render('buku/detail', [], true)
 5 APPPATH\Controllers\Buku.php(28): view('buku/detail', [...])
 6 SYSTEMPATH\CodeIgniter.php(933): App\Controllers\Buku->detail('ubah', '3')
 7 SYSTEMPATH\CodeIgniter.php(507): CodeIgniter\CodeIgniter->runController(Object(App\Controllers\Buku))
 8 SYSTEMPATH\CodeIgniter.php(354): CodeIgniter\CodeIgniter->handleRequest(null, Object(Config\Cache), false)
 9 SYSTEMPATH\Boot.php(363): CodeIgniter\CodeIgniter->run()
10 SYSTEMPATH\Boot.php(68): CodeIgniter\Boot::runCodeIgniter(Object(CodeIgniter\CodeIgniter))
11 FCPATH\index.php(59): CodeIgniter\Boot::bootWeb(Object(Config\Paths))
12 SYSTEMPATH\rewrite.php(44): require_once('C:\\xampp\\htdocs\\ci\\public\\index.php')
DEBUG - 2025-09-17 10:06:00 --> Session: Class initialized using 'CodeIgniter\Session\Handlers\FileHandler' driver.
CRITICAL - 2025-09-17 10:06:00 --> ErrorException: Trying to access array offset on value of type null
[Method: GET, Route: buku/ubah/3]
in APPPATH\Views\buku\detail.php on line 10.
 1 APPPATH\Views\buku\detail.php(10): CodeIgniter\Debug\Exceptions->errorHandler(2, 'Trying to access array offset on value of type null', 'C:\\xampp\\htdocs\\ci\\app\\Views\\buku\\detail.php', 10)
 2 SYSTEMPATH\View\View.php(226): include('C:\\xampp\\htdocs\\ci\\app\\Views\\buku\\detail.php')
 3 SYSTEMPATH\View\View.php(229): CodeIgniter\View\View->CodeIgniter\View\{closure}()
 4 SYSTEMPATH\Common.php(1167): CodeIgniter\View\View->render('buku/detail', [], true)
 5 APPPATH\Controllers\Buku.php(28): view('buku/detail', [...])
 6 SYSTEMPATH\CodeIgniter.php(933): App\Controllers\Buku->detail('ubah', '3')
 7 SYSTEMPATH\CodeIgniter.php(507): CodeIgniter\CodeIgniter->runController(Object(App\Controllers\Buku))
 8 SYSTEMPATH\CodeIgniter.php(354): CodeIgniter\CodeIgniter->handleRequest(null, Object(Config\Cache), false)
 9 SYSTEMPATH\Boot.php(363): CodeIgniter\CodeIgniter->run()
10 SYSTEMPATH\Boot.php(68): CodeIgniter\Boot::runCodeIgniter(Object(CodeIgniter\CodeIgniter))
11 FCPATH\index.php(59): CodeIgniter\Boot::bootWeb(Object(Config\Paths))
12 SYSTEMPATH\rewrite.php(44): require_once('C:\\xampp\\htdocs\\ci\\public\\index.php')
DEBUG - 2025-09-17 10:06:00 --> Session: Class initialized using 'CodeIgniter\Session\Handlers\FileHandler' driver.
CRITICAL - 2025-09-17 10:06:00 --> ErrorException: Trying to access array offset on value of type null
[Method: GET, Route: buku/ubah/3]
in APPPATH\Views\buku\detail.php on line 10.
 1 APPPATH\Views\buku\detail.php(10): CodeIgniter\Debug\Exceptions->errorHandler(2, 'Trying to access array offset on value of type null', 'C:\\xampp\\htdocs\\ci\\app\\Views\\buku\\detail.php', 10)
 2 SYSTEMPATH\View\View.php(226): include('C:\\xampp\\htdocs\\ci\\app\\Views\\buku\\detail.php')
 3 SYSTEMPATH\View\View.php(229): CodeIgniter\View\View->CodeIgniter\View\{closure}()
 4 SYSTEMPATH\Common.php(1167): CodeIgniter\View\View->render('buku/detail', [], true)
 5 APPPATH\Controllers\Buku.php(28): view('buku/detail', [...])
 6 SYSTEMPATH\CodeIgniter.php(933): App\Controllers\Buku->detail('ubah', '3')
 7 SYSTEMPATH\CodeIgniter.php(507): CodeIgniter\CodeIgniter->runController(Object(App\Controllers\Buku))
 8 SYSTEMPATH\CodeIgniter.php(354): CodeIgniter\CodeIgniter->handleRequest(null, Object(Config\Cache), false)
 9 SYSTEMPATH\Boot.php(363): CodeIgniter\CodeIgniter->run()
10 SYSTEMPATH\Boot.php(68): CodeIgniter\Boot::runCodeIgniter(Object(CodeIgniter\CodeIgniter))
11 FCPATH\index.php(59): CodeIgniter\Boot::bootWeb(Object(Config\Paths))
12 SYSTEMPATH\rewrite.php(44): require_once('C:\\xampp\\htdocs\\ci\\public\\index.php')
DEBUG - 2025-09-17 10:06:24 --> Session: Class initialized using 'CodeIgniter\Session\Handlers\FileHandler' driver.
CRITICAL - 2025-09-17 10:06:24 --> ErrorException: Trying to access array offset on value of type null
[Method: GET, Route: buku/ubah/3]
in APPPATH\Views\buku\detail.php on line 10.
 1 APPPATH\Views\buku\detail.php(10): CodeIgniter\Debug\Exceptions->errorHandler(2, 'Trying to access array offset on value of type null', 'C:\\xampp\\htdocs\\ci\\app\\Views\\buku\\detail.php', 10)
 2 SYSTEMPATH\View\View.php(226): include('C:\\xampp\\htdocs\\ci\\app\\Views\\buku\\detail.php')
 3 SYSTEMPATH\View\View.php(229): CodeIgniter\View\View->CodeIgniter\View\{closure}()
 4 SYSTEMPATH\Common.php(1167): CodeIgniter\View\View->render('buku/detail', [], true)
 5 APPPATH\Controllers\Buku.php(28): view('buku/detail', [...])
 6 SYSTEMPATH\CodeIgniter.php(933): App\Controllers\Buku->detail('ubah', '3')
 7 SYSTEMPATH\CodeIgniter.php(507): CodeIgniter\CodeIgniter->runController(Object(App\Controllers\Buku))
 8 SYSTEMPATH\CodeIgniter.php(354): CodeIgniter\CodeIgniter->handleRequest(null, Object(Config\Cache), false)
 9 SYSTEMPATH\Boot.php(363): CodeIgniter\CodeIgniter->run()
10 SYSTEMPATH\Boot.php(68): CodeIgniter\Boot::runCodeIgniter(Object(CodeIgniter\CodeIgniter))
11 FCPATH\index.php(59): CodeIgniter\Boot::bootWeb(Object(Config\Paths))
12 SYSTEMPATH\rewrite.php(44): require_once('C:\\xampp\\htdocs\\ci\\public\\index.php')
DEBUG - 2025-09-17 10:06:24 --> Session: Class initialized using 'CodeIgniter\Session\Handlers\FileHandler' driver.
CRITICAL - 2025-09-17 10:06:24 --> ErrorException: Trying to access array offset on value of type null
[Method: GET, Route: buku/ubah/3]
in APPPATH\Views\buku\detail.php on line 10.
 1 APPPATH\Views\buku\detail.php(10): CodeIgniter\Debug\Exceptions->errorHandler(2, 'Trying to access array offset on value of type null', 'C:\\xampp\\htdocs\\ci\\app\\Views\\buku\\detail.php', 10)
 2 SYSTEMPATH\View\View.php(226): include('C:\\xampp\\htdocs\\ci\\app\\Views\\buku\\detail.php')
 3 SYSTEMPATH\View\View.php(229): CodeIgniter\View\View->CodeIgniter\View\{closure}()
 4 SYSTEMPATH\Common.php(1167): CodeIgniter\View\View->render('buku/detail', [], true)
 5 APPPATH\Controllers\Buku.php(28): view('buku/detail', [...])
 6 SYSTEMPATH\CodeIgniter.php(933): App\Controllers\Buku->detail('ubah', '3')
 7 SYSTEMPATH\CodeIgniter.php(507): CodeIgniter\CodeIgniter->runController(Object(App\Controllers\Buku))
 8 SYSTEMPATH\CodeIgniter.php(354): CodeIgniter\CodeIgniter->handleRequest(null, Object(Config\Cache), false)
 9 SYSTEMPATH\Boot.php(363): CodeIgniter\CodeIgniter->run()
10 SYSTEMPATH\Boot.php(68): CodeIgniter\Boot::runCodeIgniter(Object(CodeIgniter\CodeIgniter))
11 FCPATH\index.php(59): CodeIgniter\Boot::bootWeb(Object(Config\Paths))
12 SYSTEMPATH\rewrite.php(44): require_once('C:\\xampp\\htdocs\\ci\\public\\index.php')
DEBUG - 2025-09-17 10:06:24 --> Session: Class initialized using 'CodeIgniter\Session\Handlers\FileHandler' driver.
CRITICAL - 2025-09-17 10:06:24 --> ErrorException: Trying to access array offset on value of type null
[Method: GET, Route: buku/ubah/3]
in APPPATH\Views\buku\detail.php on line 10.
 1 APPPATH\Views\buku\detail.php(10): CodeIgniter\Debug\Exceptions->errorHandler(2, 'Trying to access array offset on value of type null', 'C:\\xampp\\htdocs\\ci\\app\\Views\\buku\\detail.php', 10)
 2 SYSTEMPATH\View\View.php(226): include('C:\\xampp\\htdocs\\ci\\app\\Views\\buku\\detail.php')
 3 SYSTEMPATH\View\View.php(229): CodeIgniter\View\View->CodeIgniter\View\{closure}()
 4 SYSTEMPATH\Common.php(1167): CodeIgniter\View\View->render('buku/detail', [], true)
 5 APPPATH\Controllers\Buku.php(28): view('buku/detail', [...])
 6 SYSTEMPATH\CodeIgniter.php(933): App\Controllers\Buku->detail('ubah', '3')
 7 SYSTEMPATH\CodeIgniter.php(507): CodeIgniter\CodeIgniter->runController(Object(App\Controllers\Buku))
 8 SYSTEMPATH\CodeIgniter.php(354): CodeIgniter\CodeIgniter->handleRequest(null, Object(Config\Cache), false)
 9 SYSTEMPATH\Boot.php(363): CodeIgniter\CodeIgniter->run()
10 SYSTEMPATH\Boot.php(68): CodeIgniter\Boot::runCodeIgniter(Object(CodeIgniter\CodeIgniter))
11 FCPATH\index.php(59): CodeIgniter\Boot::bootWeb(Object(Config\Paths))
12 SYSTEMPATH\rewrite.php(44): require_once('C:\\xampp\\htdocs\\ci\\public\\index.php')
DEBUG - 2025-09-17 10:06:24 --> Session: Class initialized using 'CodeIgniter\Session\Handlers\FileHandler' driver.
CRITICAL - 2025-09-17 10:06:24 --> ErrorException: Trying to access array offset on value of type null
[Method: GET, Route: buku/ubah/3]
in APPPATH\Views\buku\detail.php on line 10.
 1 APPPATH\Views\buku\detail.php(10): CodeIgniter\Debug\Exceptions->errorHandler(2, 'Trying to access array offset on value of type null', 'C:\\xampp\\htdocs\\ci\\app\\Views\\buku\\detail.php', 10)
 2 SYSTEMPATH\View\View.php(226): include('C:\\xampp\\htdocs\\ci\\app\\Views\\buku\\detail.php')
 3 SYSTEMPATH\View\View.php(229): CodeIgniter\View\View->CodeIgniter\View\{closure}()
 4 SYSTEMPATH\Common.php(1167): CodeIgniter\View\View->render('buku/detail', [], true)
 5 APPPATH\Controllers\Buku.php(28): view('buku/detail', [...])
 6 SYSTEMPATH\CodeIgniter.php(933): App\Controllers\Buku->detail('ubah', '3')
 7 SYSTEMPATH\CodeIgniter.php(507): CodeIgniter\CodeIgniter->runController(Object(App\Controllers\Buku))
 8 SYSTEMPATH\CodeIgniter.php(354): CodeIgniter\CodeIgniter->handleRequest(null, Object(Config\Cache), false)
 9 SYSTEMPATH\Boot.php(363): CodeIgniter\CodeIgniter->run()
10 SYSTEMPATH\Boot.php(68): CodeIgniter\Boot::runCodeIgniter(Object(CodeIgniter\CodeIgniter))
11 FCPATH\index.php(59): CodeIgniter\Boot::bootWeb(Object(Config\Paths))
12 SYSTEMPATH\rewrite.php(44): require_once('C:\\xampp\\htdocs\\ci\\public\\index.php')
DEBUG - 2025-09-17 10:06:24 --> Session: Class initialized using 'CodeIgniter\Session\Handlers\FileHandler' driver.
CRITICAL - 2025-09-17 10:06:24 --> ErrorException: Trying to access array offset on value of type null
[Method: GET, Route: buku/ubah/3]
in APPPATH\Views\buku\detail.php on line 10.
 1 APPPATH\Views\buku\detail.php(10): CodeIgniter\Debug\Exceptions->errorHandler(2, 'Trying to access array offset on value of type null', 'C:\\xampp\\htdocs\\ci\\app\\Views\\buku\\detail.php', 10)
 2 SYSTEMPATH\View\View.php(226): include('C:\\xampp\\htdocs\\ci\\app\\Views\\buku\\detail.php')
 3 SYSTEMPATH\View\View.php(229): CodeIgniter\View\View->CodeIgniter\View\{closure}()
 4 SYSTEMPATH\Common.php(1167): CodeIgniter\View\View->render('buku/detail', [], true)
 5 APPPATH\Controllers\Buku.php(28): view('buku/detail', [...])
 6 SYSTEMPATH\CodeIgniter.php(933): App\Controllers\Buku->detail('ubah', '3')
 7 SYSTEMPATH\CodeIgniter.php(507): CodeIgniter\CodeIgniter->runController(Object(App\Controllers\Buku))
 8 SYSTEMPATH\CodeIgniter.php(354): CodeIgniter\CodeIgniter->handleRequest(null, Object(Config\Cache), false)
 9 SYSTEMPATH\Boot.php(363): CodeIgniter\CodeIgniter->run()
10 SYSTEMPATH\Boot.php(68): CodeIgniter\Boot::runCodeIgniter(Object(CodeIgniter\CodeIgniter))
11 FCPATH\index.php(59): CodeIgniter\Boot::bootWeb(Object(Config\Paths))
12 SYSTEMPATH\rewrite.php(44): require_once('C:\\xampp\\htdocs\\ci\\public\\index.php')
DEBUG - 2025-09-17 10:06:25 --> Session: Class initialized using 'CodeIgniter\Session\Handlers\FileHandler' driver.
CRITICAL - 2025-09-17 10:06:25 --> ErrorException: Trying to access array offset on value of type null
[Method: GET, Route: buku/ubah/3]
in APPPATH\Views\buku\detail.php on line 10.
 1 APPPATH\Views\buku\detail.php(10): CodeIgniter\Debug\Exceptions->errorHandler(2, 'Trying to access array offset on value of type null', 'C:\\xampp\\htdocs\\ci\\app\\Views\\buku\\detail.php', 10)
 2 SYSTEMPATH\View\View.php(226): include('C:\\xampp\\htdocs\\ci\\app\\Views\\buku\\detail.php')
 3 SYSTEMPATH\View\View.php(229): CodeIgniter\View\View->CodeIgniter\View\{closure}()
 4 SYSTEMPATH\Common.php(1167): CodeIgniter\View\View->render('buku/detail', [], true)
 5 APPPATH\Controllers\Buku.php(28): view('buku/detail', [...])
 6 SYSTEMPATH\CodeIgniter.php(933): App\Controllers\Buku->detail('ubah', '3')
 7 SYSTEMPATH\CodeIgniter.php(507): CodeIgniter\CodeIgniter->runController(Object(App\Controllers\Buku))
 8 SYSTEMPATH\CodeIgniter.php(354): CodeIgniter\CodeIgniter->handleRequest(null, Object(Config\Cache), false)
 9 SYSTEMPATH\Boot.php(363): CodeIgniter\CodeIgniter->run()
10 SYSTEMPATH\Boot.php(68): CodeIgniter\Boot::runCodeIgniter(Object(CodeIgniter\CodeIgniter))
11 FCPATH\index.php(59): CodeIgniter\Boot::bootWeb(Object(Config\Paths))
12 SYSTEMPATH\rewrite.php(44): require_once('C:\\xampp\\htdocs\\ci\\public\\index.php')
DEBUG - 2025-09-17 10:06:25 --> Session: Class initialized using 'CodeIgniter\Session\Handlers\FileHandler' driver.
CRITICAL - 2025-09-17 10:06:25 --> ErrorException: Trying to access array offset on value of type null
[Method: GET, Route: buku/ubah/3]
in APPPATH\Views\buku\detail.php on line 10.
 1 APPPATH\Views\buku\detail.php(10): CodeIgniter\Debug\Exceptions->errorHandler(2, 'Trying to access array offset on value of type null', 'C:\\xampp\\htdocs\\ci\\app\\Views\\buku\\detail.php', 10)
 2 SYSTEMPATH\View\View.php(226): include('C:\\xampp\\htdocs\\ci\\app\\Views\\buku\\detail.php')
 3 SYSTEMPATH\View\View.php(229): CodeIgniter\View\View->CodeIgniter\View\{closure}()
 4 SYSTEMPATH\Common.php(1167): CodeIgniter\View\View->render('buku/detail', [], true)
 5 APPPATH\Controllers\Buku.php(28): view('buku/detail', [...])
 6 SYSTEMPATH\CodeIgniter.php(933): App\Controllers\Buku->detail('ubah', '3')
 7 SYSTEMPATH\CodeIgniter.php(507): CodeIgniter\CodeIgniter->runController(Object(App\Controllers\Buku))
 8 SYSTEMPATH\CodeIgniter.php(354): CodeIgniter\CodeIgniter->handleRequest(null, Object(Config\Cache), false)
 9 SYSTEMPATH\Boot.php(363): CodeIgniter\CodeIgniter->run()
10 SYSTEMPATH\Boot.php(68): CodeIgniter\Boot::runCodeIgniter(Object(CodeIgniter\CodeIgniter))
11 FCPATH\index.php(59): CodeIgniter\Boot::bootWeb(Object(Config\Paths))
12 SYSTEMPATH\rewrite.php(44): require_once('C:\\xampp\\htdocs\\ci\\public\\index.php')
DEBUG - 2025-09-17 10:06:25 --> Session: Class initialized using 'CodeIgniter\Session\Handlers\FileHandler' driver.
CRITICAL - 2025-09-17 10:06:25 --> ErrorException: Trying to access array offset on value of type null
[Method: GET, Route: buku/ubah/3]
in APPPATH\Views\buku\detail.php on line 10.
 1 APPPATH\Views\buku\detail.php(10): CodeIgniter\Debug\Exceptions->errorHandler(2, 'Trying to access array offset on value of type null', 'C:\\xampp\\htdocs\\ci\\app\\Views\\buku\\detail.php', 10)
 2 SYSTEMPATH\View\View.php(226): include('C:\\xampp\\htdocs\\ci\\app\\Views\\buku\\detail.php')
 3 SYSTEMPATH\View\View.php(229): CodeIgniter\View\View->CodeIgniter\View\{closure}()
 4 SYSTEMPATH\Common.php(1167): CodeIgniter\View\View->render('buku/detail', [], true)
 5 APPPATH\Controllers\Buku.php(28): view('buku/detail', [...])
 6 SYSTEMPATH\CodeIgniter.php(933): App\Controllers\Buku->detail('ubah', '3')
 7 SYSTEMPATH\CodeIgniter.php(507): CodeIgniter\CodeIgniter->runController(Object(App\Controllers\Buku))
 8 SYSTEMPATH\CodeIgniter.php(354): CodeIgniter\CodeIgniter->handleRequest(null, Object(Config\Cache), false)
 9 SYSTEMPATH\Boot.php(363): CodeIgniter\CodeIgniter->run()
10 SYSTEMPATH\Boot.php(68): CodeIgniter\Boot::runCodeIgniter(Object(CodeIgniter\CodeIgniter))
11 FCPATH\index.php(59): CodeIgniter\Boot::bootWeb(Object(Config\Paths))
12 SYSTEMPATH\rewrite.php(44): require_once('C:\\xampp\\htdocs\\ci\\public\\index.php')
DEBUG - 2025-09-17 10:06:25 --> Session: Class initialized using 'CodeIgniter\Session\Handlers\FileHandler' driver.
CRITICAL - 2025-09-17 10:06:25 --> ErrorException: Trying to access array offset on value of type null
[Method: GET, Route: buku/ubah/3]
in APPPATH\Views\buku\detail.php on line 10.
 1 APPPATH\Views\buku\detail.php(10): CodeIgniter\Debug\Exceptions->errorHandler(2, 'Trying to access array offset on value of type null', 'C:\\xampp\\htdocs\\ci\\app\\Views\\buku\\detail.php', 10)
 2 SYSTEMPATH\View\View.php(226): include('C:\\xampp\\htdocs\\ci\\app\\Views\\buku\\detail.php')
 3 SYSTEMPATH\View\View.php(229): CodeIgniter\View\View->CodeIgniter\View\{closure}()
 4 SYSTEMPATH\Common.php(1167): CodeIgniter\View\View->render('buku/detail', [], true)
 5 APPPATH\Controllers\Buku.php(28): view('buku/detail', [...])
 6 SYSTEMPATH\CodeIgniter.php(933): App\Controllers\Buku->detail('ubah', '3')
 7 SYSTEMPATH\CodeIgniter.php(507): CodeIgniter\CodeIgniter->runController(Object(App\Controllers\Buku))
 8 SYSTEMPATH\CodeIgniter.php(354): CodeIgniter\CodeIgniter->handleRequest(null, Object(Config\Cache), false)
 9 SYSTEMPATH\Boot.php(363): CodeIgniter\CodeIgniter->run()
10 SYSTEMPATH\Boot.php(68): CodeIgniter\Boot::runCodeIgniter(Object(CodeIgniter\CodeIgniter))
11 FCPATH\index.php(59): CodeIgniter\Boot::bootWeb(Object(Config\Paths))
12 SYSTEMPATH\rewrite.php(44): require_once('C:\\xampp\\htdocs\\ci\\public\\index.php')
DEBUG - 2025-09-17 10:06:25 --> Session: Class initialized using 'CodeIgniter\Session\Handlers\FileHandler' driver.
CRITICAL - 2025-09-17 10:06:25 --> ErrorException: Trying to access array offset on value of type null
[Method: GET, Route: buku/ubah/3]
in APPPATH\Views\buku\detail.php on line 10.
 1 APPPATH\Views\buku\detail.php(10): CodeIgniter\Debug\Exceptions->errorHandler(2, 'Trying to access array offset on value of type null', 'C:\\xampp\\htdocs\\ci\\app\\Views\\buku\\detail.php', 10)
 2 SYSTEMPATH\View\View.php(226): include('C:\\xampp\\htdocs\\ci\\app\\Views\\buku\\detail.php')
 3 SYSTEMPATH\View\View.php(229): CodeIgniter\View\View->CodeIgniter\View\{closure}()
 4 SYSTEMPATH\Common.php(1167): CodeIgniter\View\View->render('buku/detail', [], true)
 5 APPPATH\Controllers\Buku.php(28): view('buku/detail', [...])
 6 SYSTEMPATH\CodeIgniter.php(933): App\Controllers\Buku->detail('ubah', '3')
 7 SYSTEMPATH\CodeIgniter.php(507): CodeIgniter\CodeIgniter->runController(Object(App\Controllers\Buku))
 8 SYSTEMPATH\CodeIgniter.php(354): CodeIgniter\CodeIgniter->handleRequest(null, Object(Config\Cache), false)
 9 SYSTEMPATH\Boot.php(363): CodeIgniter\CodeIgniter->run()
10 SYSTEMPATH\Boot.php(68): CodeIgniter\Boot::runCodeIgniter(Object(CodeIgniter\CodeIgniter))
11 FCPATH\index.php(59): CodeIgniter\Boot::bootWeb(Object(Config\Paths))
12 SYSTEMPATH\rewrite.php(44): require_once('C:\\xampp\\htdocs\\ci\\public\\index.php')
DEBUG - 2025-09-17 10:06:25 --> Session: Class initialized using 'CodeIgniter\Session\Handlers\FileHandler' driver.
CRITICAL - 2025-09-17 10:06:25 --> ErrorException: Trying to access array offset on value of type null
[Method: GET, Route: buku/ubah/3]
in APPPATH\Views\buku\detail.php on line 10.
 1 APPPATH\Views\buku\detail.php(10): CodeIgniter\Debug\Exceptions->errorHandler(2, 'Trying to access array offset on value of type null', 'C:\\xampp\\htdocs\\ci\\app\\Views\\buku\\detail.php', 10)
 2 SYSTEMPATH\View\View.php(226): include('C:\\xampp\\htdocs\\ci\\app\\Views\\buku\\detail.php')
 3 SYSTEMPATH\View\View.php(229): CodeIgniter\View\View->CodeIgniter\View\{closure}()
 4 SYSTEMPATH\Common.php(1167): CodeIgniter\View\View->render('buku/detail', [], true)
 5 APPPATH\Controllers\Buku.php(28): view('buku/detail', [...])
 6 SYSTEMPATH\CodeIgniter.php(933): App\Controllers\Buku->detail('ubah', '3')
 7 SYSTEMPATH\CodeIgniter.php(507): CodeIgniter\CodeIgniter->runController(Object(App\Controllers\Buku))
 8 SYSTEMPATH\CodeIgniter.php(354): CodeIgniter\CodeIgniter->handleRequest(null, Object(Config\Cache), false)
 9 SYSTEMPATH\Boot.php(363): CodeIgniter\CodeIgniter->run()
10 SYSTEMPATH\Boot.php(68): CodeIgniter\Boot::runCodeIgniter(Object(CodeIgniter\CodeIgniter))
11 FCPATH\index.php(59): CodeIgniter\Boot::bootWeb(Object(Config\Paths))
12 SYSTEMPATH\rewrite.php(44): require_once('C:\\xampp\\htdocs\\ci\\public\\index.php')
DEBUG - 2025-09-17 10:06:25 --> Session: Class initialized using 'CodeIgniter\Session\Handlers\FileHandler' driver.
CRITICAL - 2025-09-17 10:06:25 --> ErrorException: Trying to access array offset on value of type null
[Method: GET, Route: buku/ubah/3]
in APPPATH\Views\buku\detail.php on line 10.
 1 APPPATH\Views\buku\detail.php(10): CodeIgniter\Debug\Exceptions->errorHandler(2, 'Trying to access array offset on value of type null', 'C:\\xampp\\htdocs\\ci\\app\\Views\\buku\\detail.php', 10)
 2 SYSTEMPATH\View\View.php(226): include('C:\\xampp\\htdocs\\ci\\app\\Views\\buku\\detail.php')
 3 SYSTEMPATH\View\View.php(229): CodeIgniter\View\View->CodeIgniter\View\{closure}()
 4 SYSTEMPATH\Common.php(1167): CodeIgniter\View\View->render('buku/detail', [], true)
 5 APPPATH\Controllers\Buku.php(28): view('buku/detail', [...])
 6 SYSTEMPATH\CodeIgniter.php(933): App\Controllers\Buku->detail('ubah', '3')
 7 SYSTEMPATH\CodeIgniter.php(507): CodeIgniter\CodeIgniter->runController(Object(App\Controllers\Buku))
 8 SYSTEMPATH\CodeIgniter.php(354): CodeIgniter\CodeIgniter->handleRequest(null, Object(Config\Cache), false)
 9 SYSTEMPATH\Boot.php(363): CodeIgniter\CodeIgniter->run()
10 SYSTEMPATH\Boot.php(68): CodeIgniter\Boot::runCodeIgniter(Object(CodeIgniter\CodeIgniter))
11 FCPATH\index.php(59): CodeIgniter\Boot::bootWeb(Object(Config\Paths))
12 SYSTEMPATH\rewrite.php(44): require_once('C:\\xampp\\htdocs\\ci\\public\\index.php')
DEBUG - 2025-09-17 10:06:26 --> Session: Class initialized using 'CodeIgniter\Session\Handlers\FileHandler' driver.
CRITICAL - 2025-09-17 10:06:26 --> ErrorException: Trying to access array offset on value of type null
[Method: GET, Route: buku/ubah/3]
in APPPATH\Views\buku\detail.php on line 10.
 1 APPPATH\Views\buku\detail.php(10): CodeIgniter\Debug\Exceptions->errorHandler(2, 'Trying to access array offset on value of type null', 'C:\\xampp\\htdocs\\ci\\app\\Views\\buku\\detail.php', 10)
 2 SYSTEMPATH\View\View.php(226): include('C:\\xampp\\htdocs\\ci\\app\\Views\\buku\\detail.php')
 3 SYSTEMPATH\View\View.php(229): CodeIgniter\View\View->CodeIgniter\View\{closure}()
 4 SYSTEMPATH\Common.php(1167): CodeIgniter\View\View->render('buku/detail', [], true)
 5 APPPATH\Controllers\Buku.php(28): view('buku/detail', [...])
 6 SYSTEMPATH\CodeIgniter.php(933): App\Controllers\Buku->detail('ubah', '3')
 7 SYSTEMPATH\CodeIgniter.php(507): CodeIgniter\CodeIgniter->runController(Object(App\Controllers\Buku))
 8 SYSTEMPATH\CodeIgniter.php(354): CodeIgniter\CodeIgniter->handleRequest(null, Object(Config\Cache), false)
 9 SYSTEMPATH\Boot.php(363): CodeIgniter\CodeIgniter->run()
10 SYSTEMPATH\Boot.php(68): CodeIgniter\Boot::runCodeIgniter(Object(CodeIgniter\CodeIgniter))
11 FCPATH\index.php(59): CodeIgniter\Boot::bootWeb(Object(Config\Paths))
12 SYSTEMPATH\rewrite.php(44): require_once('C:\\xampp\\htdocs\\ci\\public\\index.php')
DEBUG - 2025-09-17 10:06:26 --> Session: Class initialized using 'CodeIgniter\Session\Handlers\FileHandler' driver.
CRITICAL - 2025-09-17 10:06:26 --> ErrorException: Trying to access array offset on value of type null
[Method: GET, Route: buku/ubah/3]
in APPPATH\Views\buku\detail.php on line 10.
 1 APPPATH\Views\buku\detail.php(10): CodeIgniter\Debug\Exceptions->errorHandler(2, 'Trying to access array offset on value of type null', 'C:\\xampp\\htdocs\\ci\\app\\Views\\buku\\detail.php', 10)
 2 SYSTEMPATH\View\View.php(226): include('C:\\xampp\\htdocs\\ci\\app\\Views\\buku\\detail.php')
 3 SYSTEMPATH\View\View.php(229): CodeIgniter\View\View->CodeIgniter\View\{closure}()
 4 SYSTEMPATH\Common.php(1167): CodeIgniter\View\View->render('buku/detail', [], true)
 5 APPPATH\Controllers\Buku.php(28): view('buku/detail', [...])
 6 SYSTEMPATH\CodeIgniter.php(933): App\Controllers\Buku->detail('ubah', '3')
 7 SYSTEMPATH\CodeIgniter.php(507): CodeIgniter\CodeIgniter->runController(Object(App\Controllers\Buku))
 8 SYSTEMPATH\CodeIgniter.php(354): CodeIgniter\CodeIgniter->handleRequest(null, Object(Config\Cache), false)
 9 SYSTEMPATH\Boot.php(363): CodeIgniter\CodeIgniter->run()
10 SYSTEMPATH\Boot.php(68): CodeIgniter\Boot::runCodeIgniter(Object(CodeIgniter\CodeIgniter))
11 FCPATH\index.php(59): CodeIgniter\Boot::bootWeb(Object(Config\Paths))
12 SYSTEMPATH\rewrite.php(44): require_once('C:\\xampp\\htdocs\\ci\\public\\index.php')
DEBUG - 2025-09-17 10:06:26 --> Session: Class initialized using 'CodeIgniter\Session\Handlers\FileHandler' driver.
CRITICAL - 2025-09-17 10:06:26 --> ErrorException: Trying to access array offset on value of type null
[Method: GET, Route: buku/ubah/3]
in APPPATH\Views\buku\detail.php on line 10.
 1 APPPATH\Views\buku\detail.php(10): CodeIgniter\Debug\Exceptions->errorHandler(2, 'Trying to access array offset on value of type null', 'C:\\xampp\\htdocs\\ci\\app\\Views\\buku\\detail.php', 10)
 2 SYSTEMPATH\View\View.php(226): include('C:\\xampp\\htdocs\\ci\\app\\Views\\buku\\detail.php')
 3 SYSTEMPATH\View\View.php(229): CodeIgniter\View\View->CodeIgniter\View\{closure}()
 4 SYSTEMPATH\Common.php(1167): CodeIgniter\View\View->render('buku/detail', [], true)
 5 APPPATH\Controllers\Buku.php(28): view('buku/detail', [...])
 6 SYSTEMPATH\CodeIgniter.php(933): App\Controllers\Buku->detail('ubah', '3')
 7 SYSTEMPATH\CodeIgniter.php(507): CodeIgniter\CodeIgniter->runController(Object(App\Controllers\Buku))
 8 SYSTEMPATH\CodeIgniter.php(354): CodeIgniter\CodeIgniter->handleRequest(null, Object(Config\Cache), false)
 9 SYSTEMPATH\Boot.php(363): CodeIgniter\CodeIgniter->run()
10 SYSTEMPATH\Boot.php(68): CodeIgniter\Boot::runCodeIgniter(Object(CodeIgniter\CodeIgniter))
11 FCPATH\index.php(59): CodeIgniter\Boot::bootWeb(Object(Config\Paths))
12 SYSTEMPATH\rewrite.php(44): require_once('C:\\xampp\\htdocs\\ci\\public\\index.php')
DEBUG - 2025-09-17 10:06:27 --> Session: Class initialized using 'CodeIgniter\Session\Handlers\FileHandler' driver.
CRITICAL - 2025-09-17 10:06:27 --> ErrorException: Trying to access array offset on value of type null
[Method: GET, Route: buku/ubah/]
in APPPATH\Views\buku\detail.php on line 10.
 1 APPPATH\Views\buku\detail.php(10): CodeIgniter\Debug\Exceptions->errorHandler(2, 'Trying to access array offset on value of type null', 'C:\\xampp\\htdocs\\ci\\app\\Views\\buku\\detail.php', 10)
 2 SYSTEMPATH\View\View.php(226): include('C:\\xampp\\htdocs\\ci\\app\\Views\\buku\\detail.php')
 3 SYSTEMPATH\View\View.php(229): CodeIgniter\View\View->CodeIgniter\View\{closure}()
 4 SYSTEMPATH\Common.php(1167): CodeIgniter\View\View->render('buku/detail', [], true)
 5 APPPATH\Controllers\Buku.php(28): view('buku/detail', [...])
 6 SYSTEMPATH\CodeIgniter.php(933): App\Controllers\Buku->detail('ubah')
 7 SYSTEMPATH\CodeIgniter.php(507): CodeIgniter\CodeIgniter->runController(Object(App\Controllers\Buku))
 8 SYSTEMPATH\CodeIgniter.php(354): CodeIgniter\CodeIgniter->handleRequest(null, Object(Config\Cache), false)
 9 SYSTEMPATH\Boot.php(363): CodeIgniter\CodeIgniter->run()
10 SYSTEMPATH\Boot.php(68): CodeIgniter\Boot::runCodeIgniter(Object(CodeIgniter\CodeIgniter))
11 FCPATH\index.php(59): CodeIgniter\Boot::bootWeb(Object(Config\Paths))
12 SYSTEMPATH\rewrite.php(44): require_once('C:\\xampp\\htdocs\\ci\\public\\index.php')
DEBUG - 2025-09-17 10:06:28 --> Session: Class initialized using 'CodeIgniter\Session\Handlers\FileHandler' driver.
CRITICAL - 2025-09-17 10:06:28 --> ErrorException: Trying to access array offset on value of type null
[Method: GET, Route: buku/ubah/2]
in APPPATH\Views\buku\detail.php on line 10.
 1 APPPATH\Views\buku\detail.php(10): CodeIgniter\Debug\Exceptions->errorHandler(2, 'Trying to access array offset on value of type null', 'C:\\xampp\\htdocs\\ci\\app\\Views\\buku\\detail.php', 10)
 2 SYSTEMPATH\View\View.php(226): include('C:\\xampp\\htdocs\\ci\\app\\Views\\buku\\detail.php')
 3 SYSTEMPATH\View\View.php(229): CodeIgniter\View\View->CodeIgniter\View\{closure}()
 4 SYSTEMPATH\Common.php(1167): CodeIgniter\View\View->render('buku/detail', [], true)
 5 APPPATH\Controllers\Buku.php(28): view('buku/detail', [...])
 6 SYSTEMPATH\CodeIgniter.php(933): App\Controllers\Buku->detail('ubah', '2')
 7 SYSTEMPATH\CodeIgniter.php(507): CodeIgniter\CodeIgniter->runController(Object(App\Controllers\Buku))
 8 SYSTEMPATH\CodeIgniter.php(354): CodeIgniter\CodeIgniter->handleRequest(null, Object(Config\Cache), false)
 9 SYSTEMPATH\Boot.php(363): CodeIgniter\CodeIgniter->run()
10 SYSTEMPATH\Boot.php(68): CodeIgniter\Boot::runCodeIgniter(Object(CodeIgniter\CodeIgniter))
11 FCPATH\index.php(59): CodeIgniter\Boot::bootWeb(Object(Config\Paths))
12 SYSTEMPATH\rewrite.php(44): require_once('C:\\xampp\\htdocs\\ci\\public\\index.php')
DEBUG - 2025-09-17 10:06:29 --> Session: Class initialized using 'CodeIgniter\Session\Handlers\FileHandler' driver.
CRITICAL - 2025-09-17 10:06:29 --> ErrorException: Trying to access array offset on value of type null
[Method: GET, Route: buku/ubah/1]
in APPPATH\Views\buku\detail.php on line 10.
 1 APPPATH\Views\buku\detail.php(10): CodeIgniter\Debug\Exceptions->errorHandler(2, 'Trying to access array offset on value of type null', 'C:\\xampp\\htdocs\\ci\\app\\Views\\buku\\detail.php', 10)
 2 SYSTEMPATH\View\View.php(226): include('C:\\xampp\\htdocs\\ci\\app\\Views\\buku\\detail.php')
 3 SYSTEMPATH\View\View.php(229): CodeIgniter\View\View->CodeIgniter\View\{closure}()
 4 SYSTEMPATH\Common.php(1167): CodeIgniter\View\View->render('buku/detail', [], true)
 5 APPPATH\Controllers\Buku.php(28): view('buku/detail', [...])
 6 SYSTEMPATH\CodeIgniter.php(933): App\Controllers\Buku->detail('ubah', '1')
 7 SYSTEMPATH\CodeIgniter.php(507): CodeIgniter\CodeIgniter->runController(Object(App\Controllers\Buku))
 8 SYSTEMPATH\CodeIgniter.php(354): CodeIgniter\CodeIgniter->handleRequest(null, Object(Config\Cache), false)
 9 SYSTEMPATH\Boot.php(363): CodeIgniter\CodeIgniter->run()
10 SYSTEMPATH\Boot.php(68): CodeIgniter\Boot::runCodeIgniter(Object(CodeIgniter\CodeIgniter))
11 FCPATH\index.php(59): CodeIgniter\Boot::bootWeb(Object(Config\Paths))
12 SYSTEMPATH\rewrite.php(44): require_once('C:\\xampp\\htdocs\\ci\\public\\index.php')
DEBUG - 2025-09-17 10:06:29 --> Session: Class initialized using 'CodeIgniter\Session\Handlers\FileHandler' driver.
DEBUG - 2025-09-17 10:08:51 --> Session: Class initialized using 'CodeIgniter\Session\Handlers\FileHandler' driver.
CRITICAL - 2025-09-17 10:08:51 --> ErrorException: Trying to access array offset on value of type null
[Method: GET, Route: buku/ubah/1]
in APPPATH\Views\buku\detail.php on line 10.
 1 APPPATH\Views\buku\detail.php(10): CodeIgniter\Debug\Exceptions->errorHandler(2, 'Trying to access array offset on value of type null', 'C:\\xampp\\htdocs\\ci\\app\\Views\\buku\\detail.php', 10)
 2 SYSTEMPATH\View\View.php(226): include('C:\\xampp\\htdocs\\ci\\app\\Views\\buku\\detail.php')
 3 SYSTEMPATH\View\View.php(229): CodeIgniter\View\View->CodeIgniter\View\{closure}()
 4 SYSTEMPATH\Common.php(1167): CodeIgniter\View\View->render('buku/detail', [], true)
 5 APPPATH\Controllers\Buku.php(28): view('buku/detail', [...])
 6 SYSTEMPATH\CodeIgniter.php(933): App\Controllers\Buku->detail('ubah', '1')
 7 SYSTEMPATH\CodeIgniter.php(507): CodeIgniter\CodeIgniter->runController(Object(App\Controllers\Buku))
 8 SYSTEMPATH\CodeIgniter.php(354): CodeIgniter\CodeIgniter->handleRequest(null, Object(Config\Cache), false)
 9 SYSTEMPATH\Boot.php(363): CodeIgniter\CodeIgniter->run()
10 SYSTEMPATH\Boot.php(68): CodeIgniter\Boot::runCodeIgniter(Object(CodeIgniter\CodeIgniter))
11 FCPATH\index.php(59): CodeIgniter\Boot::bootWeb(Object(Config\Paths))
12 SYSTEMPATH\rewrite.php(44): require_once('C:\\xampp\\htdocs\\ci\\public\\index.php')
DEBUG - 2025-09-17 10:12:27 --> Session: Class initialized using 'CodeIgniter\Session\Handlers\FileHandler' driver.
CRITICAL - 2025-09-17 10:12:27 --> ErrorException: Trying to access array offset on value of type null
[Method: GET, Route: buku/ubah/1]
in APPPATH\Views\buku\detail.php on line 13.
 1 APPPATH\Views\buku\detail.php(13): CodeIgniter\Debug\Exceptions->errorHandler(2, 'Trying to access array offset on value of type null', 'C:\\xampp\\htdocs\\ci\\app\\Views\\buku\\detail.php', 13)
 2 SYSTEMPATH\View\View.php(226): include('C:\\xampp\\htdocs\\ci\\app\\Views\\buku\\detail.php')
 3 SYSTEMPATH\View\View.php(229): CodeIgniter\View\View->CodeIgniter\View\{closure}()
 4 SYSTEMPATH\Common.php(1167): CodeIgniter\View\View->render('buku/detail', [], true)
 5 APPPATH\Controllers\Buku.php(28): view('buku/detail', [...])
 6 SYSTEMPATH\CodeIgniter.php(933): App\Controllers\Buku->detail('ubah', '1')
 7 SYSTEMPATH\CodeIgniter.php(507): CodeIgniter\CodeIgniter->runController(Object(App\Controllers\Buku))
 8 SYSTEMPATH\CodeIgniter.php(354): CodeIgniter\CodeIgniter->handleRequest(null, Object(Config\Cache), false)
 9 SYSTEMPATH\Boot.php(363): CodeIgniter\CodeIgniter->run()
10 SYSTEMPATH\Boot.php(68): CodeIgniter\Boot::runCodeIgniter(Object(CodeIgniter\CodeIgniter))
11 FCPATH\index.php(59): CodeIgniter\Boot::bootWeb(Object(Config\Paths))
12 SYSTEMPATH\rewrite.php(44): require_once('C:\\xampp\\htdocs\\ci\\public\\index.php')
DEBUG - 2025-09-17 10:12:35 --> Session: Class initialized using 'CodeIgniter\Session\Handlers\FileHandler' driver.
DEBUG - 2025-09-17 10:12:35 --> Session: Class initialized using 'CodeIgniter\Session\Handlers\FileHandler' driver.
DEBUG - 2025-09-17 10:12:37 --> Session: Class initialized using 'CodeIgniter\Session\Handlers\FileHandler' driver.
DEBUG - 2025-09-17 10:12:45 --> Session: Class initialized using 'CodeIgniter\Session\Handlers\FileHandler' driver.
CRITICAL - 2025-09-17 10:12:45 --> ErrorException: Trying to access array offset on value of type null
[Method: GET, Route: buku/ubah/1]
in APPPATH\Views\buku\detail.php on line 10.
 1 APPPATH\Views\buku\detail.php(10): CodeIgniter\Debug\Exceptions->errorHandler(2, 'Trying to access array offset on value of type null', 'C:\\xampp\\htdocs\\ci\\app\\Views\\buku\\detail.php', 10)
 2 SYSTEMPATH\View\View.php(226): include('C:\\xampp\\htdocs\\ci\\app\\Views\\buku\\detail.php')
 3 SYSTEMPATH\View\View.php(229): CodeIgniter\View\View->CodeIgniter\View\{closure}()
 4 SYSTEMPATH\Common.php(1167): CodeIgniter\View\View->render('buku/detail', [], true)
 5 APPPATH\Controllers\Buku.php(28): view('buku/detail', [...])
 6 SYSTEMPATH\CodeIgniter.php(933): App\Controllers\Buku->detail('ubah', '1')
 7 SYSTEMPATH\CodeIgniter.php(507): CodeIgniter\CodeIgniter->runController(Object(App\Controllers\Buku))
 8 SYSTEMPATH\CodeIgniter.php(354): CodeIgniter\CodeIgniter->handleRequest(null, Object(Config\Cache), false)
 9 SYSTEMPATH\Boot.php(363): CodeIgniter\CodeIgniter->run()
10 SYSTEMPATH\Boot.php(68): CodeIgniter\Boot::runCodeIgniter(Object(CodeIgniter\CodeIgniter))
11 FCPATH\index.php(59): CodeIgniter\Boot::bootWeb(Object(Config\Paths))
12 SYSTEMPATH\rewrite.php(44): require_once('C:\\xampp\\htdocs\\ci\\public\\index.php')
DEBUG - 2025-09-17 10:12:47 --> Session: Class initialized using 'CodeIgniter\Session\Handlers\FileHandler' driver.
CRITICAL - 2025-09-17 10:12:47 --> ErrorException: Trying to access array offset on value of type null
[Method: GET, Route: buku/ubah/1]
in APPPATH\Views\buku\detail.php on line 10.
 1 APPPATH\Views\buku\detail.php(10): CodeIgniter\Debug\Exceptions->errorHandler(2, 'Trying to access array offset on value of type null', 'C:\\xampp\\htdocs\\ci\\app\\Views\\buku\\detail.php', 10)
 2 SYSTEMPATH\View\View.php(226): include('C:\\xampp\\htdocs\\ci\\app\\Views\\buku\\detail.php')
 3 SYSTEMPATH\View\View.php(229): CodeIgniter\View\View->CodeIgniter\View\{closure}()
 4 SYSTEMPATH\Common.php(1167): CodeIgniter\View\View->render('buku/detail', [], true)
 5 APPPATH\Controllers\Buku.php(28): view('buku/detail', [...])
 6 SYSTEMPATH\CodeIgniter.php(933): App\Controllers\Buku->detail('ubah', '1')
 7 SYSTEMPATH\CodeIgniter.php(507): CodeIgniter\CodeIgniter->runController(Object(App\Controllers\Buku))
 8 SYSTEMPATH\CodeIgniter.php(354): CodeIgniter\CodeIgniter->handleRequest(null, Object(Config\Cache), false)
 9 SYSTEMPATH\Boot.php(363): CodeIgniter\CodeIgniter->run()
10 SYSTEMPATH\Boot.php(68): CodeIgniter\Boot::runCodeIgniter(Object(CodeIgniter\CodeIgniter))
11 FCPATH\index.php(59): CodeIgniter\Boot::bootWeb(Object(Config\Paths))
12 SYSTEMPATH\rewrite.php(44): require_once('C:\\xampp\\htdocs\\ci\\public\\index.php')
DEBUG - 2025-09-17 10:12:51 --> Session: Class initialized using 'CodeIgniter\Session\Handlers\FileHandler' driver.
DEBUG - 2025-09-17 10:12:55 --> Session: Class initialized using 'CodeIgniter\Session\Handlers\FileHandler' driver.
DEBUG - 2025-09-17 10:13:08 --> Session: Class initialized using 'CodeIgniter\Session\Handlers\FileHandler' driver.
CRITICAL - 2025-09-17 10:13:08 --> ErrorException: Trying to access array offset on value of type null
[Method: GET, Route: buku/ubah/1]
in APPPATH\Views\buku\detail.php on line 10.
 1 APPPATH\Views\buku\detail.php(10): CodeIgniter\Debug\Exceptions->errorHandler(2, 'Trying to access array offset on value of type null', 'C:\\xampp\\htdocs\\ci\\app\\Views\\buku\\detail.php', 10)
 2 SYSTEMPATH\View\View.php(226): include('C:\\xampp\\htdocs\\ci\\app\\Views\\buku\\detail.php')
 3 SYSTEMPATH\View\View.php(229): CodeIgniter\View\View->CodeIgniter\View\{closure}()
 4 SYSTEMPATH\Common.php(1167): CodeIgniter\View\View->render('buku/detail', [], true)
 5 APPPATH\Controllers\Buku.php(28): view('buku/detail', [...])
 6 SYSTEMPATH\CodeIgniter.php(933): App\Controllers\Buku->detail('ubah', '1')
 7 SYSTEMPATH\CodeIgniter.php(507): CodeIgniter\CodeIgniter->runController(Object(App\Controllers\Buku))
 8 SYSTEMPATH\CodeIgniter.php(354): CodeIgniter\CodeIgniter->handleRequest(null, Object(Config\Cache), false)
 9 SYSTEMPATH\Boot.php(363): CodeIgniter\CodeIgniter->run()
10 SYSTEMPATH\Boot.php(68): CodeIgniter\Boot::runCodeIgniter(Object(CodeIgniter\CodeIgniter))
11 FCPATH\index.php(59): CodeIgniter\Boot::bootWeb(Object(Config\Paths))
12 SYSTEMPATH\rewrite.php(44): require_once('C:\\xampp\\htdocs\\ci\\public\\index.php')
DEBUG - 2025-09-17 10:16:10 --> Session: Class initialized using 'CodeIgniter\Session\Handlers\FileHandler' driver.
CRITICAL - 2025-09-17 10:16:10 --> ErrorException: Trying to access array offset on value of type null
[Method: GET, Route: buku/ubah/1]
in APPPATH\Views\buku\detail.php on line 10.
 1 APPPATH\Views\buku\detail.php(10): CodeIgniter\Debug\Exceptions->errorHandler(2, 'Trying to access array offset on value of type null', 'C:\\xampp\\htdocs\\ci\\app\\Views\\buku\\detail.php', 10)
 2 SYSTEMPATH\View\View.php(226): include('C:\\xampp\\htdocs\\ci\\app\\Views\\buku\\detail.php')
 3 SYSTEMPATH\View\View.php(229): CodeIgniter\View\View->CodeIgniter\View\{closure}()
 4 SYSTEMPATH\Common.php(1167): CodeIgniter\View\View->render('buku/detail', [], true)
 5 APPPATH\Controllers\Buku.php(28): view('buku/detail', [...])
 6 SYSTEMPATH\CodeIgniter.php(933): App\Controllers\Buku->detail('ubah', '1')
 7 SYSTEMPATH\CodeIgniter.php(507): CodeIgniter\CodeIgniter->runController(Object(App\Controllers\Buku))
 8 SYSTEMPATH\CodeIgniter.php(354): CodeIgniter\CodeIgniter->handleRequest(null, Object(Config\Cache), false)
 9 SYSTEMPATH\Boot.php(363): CodeIgniter\CodeIgniter->run()
10 SYSTEMPATH\Boot.php(68): CodeIgniter\Boot::runCodeIgniter(Object(CodeIgniter\CodeIgniter))
11 FCPATH\index.php(59): CodeIgniter\Boot::bootWeb(Object(Config\Paths))
12 SYSTEMPATH\rewrite.php(44): require_once('C:\\xampp\\htdocs\\ci\\public\\index.php')
DEBUG - 2025-09-17 10:16:50 --> Session: Class initialized using 'CodeIgniter\Session\Handlers\FileHandler' driver.
CRITICAL - 2025-09-17 10:16:50 --> ErrorException: Trying to access array offset on value of type null
[Method: GET, Route: buku/ubah/1]
in APPPATH\Views\buku\detail.php on line 14.
 1 APPPATH\Views\buku\detail.php(14): CodeIgniter\Debug\Exceptions->errorHandler(2, 'Trying to access array offset on value of type null', 'C:\\xampp\\htdocs\\ci\\app\\Views\\buku\\detail.php', 14)
 2 SYSTEMPATH\View\View.php(226): include('C:\\xampp\\htdocs\\ci\\app\\Views\\buku\\detail.php')
 3 SYSTEMPATH\View\View.php(229): CodeIgniter\View\View->CodeIgniter\View\{closure}()
 4 SYSTEMPATH\Common.php(1167): CodeIgniter\View\View->render('buku/detail', [], true)
 5 APPPATH\Controllers\Buku.php(28): view('buku/detail', [...])
 6 SYSTEMPATH\CodeIgniter.php(933): App\Controllers\Buku->detail('ubah', '1')
 7 SYSTEMPATH\CodeIgniter.php(507): CodeIgniter\CodeIgniter->runController(Object(App\Controllers\Buku))
 8 SYSTEMPATH\CodeIgniter.php(354): CodeIgniter\CodeIgniter->handleRequest(null, Object(Config\Cache), false)
 9 SYSTEMPATH\Boot.php(363): CodeIgniter\CodeIgniter->run()
10 SYSTEMPATH\Boot.php(68): CodeIgniter\Boot::runCodeIgniter(Object(CodeIgniter\CodeIgniter))
11 FCPATH\index.php(59): CodeIgniter\Boot::bootWeb(Object(Config\Paths))
12 SYSTEMPATH\rewrite.php(44): require_once('C:\\xampp\\htdocs\\ci\\public\\index.php')
DEBUG - 2025-09-17 10:17:18 --> Session: Class initialized using 'CodeIgniter\Session\Handlers\FileHandler' driver.
CRITICAL - 2025-09-17 10:17:18 --> ErrorException: Trying to access array offset on value of type null
[Method: GET, Route: buku/ubah/1]
in APPPATH\Views\buku\detail.php on line 15.
 1 APPPATH\Views\buku\detail.php(15): CodeIgniter\Debug\Exceptions->errorHandler(2, 'Trying to access array offset on value of type null', 'C:\\xampp\\htdocs\\ci\\app\\Views\\buku\\detail.php', 15)
 2 SYSTEMPATH\View\View.php(226): include('C:\\xampp\\htdocs\\ci\\app\\Views\\buku\\detail.php')
 3 SYSTEMPATH\View\View.php(229): CodeIgniter\View\View->CodeIgniter\View\{closure}()
 4 SYSTEMPATH\Common.php(1167): CodeIgniter\View\View->render('buku/detail', [], true)
 5 APPPATH\Controllers\Buku.php(28): view('buku/detail', [...])
 6 SYSTEMPATH\CodeIgniter.php(933): App\Controllers\Buku->detail('ubah', '1')
 7 SYSTEMPATH\CodeIgniter.php(507): CodeIgniter\CodeIgniter->runController(Object(App\Controllers\Buku))
 8 SYSTEMPATH\CodeIgniter.php(354): CodeIgniter\CodeIgniter->handleRequest(null, Object(Config\Cache), false)
 9 SYSTEMPATH\Boot.php(363): CodeIgniter\CodeIgniter->run()
10 SYSTEMPATH\Boot.php(68): CodeIgniter\Boot::runCodeIgniter(Object(CodeIgniter\CodeIgniter))
11 FCPATH\index.php(59): CodeIgniter\Boot::bootWeb(Object(Config\Paths))
12 SYSTEMPATH\rewrite.php(44): require_once('C:\\xampp\\htdocs\\ci\\public\\index.php')
DEBUG - 2025-09-17 10:18:10 --> Session: Class initialized using 'CodeIgniter\Session\Handlers\FileHandler' driver.
CRITICAL - 2025-09-17 10:18:10 --> ErrorException: Trying to access array offset on value of type null
[Method: GET, Route: buku/ubah/1]
in APPPATH\Views\buku\detail.php on line 19.
 1 APPPATH\Views\buku\detail.php(19): CodeIgniter\Debug\Exceptions->errorHandler(2, 'Trying to access array offset on value of type null', 'C:\\xampp\\htdocs\\ci\\app\\Views\\buku\\detail.php', 19)
 2 SYSTEMPATH\View\View.php(226): include('C:\\xampp\\htdocs\\ci\\app\\Views\\buku\\detail.php')
 3 SYSTEMPATH\View\View.php(229): CodeIgniter\View\View->CodeIgniter\View\{closure}()
 4 SYSTEMPATH\Common.php(1167): CodeIgniter\View\View->render('buku/detail', [], true)
 5 APPPATH\Controllers\Buku.php(28): view('buku/detail', [...])
 6 SYSTEMPATH\CodeIgniter.php(933): App\Controllers\Buku->detail('ubah', '1')
 7 SYSTEMPATH\CodeIgniter.php(507): CodeIgniter\CodeIgniter->runController(Object(App\Controllers\Buku))
 8 SYSTEMPATH\CodeIgniter.php(354): CodeIgniter\CodeIgniter->handleRequest(null, Object(Config\Cache), false)
 9 SYSTEMPATH\Boot.php(363): CodeIgniter\CodeIgniter->run()
10 SYSTEMPATH\Boot.php(68): CodeIgniter\Boot::runCodeIgniter(Object(CodeIgniter\CodeIgniter))
11 FCPATH\index.php(59): CodeIgniter\Boot::bootWeb(Object(Config\Paths))
12 SYSTEMPATH\rewrite.php(44): require_once('C:\\xampp\\htdocs\\ci\\public\\index.php')
DEBUG - 2025-09-17 10:18:11 --> Session: Class initialized using 'CodeIgniter\Session\Handlers\FileHandler' driver.
CRITICAL - 2025-09-17 10:18:11 --> ErrorException: Trying to access array offset on value of type null
[Method: GET, Route: buku/ubah/1]
in APPPATH\Views\buku\detail.php on line 19.
 1 APPPATH\Views\buku\detail.php(19): CodeIgniter\Debug\Exceptions->errorHandler(2, 'Trying to access array offset on value of type null', 'C:\\xampp\\htdocs\\ci\\app\\Views\\buku\\detail.php', 19)
 2 SYSTEMPATH\View\View.php(226): include('C:\\xampp\\htdocs\\ci\\app\\Views\\buku\\detail.php')
 3 SYSTEMPATH\View\View.php(229): CodeIgniter\View\View->CodeIgniter\View\{closure}()
 4 SYSTEMPATH\Common.php(1167): CodeIgniter\View\View->render('buku/detail', [], true)
 5 APPPATH\Controllers\Buku.php(28): view('buku/detail', [...])
 6 SYSTEMPATH\CodeIgniter.php(933): App\Controllers\Buku->detail('ubah', '1')
 7 SYSTEMPATH\CodeIgniter.php(507): CodeIgniter\CodeIgniter->runController(Object(App\Controllers\Buku))
 8 SYSTEMPATH\CodeIgniter.php(354): CodeIgniter\CodeIgniter->handleRequest(null, Object(Config\Cache), false)
 9 SYSTEMPATH\Boot.php(363): CodeIgniter\CodeIgniter->run()
10 SYSTEMPATH\Boot.php(68): CodeIgniter\Boot::runCodeIgniter(Object(CodeIgniter\CodeIgniter))
11 FCPATH\index.php(59): CodeIgniter\Boot::bootWeb(Object(Config\Paths))
12 SYSTEMPATH\rewrite.php(44): require_once('C:\\xampp\\htdocs\\ci\\public\\index.php')
DEBUG - 2025-09-17 10:18:36 --> Session: Class initialized using 'CodeIgniter\Session\Handlers\FileHandler' driver.
CRITICAL - 2025-09-17 10:18:36 --> ErrorException: Trying to access array offset on value of type null
[Method: GET, Route: buku/ubah/1]
in APPPATH\Views\buku\detail.php on line 20.
 1 APPPATH\Views\buku\detail.php(20): CodeIgniter\Debug\Exceptions->errorHandler(2, 'Trying to access array offset on value of type null', 'C:\\xampp\\htdocs\\ci\\app\\Views\\buku\\detail.php', 20)
 2 SYSTEMPATH\View\View.php(226): include('C:\\xampp\\htdocs\\ci\\app\\Views\\buku\\detail.php')
 3 SYSTEMPATH\View\View.php(229): CodeIgniter\View\View->CodeIgniter\View\{closure}()
 4 SYSTEMPATH\Common.php(1167): CodeIgniter\View\View->render('buku/detail', [], true)
 5 APPPATH\Controllers\Buku.php(28): view('buku/detail', [...])
 6 SYSTEMPATH\CodeIgniter.php(933): App\Controllers\Buku->detail('ubah', '1')
 7 SYSTEMPATH\CodeIgniter.php(507): CodeIgniter\CodeIgniter->runController(Object(App\Controllers\Buku))
 8 SYSTEMPATH\CodeIgniter.php(354): CodeIgniter\CodeIgniter->handleRequest(null, Object(Config\Cache), false)
 9 SYSTEMPATH\Boot.php(363): CodeIgniter\CodeIgniter->run()
10 SYSTEMPATH\Boot.php(68): CodeIgniter\Boot::runCodeIgniter(Object(CodeIgniter\CodeIgniter))
11 FCPATH\index.php(59): CodeIgniter\Boot::bootWeb(Object(Config\Paths))
12 SYSTEMPATH\rewrite.php(44): require_once('C:\\xampp\\htdocs\\ci\\public\\index.php')
DEBUG - 2025-09-17 10:18:43 --> Session: Class initialized using 'CodeIgniter\Session\Handlers\FileHandler' driver.
DEBUG - 2025-09-17 10:18:44 --> Session: Class initialized using 'CodeIgniter\Session\Handlers\FileHandler' driver.
CRITICAL - 2025-09-17 10:18:44 --> ErrorException: Trying to access array offset on value of type null
[Method: GET, Route: buku/ubah/1]
in APPPATH\Views\buku\detail.php on line 20.
 1 APPPATH\Views\buku\detail.php(20): CodeIgniter\Debug\Exceptions->errorHandler(2, 'Trying to access array offset on value of type null', 'C:\\xampp\\htdocs\\ci\\app\\Views\\buku\\detail.php', 20)
 2 SYSTEMPATH\View\View.php(226): include('C:\\xampp\\htdocs\\ci\\app\\Views\\buku\\detail.php')
 3 SYSTEMPATH\View\View.php(229): CodeIgniter\View\View->CodeIgniter\View\{closure}()
 4 SYSTEMPATH\Common.php(1167): CodeIgniter\View\View->render('buku/detail', [], true)
 5 APPPATH\Controllers\Buku.php(28): view('buku/detail', [...])
 6 SYSTEMPATH\CodeIgniter.php(933): App\Controllers\Buku->detail('ubah', '1')
 7 SYSTEMPATH\CodeIgniter.php(507): CodeIgniter\CodeIgniter->runController(Object(App\Controllers\Buku))
 8 SYSTEMPATH\CodeIgniter.php(354): CodeIgniter\CodeIgniter->handleRequest(null, Object(Config\Cache), false)
 9 SYSTEMPATH\Boot.php(363): CodeIgniter\CodeIgniter->run()
10 SYSTEMPATH\Boot.php(68): CodeIgniter\Boot::runCodeIgniter(Object(CodeIgniter\CodeIgniter))
11 FCPATH\index.php(59): CodeIgniter\Boot::bootWeb(Object(Config\Paths))
12 SYSTEMPATH\rewrite.php(44): require_once('C:\\xampp\\htdocs\\ci\\public\\index.php')
DEBUG - 2025-09-17 10:19:02 --> Session: Class initialized using 'CodeIgniter\Session\Handlers\FileHandler' driver.
CRITICAL - 2025-09-17 10:19:02 --> ErrorException: Trying to access array offset on value of type null
[Method: GET, Route: buku/ubah/1]
in APPPATH\Views\buku\detail.php on line 20.
 1 APPPATH\Views\buku\detail.php(20): CodeIgniter\Debug\Exceptions->errorHandler(2, 'Trying to access array offset on value of type null', 'C:\\xampp\\htdocs\\ci\\app\\Views\\buku\\detail.php', 20)
 2 SYSTEMPATH\View\View.php(226): include('C:\\xampp\\htdocs\\ci\\app\\Views\\buku\\detail.php')
 3 SYSTEMPATH\View\View.php(229): CodeIgniter\View\View->CodeIgniter\View\{closure}()
 4 SYSTEMPATH\Common.php(1167): CodeIgniter\View\View->render('buku/detail', [], true)
 5 APPPATH\Controllers\Buku.php(28): view('buku/detail', [...])
 6 SYSTEMPATH\CodeIgniter.php(933): App\Controllers\Buku->detail('ubah', '1')
 7 SYSTEMPATH\CodeIgniter.php(507): CodeIgniter\CodeIgniter->runController(Object(App\Controllers\Buku))
 8 SYSTEMPATH\CodeIgniter.php(354): CodeIgniter\CodeIgniter->handleRequest(null, Object(Config\Cache), false)
 9 SYSTEMPATH\Boot.php(363): CodeIgniter\CodeIgniter->run()
10 SYSTEMPATH\Boot.php(68): CodeIgniter\Boot::runCodeIgniter(Object(CodeIgniter\CodeIgniter))
11 FCPATH\index.php(59): CodeIgniter\Boot::bootWeb(Object(Config\Paths))
12 SYSTEMPATH\rewrite.php(44): require_once('C:\\xampp\\htdocs\\ci\\public\\index.php')
DEBUG - 2025-09-17 10:19:27 --> Session: Class initialized using 'CodeIgniter\Session\Handlers\FileHandler' driver.
DEBUG - 2025-09-17 10:19:28 --> Session: Class initialized using 'CodeIgniter\Session\Handlers\FileHandler' driver.
DEBUG - 2025-09-17 10:19:29 --> Session: Class initialized using 'CodeIgniter\Session\Handlers\FileHandler' driver.
DEBUG - 2025-09-17 10:19:30 --> Session: Class initialized using 'CodeIgniter\Session\Handlers\FileHandler' driver.
DEBUG - 2025-09-17 10:19:30 --> Session: Class initialized using 'CodeIgniter\Session\Handlers\FileHandler' driver.
DEBUG - 2025-09-17 10:19:32 --> Session: Class initialized using 'CodeIgniter\Session\Handlers\FileHandler' driver.
DEBUG - 2025-09-17 10:19:51 --> Session: Class initialized using 'CodeIgniter\Session\Handlers\FileHandler' driver.
CRITICAL - 2025-09-17 10:19:51 --> ErrorException: Trying to access array offset on value of type null
[Method: GET, Route: buku/ubah/1]
in APPPATH\Views\buku\detail.php on line 10.
 1 APPPATH\Views\buku\detail.php(10): CodeIgniter\Debug\Exceptions->errorHandler(2, 'Trying to access array offset on value of type null', 'C:\\xampp\\htdocs\\ci\\app\\Views\\buku\\detail.php', 10)
 2 SYSTEMPATH\View\View.php(226): include('C:\\xampp\\htdocs\\ci\\app\\Views\\buku\\detail.php')
 3 SYSTEMPATH\View\View.php(229): CodeIgniter\View\View->CodeIgniter\View\{closure}()
 4 SYSTEMPATH\Common.php(1167): CodeIgniter\View\View->render('buku/detail', [], true)
 5 APPPATH\Controllers\Buku.php(28): view('buku/detail', [...])
 6 SYSTEMPATH\CodeIgniter.php(933): App\Controllers\Buku->detail('ubah', '1')
 7 SYSTEMPATH\CodeIgniter.php(507): CodeIgniter\CodeIgniter->runController(Object(App\Controllers\Buku))
 8 SYSTEMPATH\CodeIgniter.php(354): CodeIgniter\CodeIgniter->handleRequest(null, Object(Config\Cache), false)
 9 SYSTEMPATH\Boot.php(363): CodeIgniter\CodeIgniter->run()
10 SYSTEMPATH\Boot.php(68): CodeIgniter\Boot::runCodeIgniter(Object(CodeIgniter\CodeIgniter))
11 FCPATH\index.php(59): CodeIgniter\Boot::bootWeb(Object(Config\Paths))
12 SYSTEMPATH\rewrite.php(44): require_once('C:\\xampp\\htdocs\\ci\\public\\index.php')
DEBUG - 2025-09-17 10:19:53 --> Session: Class initialized using 'CodeIgniter\Session\Handlers\FileHandler' driver.
CRITICAL - 2025-09-17 10:19:53 --> ErrorException: Trying to access array offset on value of type null
[Method: GET, Route: buku/ubah/]
in APPPATH\Views\buku\detail.php on line 10.
 1 APPPATH\Views\buku\detail.php(10): CodeIgniter\Debug\Exceptions->errorHandler(2, 'Trying to access array offset on value of type null', 'C:\\xampp\\htdocs\\ci\\app\\Views\\buku\\detail.php', 10)
 2 SYSTEMPATH\View\View.php(226): include('C:\\xampp\\htdocs\\ci\\app\\Views\\buku\\detail.php')
 3 SYSTEMPATH\View\View.php(229): CodeIgniter\View\View->CodeIgniter\View\{closure}()
 4 SYSTEMPATH\Common.php(1167): CodeIgniter\View\View->render('buku/detail', [], true)
 5 APPPATH\Controllers\Buku.php(28): view('buku/detail', [...])
 6 SYSTEMPATH\CodeIgniter.php(933): App\Controllers\Buku->detail('ubah')
 7 SYSTEMPATH\CodeIgniter.php(507): CodeIgniter\CodeIgniter->runController(Object(App\Controllers\Buku))
 8 SYSTEMPATH\CodeIgniter.php(354): CodeIgniter\CodeIgniter->handleRequest(null, Object(Config\Cache), false)
 9 SYSTEMPATH\Boot.php(363): CodeIgniter\CodeIgniter->run()
10 SYSTEMPATH\Boot.php(68): CodeIgniter\Boot::runCodeIgniter(Object(CodeIgniter\CodeIgniter))
11 FCPATH\index.php(59): CodeIgniter\Boot::bootWeb(Object(Config\Paths))
12 SYSTEMPATH\rewrite.php(44): require_once('C:\\xampp\\htdocs\\ci\\public\\index.php')
DEBUG - 2025-09-17 10:19:53 --> Session: Class initialized using 'CodeIgniter\Session\Handlers\FileHandler' driver.
CRITICAL - 2025-09-17 10:19:53 --> ErrorException: Trying to access array offset on value of type null
[Method: GET, Route: buku/ubah/1]
in APPPATH\Views\buku\detail.php on line 10.
 1 APPPATH\Views\buku\detail.php(10): CodeIgniter\Debug\Exceptions->errorHandler(2, 'Trying to access array offset on value of type null', 'C:\\xampp\\htdocs\\ci\\app\\Views\\buku\\detail.php', 10)
 2 SYSTEMPATH\View\View.php(226): include('C:\\xampp\\htdocs\\ci\\app\\Views\\buku\\detail.php')
 3 SYSTEMPATH\View\View.php(229): CodeIgniter\View\View->CodeIgniter\View\{closure}()
 4 SYSTEMPATH\Common.php(1167): CodeIgniter\View\View->render('buku/detail', [], true)
 5 APPPATH\Controllers\Buku.php(28): view('buku/detail', [...])
 6 SYSTEMPATH\CodeIgniter.php(933): App\Controllers\Buku->detail('ubah', '1')
 7 SYSTEMPATH\CodeIgniter.php(507): CodeIgniter\CodeIgniter->runController(Object(App\Controllers\Buku))
 8 SYSTEMPATH\CodeIgniter.php(354): CodeIgniter\CodeIgniter->handleRequest(null, Object(Config\Cache), false)
 9 SYSTEMPATH\Boot.php(363): CodeIgniter\CodeIgniter->run()
10 SYSTEMPATH\Boot.php(68): CodeIgniter\Boot::runCodeIgniter(Object(CodeIgniter\CodeIgniter))
11 FCPATH\index.php(59): CodeIgniter\Boot::bootWeb(Object(Config\Paths))
12 SYSTEMPATH\rewrite.php(44): require_once('C:\\xampp\\htdocs\\ci\\public\\index.php')
DEBUG - 2025-09-17 10:19:54 --> Session: Class initialized using 'CodeIgniter\Session\Handlers\FileHandler' driver.
DEBUG - 2025-09-17 10:19:54 --> Session: Class initialized using 'CodeIgniter\Session\Handlers\FileHandler' driver.
DEBUG - 2025-09-17 10:19:56 --> Session: Class initialized using 'CodeIgniter\Session\Handlers\FileHandler' driver.
DEBUG - 2025-09-17 10:21:47 --> Session: Class initialized using 'CodeIgniter\Session\Handlers\FileHandler' driver.
DEBUG - 2025-09-17 10:21:51 --> Session: Class initialized using 'CodeIgniter\Session\Handlers\FileHandler' driver.
DEBUG - 2025-09-17 10:21:57 --> Session: Class initialized using 'CodeIgniter\Session\Handlers\FileHandler' driver.
DEBUG - 2025-09-17 10:29:02 --> Session: Class initialized using 'CodeIgniter\Session\Handlers\FileHandler' driver.
DEBUG - 2025-09-17 10:29:03 --> Session: Class initialized using 'CodeIgniter\Session\Handlers\FileHandler' driver.
CRITICAL - 2025-09-17 10:29:03 --> ErrorException: Trying to access array offset on value of type null
[Method: GET, Route: buku/ubah/1]
in APPPATH\Views\buku\detail.php on line 10.
 1 APPPATH\Views\buku\detail.php(10): CodeIgniter\Debug\Exceptions->errorHandler(2, 'Trying to access array offset on value of type null', 'C:\\xampp\\htdocs\\ci\\app\\Views\\buku\\detail.php', 10)
 2 SYSTEMPATH\View\View.php(226): include('C:\\xampp\\htdocs\\ci\\app\\Views\\buku\\detail.php')
 3 SYSTEMPATH\View\View.php(229): CodeIgniter\View\View->CodeIgniter\View\{closure}()
 4 SYSTEMPATH\Common.php(1167): CodeIgniter\View\View->render('buku/detail', [], true)
 5 APPPATH\Controllers\Buku.php(28): view('buku/detail', [...])
 6 SYSTEMPATH\CodeIgniter.php(933): App\Controllers\Buku->detail('ubah', '1')
 7 SYSTEMPATH\CodeIgniter.php(507): CodeIgniter\CodeIgniter->runController(Object(App\Controllers\Buku))
 8 SYSTEMPATH\CodeIgniter.php(354): CodeIgniter\CodeIgniter->handleRequest(null, Object(Config\Cache), false)
 9 SYSTEMPATH\Boot.php(363): CodeIgniter\CodeIgniter->run()
10 SYSTEMPATH\Boot.php(68): CodeIgniter\Boot::runCodeIgniter(Object(CodeIgniter\CodeIgniter))
11 FCPATH\index.php(59): CodeIgniter\Boot::bootWeb(Object(Config\Paths))
12 SYSTEMPATH\rewrite.php(44): require_once('C:\\xampp\\htdocs\\ci\\public\\index.php')
DEBUG - 2025-09-17 10:29:05 --> Session: Class initialized using 'CodeIgniter\Session\Handlers\FileHandler' driver.
CRITICAL - 2025-09-17 10:29:05 --> ErrorException: Trying to access array offset on value of type null
[Method: GET, Route: buku/ubah/1]
in APPPATH\Views\buku\detail.php on line 10.
 1 APPPATH\Views\buku\detail.php(10): CodeIgniter\Debug\Exceptions->errorHandler(2, 'Trying to access array offset on value of type null', 'C:\\xampp\\htdocs\\ci\\app\\Views\\buku\\detail.php', 10)
 2 SYSTEMPATH\View\View.php(226): include('C:\\xampp\\htdocs\\ci\\app\\Views\\buku\\detail.php')
 3 SYSTEMPATH\View\View.php(229): CodeIgniter\View\View->CodeIgniter\View\{closure}()
 4 SYSTEMPATH\Common.php(1167): CodeIgniter\View\View->render('buku/detail', [], true)
 5 APPPATH\Controllers\Buku.php(28): view('buku/detail', [...])
 6 SYSTEMPATH\CodeIgniter.php(933): App\Controllers\Buku->detail('ubah', '1')
 7 SYSTEMPATH\CodeIgniter.php(507): CodeIgniter\CodeIgniter->runController(Object(App\Controllers\Buku))
 8 SYSTEMPATH\CodeIgniter.php(354): CodeIgniter\CodeIgniter->handleRequest(null, Object(Config\Cache), false)
 9 SYSTEMPATH\Boot.php(363): CodeIgniter\CodeIgniter->run()
10 SYSTEMPATH\Boot.php(68): CodeIgniter\Boot::runCodeIgniter(Object(CodeIgniter\CodeIgniter))
11 FCPATH\index.php(59): CodeIgniter\Boot::bootWeb(Object(Config\Paths))
12 SYSTEMPATH\rewrite.php(44): require_once('C:\\xampp\\htdocs\\ci\\public\\index.php')
DEBUG - 2025-09-17 10:29:07 --> Session: Class initialized using 'CodeIgniter\Session\Handlers\FileHandler' driver.
DEBUG - 2025-09-17 10:29:08 --> Session: Class initialized using 'CodeIgniter\Session\Handlers\FileHandler' driver.
CRITICAL - 2025-09-17 10:29:08 --> ErrorException: Trying to access array offset on value of type null
[Method: GET, Route: buku/ubah/1]
in APPPATH\Views\buku\detail.php on line 10.
 1 APPPATH\Views\buku\detail.php(10): CodeIgniter\Debug\Exceptions->errorHandler(2, 'Trying to access array offset on value of type null', 'C:\\xampp\\htdocs\\ci\\app\\Views\\buku\\detail.php', 10)
 2 SYSTEMPATH\View\View.php(226): include('C:\\xampp\\htdocs\\ci\\app\\Views\\buku\\detail.php')
 3 SYSTEMPATH\View\View.php(229): CodeIgniter\View\View->CodeIgniter\View\{closure}()
 4 SYSTEMPATH\Common.php(1167): CodeIgniter\View\View->render('buku/detail', [], true)
 5 APPPATH\Controllers\Buku.php(28): view('buku/detail', [...])
 6 SYSTEMPATH\CodeIgniter.php(933): App\Controllers\Buku->detail('ubah', '1')
 7 SYSTEMPATH\CodeIgniter.php(507): CodeIgniter\CodeIgniter->runController(Object(App\Controllers\Buku))
 8 SYSTEMPATH\CodeIgniter.php(354): CodeIgniter\CodeIgniter->handleRequest(null, Object(Config\Cache), false)
 9 SYSTEMPATH\Boot.php(363): CodeIgniter\CodeIgniter->run()
10 SYSTEMPATH\Boot.php(68): CodeIgniter\Boot::runCodeIgniter(Object(CodeIgniter\CodeIgniter))
11 FCPATH\index.php(59): CodeIgniter\Boot::bootWeb(Object(Config\Paths))
12 SYSTEMPATH\rewrite.php(44): require_once('C:\\xampp\\htdocs\\ci\\public\\index.php')
DEBUG - 2025-09-17 10:29:29 --> Session: Class initialized using 'CodeIgniter\Session\Handlers\FileHandler' driver.
CRITICAL - 2025-09-17 10:29:29 --> ErrorException: Trying to access array offset on value of type null
[Method: GET, Route: buku/ubah/1]
in APPPATH\Views\buku\detail.php on line 10.
 1 APPPATH\Views\buku\detail.php(10): CodeIgniter\Debug\Exceptions->errorHandler(2, 'Trying to access array offset on value of type null', 'C:\\xampp\\htdocs\\ci\\app\\Views\\buku\\detail.php', 10)
 2 SYSTEMPATH\View\View.php(226): include('C:\\xampp\\htdocs\\ci\\app\\Views\\buku\\detail.php')
 3 SYSTEMPATH\View\View.php(229): CodeIgniter\View\View->CodeIgniter\View\{closure}()
 4 SYSTEMPATH\Common.php(1167): CodeIgniter\View\View->render('buku/detail', [], true)
 5 APPPATH\Controllers\Buku.php(28): view('buku/detail', [...])
 6 SYSTEMPATH\CodeIgniter.php(933): App\Controllers\Buku->detail('ubah', '1')
 7 SYSTEMPATH\CodeIgniter.php(507): CodeIgniter\CodeIgniter->runController(Object(App\Controllers\Buku))
 8 SYSTEMPATH\CodeIgniter.php(354): CodeIgniter\CodeIgniter->handleRequest(null, Object(Config\Cache), false)
 9 SYSTEMPATH\Boot.php(363): CodeIgniter\CodeIgniter->run()
10 SYSTEMPATH\Boot.php(68): CodeIgniter\Boot::runCodeIgniter(Object(CodeIgniter\CodeIgniter))
11 FCPATH\index.php(59): CodeIgniter\Boot::bootWeb(Object(Config\Paths))
12 SYSTEMPATH\rewrite.php(44): require_once('C:\\xampp\\htdocs\\ci\\public\\index.php')
DEBUG - 2025-09-17 10:29:30 --> Session: Class initialized using 'CodeIgniter\Session\Handlers\FileHandler' driver.
CRITICAL - 2025-09-17 10:29:30 --> ErrorException: Trying to access array offset on value of type null
[Method: GET, Route: buku/ubah/1]
in APPPATH\Views\buku\detail.php on line 10.
 1 APPPATH\Views\buku\detail.php(10): CodeIgniter\Debug\Exceptions->errorHandler(2, 'Trying to access array offset on value of type null', 'C:\\xampp\\htdocs\\ci\\app\\Views\\buku\\detail.php', 10)
 2 SYSTEMPATH\View\View.php(226): include('C:\\xampp\\htdocs\\ci\\app\\Views\\buku\\detail.php')
 3 SYSTEMPATH\View\View.php(229): CodeIgniter\View\View->CodeIgniter\View\{closure}()
 4 SYSTEMPATH\Common.php(1167): CodeIgniter\View\View->render('buku/detail', [], true)
 5 APPPATH\Controllers\Buku.php(28): view('buku/detail', [...])
 6 SYSTEMPATH\CodeIgniter.php(933): App\Controllers\Buku->detail('ubah', '1')
 7 SYSTEMPATH\CodeIgniter.php(507): CodeIgniter\CodeIgniter->runController(Object(App\Controllers\Buku))
 8 SYSTEMPATH\CodeIgniter.php(354): CodeIgniter\CodeIgniter->handleRequest(null, Object(Config\Cache), false)
 9 SYSTEMPATH\Boot.php(363): CodeIgniter\CodeIgniter->run()
10 SYSTEMPATH\Boot.php(68): CodeIgniter\Boot::runCodeIgniter(Object(CodeIgniter\CodeIgniter))
11 FCPATH\index.php(59): CodeIgniter\Boot::bootWeb(Object(Config\Paths))
12 SYSTEMPATH\rewrite.php(44): require_once('C:\\xampp\\htdocs\\ci\\public\\index.php')
DEBUG - 2025-09-17 10:29:30 --> Session: Class initialized using 'CodeIgniter\Session\Handlers\FileHandler' driver.
CRITICAL - 2025-09-17 10:29:30 --> ErrorException: Trying to access array offset on value of type null
[Method: GET, Route: buku/ubah/1]
in APPPATH\Views\buku\detail.php on line 10.
 1 APPPATH\Views\buku\detail.php(10): CodeIgniter\Debug\Exceptions->errorHandler(2, 'Trying to access array offset on value of type null', 'C:\\xampp\\htdocs\\ci\\app\\Views\\buku\\detail.php', 10)
 2 SYSTEMPATH\View\View.php(226): include('C:\\xampp\\htdocs\\ci\\app\\Views\\buku\\detail.php')
 3 SYSTEMPATH\View\View.php(229): CodeIgniter\View\View->CodeIgniter\View\{closure}()
 4 SYSTEMPATH\Common.php(1167): CodeIgniter\View\View->render('buku/detail', [], true)
 5 APPPATH\Controllers\Buku.php(28): view('buku/detail', [...])
 6 SYSTEMPATH\CodeIgniter.php(933): App\Controllers\Buku->detail('ubah', '1')
 7 SYSTEMPATH\CodeIgniter.php(507): CodeIgniter\CodeIgniter->runController(Object(App\Controllers\Buku))
 8 SYSTEMPATH\CodeIgniter.php(354): CodeIgniter\CodeIgniter->handleRequest(null, Object(Config\Cache), false)
 9 SYSTEMPATH\Boot.php(363): CodeIgniter\CodeIgniter->run()
10 SYSTEMPATH\Boot.php(68): CodeIgniter\Boot::runCodeIgniter(Object(CodeIgniter\CodeIgniter))
11 FCPATH\index.php(59): CodeIgniter\Boot::bootWeb(Object(Config\Paths))
12 SYSTEMPATH\rewrite.php(44): require_once('C:\\xampp\\htdocs\\ci\\public\\index.php')
DEBUG - 2025-09-17 10:29:30 --> Session: Class initialized using 'CodeIgniter\Session\Handlers\FileHandler' driver.
CRITICAL - 2025-09-17 10:29:30 --> ErrorException: Trying to access array offset on value of type null
[Method: GET, Route: buku/ubah/1]
in APPPATH\Views\buku\detail.php on line 10.
 1 APPPATH\Views\buku\detail.php(10): CodeIgniter\Debug\Exceptions->errorHandler(2, 'Trying to access array offset on value of type null', 'C:\\xampp\\htdocs\\ci\\app\\Views\\buku\\detail.php', 10)
 2 SYSTEMPATH\View\View.php(226): include('C:\\xampp\\htdocs\\ci\\app\\Views\\buku\\detail.php')
 3 SYSTEMPATH\View\View.php(229): CodeIgniter\View\View->CodeIgniter\View\{closure}()
 4 SYSTEMPATH\Common.php(1167): CodeIgniter\View\View->render('buku/detail', [], true)
 5 APPPATH\Controllers\Buku.php(28): view('buku/detail', [...])
 6 SYSTEMPATH\CodeIgniter.php(933): App\Controllers\Buku->detail('ubah', '1')
 7 SYSTEMPATH\CodeIgniter.php(507): CodeIgniter\CodeIgniter->runController(Object(App\Controllers\Buku))
 8 SYSTEMPATH\CodeIgniter.php(354): CodeIgniter\CodeIgniter->handleRequest(null, Object(Config\Cache), false)
 9 SYSTEMPATH\Boot.php(363): CodeIgniter\CodeIgniter->run()
10 SYSTEMPATH\Boot.php(68): CodeIgniter\Boot::runCodeIgniter(Object(CodeIgniter\CodeIgniter))
11 FCPATH\index.php(59): CodeIgniter\Boot::bootWeb(Object(Config\Paths))
12 SYSTEMPATH\rewrite.php(44): require_once('C:\\xampp\\htdocs\\ci\\public\\index.php')
DEBUG - 2025-09-17 10:30:11 --> Session: Class initialized using 'CodeIgniter\Session\Handlers\FileHandler' driver.
CRITICAL - 2025-09-17 10:30:11 --> ErrorException: Trying to access array offset on value of type null
[Method: GET, Route: buku/ubah/1]
in APPPATH\Views\buku\detail.php on line 10.
 1 APPPATH\Views\buku\detail.php(10): CodeIgniter\Debug\Exceptions->errorHandler(2, 'Trying to access array offset on value of type null', 'C:\\xampp\\htdocs\\ci\\app\\Views\\buku\\detail.php', 10)
 2 SYSTEMPATH\View\View.php(226): include('C:\\xampp\\htdocs\\ci\\app\\Views\\buku\\detail.php')
 3 SYSTEMPATH\View\View.php(229): CodeIgniter\View\View->CodeIgniter\View\{closure}()
 4 SYSTEMPATH\Common.php(1167): CodeIgniter\View\View->render('buku/detail', [], true)
 5 APPPATH\Controllers\Buku.php(28): view('buku/detail', [...])
 6 SYSTEMPATH\CodeIgniter.php(933): App\Controllers\Buku->detail('ubah', '1')
 7 SYSTEMPATH\CodeIgniter.php(507): CodeIgniter\CodeIgniter->runController(Object(App\Controllers\Buku))
 8 SYSTEMPATH\CodeIgniter.php(354): CodeIgniter\CodeIgniter->handleRequest(null, Object(Config\Cache), false)
 9 SYSTEMPATH\Boot.php(363): CodeIgniter\CodeIgniter->run()
10 SYSTEMPATH\Boot.php(68): CodeIgniter\Boot::runCodeIgniter(Object(CodeIgniter\CodeIgniter))
11 FCPATH\index.php(59): CodeIgniter\Boot::bootWeb(Object(Config\Paths))
12 SYSTEMPATH\rewrite.php(44): require_once('C:\\xampp\\htdocs\\ci\\public\\index.php')
DEBUG - 2025-09-17 10:30:12 --> Session: Class initialized using 'CodeIgniter\Session\Handlers\FileHandler' driver.
CRITICAL - 2025-09-17 10:30:12 --> ErrorException: Trying to access array offset on value of type null
[Method: GET, Route: buku/ubah/1]
in APPPATH\Views\buku\detail.php on line 10.
 1 APPPATH\Views\buku\detail.php(10): CodeIgniter\Debug\Exceptions->errorHandler(2, 'Trying to access array offset on value of type null', 'C:\\xampp\\htdocs\\ci\\app\\Views\\buku\\detail.php', 10)
 2 SYSTEMPATH\View\View.php(226): include('C:\\xampp\\htdocs\\ci\\app\\Views\\buku\\detail.php')
 3 SYSTEMPATH\View\View.php(229): CodeIgniter\View\View->CodeIgniter\View\{closure}()
 4 SYSTEMPATH\Common.php(1167): CodeIgniter\View\View->render('buku/detail', [], true)
 5 APPPATH\Controllers\Buku.php(28): view('buku/detail', [...])
 6 SYSTEMPATH\CodeIgniter.php(933): App\Controllers\Buku->detail('ubah', '1')
 7 SYSTEMPATH\CodeIgniter.php(507): CodeIgniter\CodeIgniter->runController(Object(App\Controllers\Buku))
 8 SYSTEMPATH\CodeIgniter.php(354): CodeIgniter\CodeIgniter->handleRequest(null, Object(Config\Cache), false)
 9 SYSTEMPATH\Boot.php(363): CodeIgniter\CodeIgniter->run()
10 SYSTEMPATH\Boot.php(68): CodeIgniter\Boot::runCodeIgniter(Object(CodeIgniter\CodeIgniter))
11 FCPATH\index.php(59): CodeIgniter\Boot::bootWeb(Object(Config\Paths))
12 SYSTEMPATH\rewrite.php(44): require_once('C:\\xampp\\htdocs\\ci\\public\\index.php')
DEBUG - 2025-09-17 10:30:47 --> Session: Class initialized using 'CodeIgniter\Session\Handlers\FileHandler' driver.
CRITICAL - 2025-09-17 10:30:47 --> ErrorException: Trying to access array offset on value of type null
[Method: GET, Route: buku/ubah/1]
in APPPATH\Views\buku\detail.php on line 10.
 1 APPPATH\Views\buku\detail.php(10): CodeIgniter\Debug\Exceptions->errorHandler(2, 'Trying to access array offset on value of type null', 'C:\\xampp\\htdocs\\ci\\app\\Views\\buku\\detail.php', 10)
 2 SYSTEMPATH\View\View.php(226): include('C:\\xampp\\htdocs\\ci\\app\\Views\\buku\\detail.php')
 3 SYSTEMPATH\View\View.php(229): CodeIgniter\View\View->CodeIgniter\View\{closure}()
 4 SYSTEMPATH\Common.php(1167): CodeIgniter\View\View->render('buku/detail', [], true)
 5 APPPATH\Controllers\Buku.php(28): view('buku/detail', [...])
 6 SYSTEMPATH\CodeIgniter.php(933): App\Controllers\Buku->detail('ubah', '1')
 7 SYSTEMPATH\CodeIgniter.php(507): CodeIgniter\CodeIgniter->runController(Object(App\Controllers\Buku))
 8 SYSTEMPATH\CodeIgniter.php(354): CodeIgniter\CodeIgniter->handleRequest(null, Object(Config\Cache), false)
 9 SYSTEMPATH\Boot.php(363): CodeIgniter\CodeIgniter->run()
10 SYSTEMPATH\Boot.php(68): CodeIgniter\Boot::runCodeIgniter(Object(CodeIgniter\CodeIgniter))
11 FCPATH\index.php(59): CodeIgniter\Boot::bootWeb(Object(Config\Paths))
12 SYSTEMPATH\rewrite.php(44): require_once('C:\\xampp\\htdocs\\ci\\public\\index.php')
DEBUG - 2025-09-17 10:30:47 --> Session: Class initialized using 'CodeIgniter\Session\Handlers\FileHandler' driver.
CRITICAL - 2025-09-17 10:30:47 --> ErrorException: Trying to access array offset on value of type null
[Method: GET, Route: buku/ubah/1]
in APPPATH\Views\buku\detail.php on line 10.
 1 APPPATH\Views\buku\detail.php(10): CodeIgniter\Debug\Exceptions->errorHandler(2, 'Trying to access array offset on value of type null', 'C:\\xampp\\htdocs\\ci\\app\\Views\\buku\\detail.php', 10)
 2 SYSTEMPATH\View\View.php(226): include('C:\\xampp\\htdocs\\ci\\app\\Views\\buku\\detail.php')
 3 SYSTEMPATH\View\View.php(229): CodeIgniter\View\View->CodeIgniter\View\{closure}()
 4 SYSTEMPATH\Common.php(1167): CodeIgniter\View\View->render('buku/detail', [], true)
 5 APPPATH\Controllers\Buku.php(28): view('buku/detail', [...])
 6 SYSTEMPATH\CodeIgniter.php(933): App\Controllers\Buku->detail('ubah', '1')
 7 SYSTEMPATH\CodeIgniter.php(507): CodeIgniter\CodeIgniter->runController(Object(App\Controllers\Buku))
 8 SYSTEMPATH\CodeIgniter.php(354): CodeIgniter\CodeIgniter->handleRequest(null, Object(Config\Cache), false)
 9 SYSTEMPATH\Boot.php(363): CodeIgniter\CodeIgniter->run()
10 SYSTEMPATH\Boot.php(68): CodeIgniter\Boot::runCodeIgniter(Object(CodeIgniter\CodeIgniter))
11 FCPATH\index.php(59): CodeIgniter\Boot::bootWeb(Object(Config\Paths))
12 SYSTEMPATH\rewrite.php(44): require_once('C:\\xampp\\htdocs\\ci\\public\\index.php')
DEBUG - 2025-09-17 10:30:48 --> Session: Class initialized using 'CodeIgniter\Session\Handlers\FileHandler' driver.
CRITICAL - 2025-09-17 10:30:48 --> ErrorException: Trying to access array offset on value of type null
[Method: GET, Route: buku/ubah/1]
in APPPATH\Views\buku\detail.php on line 10.
 1 APPPATH\Views\buku\detail.php(10): CodeIgniter\Debug\Exceptions->errorHandler(2, 'Trying to access array offset on value of type null', 'C:\\xampp\\htdocs\\ci\\app\\Views\\buku\\detail.php', 10)
 2 SYSTEMPATH\View\View.php(226): include('C:\\xampp\\htdocs\\ci\\app\\Views\\buku\\detail.php')
 3 SYSTEMPATH\View\View.php(229): CodeIgniter\View\View->CodeIgniter\View\{closure}()
 4 SYSTEMPATH\Common.php(1167): CodeIgniter\View\View->render('buku/detail', [], true)
 5 APPPATH\Controllers\Buku.php(28): view('buku/detail', [...])
 6 SYSTEMPATH\CodeIgniter.php(933): App\Controllers\Buku->detail('ubah', '1')
 7 SYSTEMPATH\CodeIgniter.php(507): CodeIgniter\CodeIgniter->runController(Object(App\Controllers\Buku))
 8 SYSTEMPATH\CodeIgniter.php(354): CodeIgniter\CodeIgniter->handleRequest(null, Object(Config\Cache), false)
 9 SYSTEMPATH\Boot.php(363): CodeIgniter\CodeIgniter->run()
10 SYSTEMPATH\Boot.php(68): CodeIgniter\Boot::runCodeIgniter(Object(CodeIgniter\CodeIgniter))
11 FCPATH\index.php(59): CodeIgniter\Boot::bootWeb(Object(Config\Paths))
12 SYSTEMPATH\rewrite.php(44): require_once('C:\\xampp\\htdocs\\ci\\public\\index.php')
DEBUG - 2025-09-17 10:30:55 --> Session: Class initialized using 'CodeIgniter\Session\Handlers\FileHandler' driver.
CRITICAL - 2025-09-17 10:30:55 --> ErrorException: Trying to access array offset on value of type null
[Method: GET, Route: buku/ubah/1]
in APPPATH\Views\buku\detail.php on line 10.
 1 APPPATH\Views\buku\detail.php(10): CodeIgniter\Debug\Exceptions->errorHandler(2, 'Trying to access array offset on value of type null', 'C:\\xampp\\htdocs\\ci\\app\\Views\\buku\\detail.php', 10)
 2 SYSTEMPATH\View\View.php(226): include('C:\\xampp\\htdocs\\ci\\app\\Views\\buku\\detail.php')
 3 SYSTEMPATH\View\View.php(229): CodeIgniter\View\View->CodeIgniter\View\{closure}()
 4 SYSTEMPATH\Common.php(1167): CodeIgniter\View\View->render('buku/detail', [], true)
 5 APPPATH\Controllers\Buku.php(28): view('buku/detail', [...])
 6 SYSTEMPATH\CodeIgniter.php(933): App\Controllers\Buku->detail('ubah', '1')
 7 SYSTEMPATH\CodeIgniter.php(507): CodeIgniter\CodeIgniter->runController(Object(App\Controllers\Buku))
 8 SYSTEMPATH\CodeIgniter.php(354): CodeIgniter\CodeIgniter->handleRequest(null, Object(Config\Cache), false)
 9 SYSTEMPATH\Boot.php(363): CodeIgniter\CodeIgniter->run()
10 SYSTEMPATH\Boot.php(68): CodeIgniter\Boot::runCodeIgniter(Object(CodeIgniter\CodeIgniter))
11 FCPATH\index.php(59): CodeIgniter\Boot::bootWeb(Object(Config\Paths))
12 SYSTEMPATH\rewrite.php(44): require_once('C:\\xampp\\htdocs\\ci\\public\\index.php')
DEBUG - 2025-09-17 10:30:55 --> Session: Class initialized using 'CodeIgniter\Session\Handlers\FileHandler' driver.
DEBUG - 2025-09-17 10:30:58 --> Session: Class initialized using 'CodeIgniter\Session\Handlers\FileHandler' driver.
CRITICAL - 2025-09-17 10:30:58 --> ErrorException: Trying to access array offset on value of type null
[Method: GET, Route: buku/ubah/1]
in APPPATH\Views\buku\detail.php on line 10.
 1 APPPATH\Views\buku\detail.php(10): CodeIgniter\Debug\Exceptions->errorHandler(2, 'Trying to access array offset on value of type null', 'C:\\xampp\\htdocs\\ci\\app\\Views\\buku\\detail.php', 10)
 2 SYSTEMPATH\View\View.php(226): include('C:\\xampp\\htdocs\\ci\\app\\Views\\buku\\detail.php')
 3 SYSTEMPATH\View\View.php(229): CodeIgniter\View\View->CodeIgniter\View\{closure}()
 4 SYSTEMPATH\Common.php(1167): CodeIgniter\View\View->render('buku/detail', [], true)
 5 APPPATH\Controllers\Buku.php(28): view('buku/detail', [...])
 6 SYSTEMPATH\CodeIgniter.php(933): App\Controllers\Buku->detail('ubah', '1')
 7 SYSTEMPATH\CodeIgniter.php(507): CodeIgniter\CodeIgniter->runController(Object(App\Controllers\Buku))
 8 SYSTEMPATH\CodeIgniter.php(354): CodeIgniter\CodeIgniter->handleRequest(null, Object(Config\Cache), false)
 9 SYSTEMPATH\Boot.php(363): CodeIgniter\CodeIgniter->run()
10 SYSTEMPATH\Boot.php(68): CodeIgniter\Boot::runCodeIgniter(Object(CodeIgniter\CodeIgniter))
11 FCPATH\index.php(59): CodeIgniter\Boot::bootWeb(Object(Config\Paths))
12 SYSTEMPATH\rewrite.php(44): require_once('C:\\xampp\\htdocs\\ci\\public\\index.php')
DEBUG - 2025-09-17 10:31:02 --> Session: Class initialized using 'CodeIgniter\Session\Handlers\FileHandler' driver.
CRITICAL - 2025-09-17 10:31:02 --> ErrorException: Trying to access array offset on value of type null
[Method: GET, Route: buku/ubah/1]
in APPPATH\Views\buku\detail.php on line 10.
 1 APPPATH\Views\buku\detail.php(10): CodeIgniter\Debug\Exceptions->errorHandler(2, 'Trying to access array offset on value of type null', 'C:\\xampp\\htdocs\\ci\\app\\Views\\buku\\detail.php', 10)
 2 SYSTEMPATH\View\View.php(226): include('C:\\xampp\\htdocs\\ci\\app\\Views\\buku\\detail.php')
 3 SYSTEMPATH\View\View.php(229): CodeIgniter\View\View->CodeIgniter\View\{closure}()
 4 SYSTEMPATH\Common.php(1167): CodeIgniter\View\View->render('buku/detail', [], true)
 5 APPPATH\Controllers\Buku.php(28): view('buku/detail', [...])
 6 SYSTEMPATH\CodeIgniter.php(933): App\Controllers\Buku->detail('ubah', '1')
 7 SYSTEMPATH\CodeIgniter.php(507): CodeIgniter\CodeIgniter->runController(Object(App\Controllers\Buku))
 8 SYSTEMPATH\CodeIgniter.php(354): CodeIgniter\CodeIgniter->handleRequest(null, Object(Config\Cache), false)
 9 SYSTEMPATH\Boot.php(363): CodeIgniter\CodeIgniter->run()
10 SYSTEMPATH\Boot.php(68): CodeIgniter\Boot::runCodeIgniter(Object(CodeIgniter\CodeIgniter))
11 FCPATH\index.php(59): CodeIgniter\Boot::bootWeb(Object(Config\Paths))
12 SYSTEMPATH\rewrite.php(44): require_once('C:\\xampp\\htdocs\\ci\\public\\index.php')
DEBUG - 2025-09-17 10:33:46 --> Session: Class initialized using 'CodeIgniter\Session\Handlers\FileHandler' driver.
DEBUG - 2025-09-17 10:33:47 --> Session: Class initialized using 'CodeIgniter\Session\Handlers\FileHandler' driver.
CRITICAL - 2025-09-17 10:33:47 --> ErrorException: Trying to access array offset on value of type null
[Method: GET, Route: buku/ubah/1]
in APPPATH\Views\buku\detail.php on line 10.
 1 APPPATH\Views\buku\detail.php(10): CodeIgniter\Debug\Exceptions->errorHandler(2, 'Trying to access array offset on value of type null', 'C:\\xampp\\htdocs\\ci\\app\\Views\\buku\\detail.php', 10)
 2 SYSTEMPATH\View\View.php(226): include('C:\\xampp\\htdocs\\ci\\app\\Views\\buku\\detail.php')
 3 SYSTEMPATH\View\View.php(229): CodeIgniter\View\View->CodeIgniter\View\{closure}()
 4 SYSTEMPATH\Common.php(1167): CodeIgniter\View\View->render('buku/detail', [], true)
 5 APPPATH\Controllers\Buku.php(28): view('buku/detail', [...])
 6 SYSTEMPATH\CodeIgniter.php(933): App\Controllers\Buku->detail('ubah', '1')
 7 SYSTEMPATH\CodeIgniter.php(507): CodeIgniter\CodeIgniter->runController(Object(App\Controllers\Buku))
 8 SYSTEMPATH\CodeIgniter.php(354): CodeIgniter\CodeIgniter->handleRequest(null, Object(Config\Cache), false)
 9 SYSTEMPATH\Boot.php(363): CodeIgniter\CodeIgniter->run()
10 SYSTEMPATH\Boot.php(68): CodeIgniter\Boot::runCodeIgniter(Object(CodeIgniter\CodeIgniter))
11 FCPATH\index.php(59): CodeIgniter\Boot::bootWeb(Object(Config\Paths))
12 SYSTEMPATH\rewrite.php(44): require_once('C:\\xampp\\htdocs\\ci\\public\\index.php')
DEBUG - 2025-09-17 10:41:10 --> Session: Class initialized using 'CodeIgniter\Session\Handlers\FileHandler' driver.
CRITICAL - 2025-09-17 10:41:10 --> ErrorException: Trying to access array offset on value of type null
[Method: GET, Route: buku/ubah/1]
in APPPATH\Views\buku\detail.php on line 10.
 1 APPPATH\Views\buku\detail.php(10): CodeIgniter\Debug\Exceptions->errorHandler(2, 'Trying to access array offset on value of type null', 'C:\\xampp\\htdocs\\ci\\app\\Views\\buku\\detail.php', 10)
 2 SYSTEMPATH\View\View.php(226): include('C:\\xampp\\htdocs\\ci\\app\\Views\\buku\\detail.php')
 3 SYSTEMPATH\View\View.php(229): CodeIgniter\View\View->CodeIgniter\View\{closure}()
 4 SYSTEMPATH\Common.php(1167): CodeIgniter\View\View->render('buku/detail', [], true)
 5 APPPATH\Controllers\Buku.php(28): view('buku/detail', [...])
 6 SYSTEMPATH\CodeIgniter.php(933): App\Controllers\Buku->detail('ubah', '1')
 7 SYSTEMPATH\CodeIgniter.php(507): CodeIgniter\CodeIgniter->runController(Object(App\Controllers\Buku))
 8 SYSTEMPATH\CodeIgniter.php(354): CodeIgniter\CodeIgniter->handleRequest(null, Object(Config\Cache), false)
 9 SYSTEMPATH\Boot.php(363): CodeIgniter\CodeIgniter->run()
10 SYSTEMPATH\Boot.php(68): CodeIgniter\Boot::runCodeIgniter(Object(CodeIgniter\CodeIgniter))
11 FCPATH\index.php(59): CodeIgniter\Boot::bootWeb(Object(Config\Paths))
12 SYSTEMPATH\rewrite.php(44): require_once('C:\\xampp\\htdocs\\ci\\public\\index.php')
DEBUG - 2025-09-17 10:41:11 --> Session: Class initialized using 'CodeIgniter\Session\Handlers\FileHandler' driver.
DEBUG - 2025-09-17 10:41:12 --> Session: Class initialized using 'CodeIgniter\Session\Handlers\FileHandler' driver.
CRITICAL - 2025-09-17 10:41:12 --> ErrorException: Trying to access array offset on value of type null
[Method: GET, Route: buku/ubah/1]
in APPPATH\Views\buku\detail.php on line 10.
 1 APPPATH\Views\buku\detail.php(10): CodeIgniter\Debug\Exceptions->errorHandler(2, 'Trying to access array offset on value of type null', 'C:\\xampp\\htdocs\\ci\\app\\Views\\buku\\detail.php', 10)
 2 SYSTEMPATH\View\View.php(226): include('C:\\xampp\\htdocs\\ci\\app\\Views\\buku\\detail.php')
 3 SYSTEMPATH\View\View.php(229): CodeIgniter\View\View->CodeIgniter\View\{closure}()
 4 SYSTEMPATH\Common.php(1167): CodeIgniter\View\View->render('buku/detail', [], true)
 5 APPPATH\Controllers\Buku.php(28): view('buku/detail', [...])
 6 SYSTEMPATH\CodeIgniter.php(933): App\Controllers\Buku->detail('ubah', '1')
 7 SYSTEMPATH\CodeIgniter.php(507): CodeIgniter\CodeIgniter->runController(Object(App\Controllers\Buku))
 8 SYSTEMPATH\CodeIgniter.php(354): CodeIgniter\CodeIgniter->handleRequest(null, Object(Config\Cache), false)
 9 SYSTEMPATH\Boot.php(363): CodeIgniter\CodeIgniter->run()
10 SYSTEMPATH\Boot.php(68): CodeIgniter\Boot::runCodeIgniter(Object(CodeIgniter\CodeIgniter))
11 FCPATH\index.php(59): CodeIgniter\Boot::bootWeb(Object(Config\Paths))
12 SYSTEMPATH\rewrite.php(44): require_once('C:\\xampp\\htdocs\\ci\\public\\index.php')
DEBUG - 2025-09-17 10:42:44 --> Session: Class initialized using 'CodeIgniter\Session\Handlers\FileHandler' driver.
CRITICAL - 2025-09-17 10:42:44 --> ErrorException: Trying to access array offset on value of type null
[Method: GET, Route: buku/ubah/1]
in APPPATH\Views\buku\detail.php on line 11.
 1 APPPATH\Views\buku\detail.php(11): CodeIgniter\Debug\Exceptions->errorHandler(2, 'Trying to access array offset on value of type null', 'C:\\xampp\\htdocs\\ci\\app\\Views\\buku\\detail.php', 11)
 2 SYSTEMPATH\View\View.php(226): include('C:\\xampp\\htdocs\\ci\\app\\Views\\buku\\detail.php')
 3 SYSTEMPATH\View\View.php(229): CodeIgniter\View\View->CodeIgniter\View\{closure}()
 4 SYSTEMPATH\Common.php(1167): CodeIgniter\View\View->render('buku/detail', [], true)
 5 APPPATH\Controllers\Buku.php(28): view('buku/detail', [...])
 6 SYSTEMPATH\CodeIgniter.php(933): App\Controllers\Buku->detail('ubah', '1')
 7 SYSTEMPATH\CodeIgniter.php(507): CodeIgniter\CodeIgniter->runController(Object(App\Controllers\Buku))
 8 SYSTEMPATH\CodeIgniter.php(354): CodeIgniter\CodeIgniter->handleRequest(null, Object(Config\Cache), false)
 9 SYSTEMPATH\Boot.php(363): CodeIgniter\CodeIgniter->run()
10 SYSTEMPATH\Boot.php(68): CodeIgniter\Boot::runCodeIgniter(Object(CodeIgniter\CodeIgniter))
11 FCPATH\index.php(59): CodeIgniter\Boot::bootWeb(Object(Config\Paths))
12 SYSTEMPATH\rewrite.php(44): require_once('C:\\xampp\\htdocs\\ci\\public\\index.php')
DEBUG - 2025-09-17 10:42:45 --> Session: Class initialized using 'CodeIgniter\Session\Handlers\FileHandler' driver.
CRITICAL - 2025-09-17 10:42:45 --> ErrorException: Trying to access array offset on value of type null
[Method: GET, Route: buku/ubah/1]
in APPPATH\Views\buku\detail.php on line 11.
 1 APPPATH\Views\buku\detail.php(11): CodeIgniter\Debug\Exceptions->errorHandler(2, 'Trying to access array offset on value of type null', 'C:\\xampp\\htdocs\\ci\\app\\Views\\buku\\detail.php', 11)
 2 SYSTEMPATH\View\View.php(226): include('C:\\xampp\\htdocs\\ci\\app\\Views\\buku\\detail.php')
 3 SYSTEMPATH\View\View.php(229): CodeIgniter\View\View->CodeIgniter\View\{closure}()
 4 SYSTEMPATH\Common.php(1167): CodeIgniter\View\View->render('buku/detail', [], true)
 5 APPPATH\Controllers\Buku.php(28): view('buku/detail', [...])
 6 SYSTEMPATH\CodeIgniter.php(933): App\Controllers\Buku->detail('ubah', '1')
 7 SYSTEMPATH\CodeIgniter.php(507): CodeIgniter\CodeIgniter->runController(Object(App\Controllers\Buku))
 8 SYSTEMPATH\CodeIgniter.php(354): CodeIgniter\CodeIgniter->handleRequest(null, Object(Config\Cache), false)
 9 SYSTEMPATH\Boot.php(363): CodeIgniter\CodeIgniter->run()
10 SYSTEMPATH\Boot.php(68): CodeIgniter\Boot::runCodeIgniter(Object(CodeIgniter\CodeIgniter))
11 FCPATH\index.php(59): CodeIgniter\Boot::bootWeb(Object(Config\Paths))
12 SYSTEMPATH\rewrite.php(44): require_once('C:\\xampp\\htdocs\\ci\\public\\index.php')
DEBUG - 2025-09-17 10:42:45 --> Session: Class initialized using 'CodeIgniter\Session\Handlers\FileHandler' driver.
CRITICAL - 2025-09-17 10:42:45 --> ErrorException: Trying to access array offset on value of type null
[Method: GET, Route: buku/ubah/1]
in APPPATH\Views\buku\detail.php on line 11.
 1 APPPATH\Views\buku\detail.php(11): CodeIgniter\Debug\Exceptions->errorHandler(2, 'Trying to access array offset on value of type null', 'C:\\xampp\\htdocs\\ci\\app\\Views\\buku\\detail.php', 11)
 2 SYSTEMPATH\View\View.php(226): include('C:\\xampp\\htdocs\\ci\\app\\Views\\buku\\detail.php')
 3 SYSTEMPATH\View\View.php(229): CodeIgniter\View\View->CodeIgniter\View\{closure}()
 4 SYSTEMPATH\Common.php(1167): CodeIgniter\View\View->render('buku/detail', [], true)
 5 APPPATH\Controllers\Buku.php(28): view('buku/detail', [...])
 6 SYSTEMPATH\CodeIgniter.php(933): App\Controllers\Buku->detail('ubah', '1')
 7 SYSTEMPATH\CodeIgniter.php(507): CodeIgniter\CodeIgniter->runController(Object(App\Controllers\Buku))
 8 SYSTEMPATH\CodeIgniter.php(354): CodeIgniter\CodeIgniter->handleRequest(null, Object(Config\Cache), false)
 9 SYSTEMPATH\Boot.php(363): CodeIgniter\CodeIgniter->run()
10 SYSTEMPATH\Boot.php(68): CodeIgniter\Boot::runCodeIgniter(Object(CodeIgniter\CodeIgniter))
11 FCPATH\index.php(59): CodeIgniter\Boot::bootWeb(Object(Config\Paths))
12 SYSTEMPATH\rewrite.php(44): require_once('C:\\xampp\\htdocs\\ci\\public\\index.php')
DEBUG - 2025-09-17 10:42:55 --> Session: Class initialized using 'CodeIgniter\Session\Handlers\FileHandler' driver.
CRITICAL - 2025-09-17 10:42:55 --> CodeIgniter\View\Exceptions\ViewException: Invalid file: "layout/main.php"
[Method: GET, Route: buku/1]
in SYSTEMPATH\Exceptions\FrameworkException.php on line 39.
 1 SYSTEMPATH\View\View.php(214): CodeIgniter\Exceptions\FrameworkException::forInvalidFile('layout/main.php')
 2 SYSTEMPATH\View\View.php(242): CodeIgniter\View\View->render('layout/main', [], true)
 3 SYSTEMPATH\Common.php(1167): CodeIgniter\View\View->render('buku/detail', [], true)
 4 APPPATH\Controllers\Buku.php(28): view('buku/detail', [...])
 5 SYSTEMPATH\CodeIgniter.php(933): App\Controllers\Buku->detail('1')
 6 SYSTEMPATH\CodeIgniter.php(507): CodeIgniter\CodeIgniter->runController(Object(App\Controllers\Buku))
 7 SYSTEMPATH\CodeIgniter.php(354): CodeIgniter\CodeIgniter->handleRequest(null, Object(Config\Cache), false)
 8 SYSTEMPATH\Boot.php(363): CodeIgniter\CodeIgniter->run()
 9 SYSTEMPATH\Boot.php(68): CodeIgniter\Boot::runCodeIgniter(Object(CodeIgniter\CodeIgniter))
10 FCPATH\index.php(59): CodeIgniter\Boot::bootWeb(Object(Config\Paths))
11 SYSTEMPATH\rewrite.php(44): require_once('C:\\xampp\\htdocs\\ci\\public\\index.php')
DEBUG - 2025-09-17 10:42:56 --> Session: Class initialized using 'CodeIgniter\Session\Handlers\FileHandler' driver.
DEBUG - 2025-09-17 10:42:57 --> Session: Class initialized using 'CodeIgniter\Session\Handlers\FileHandler' driver.
CRITICAL - 2025-09-17 10:42:58 --> CodeIgniter\View\Exceptions\ViewException: Invalid file: "layout/main.php"
[Method: GET, Route: buku/1]
in SYSTEMPATH\Exceptions\FrameworkException.php on line 39.
 1 SYSTEMPATH\View\View.php(214): CodeIgniter\Exceptions\FrameworkException::forInvalidFile('layout/main.php')
 2 SYSTEMPATH\View\View.php(242): CodeIgniter\View\View->render('layout/main', [], true)
 3 SYSTEMPATH\Common.php(1167): CodeIgniter\View\View->render('buku/detail', [], true)
 4 APPPATH\Controllers\Buku.php(28): view('buku/detail', [...])
 5 SYSTEMPATH\CodeIgniter.php(933): App\Controllers\Buku->detail('1')
 6 SYSTEMPATH\CodeIgniter.php(507): CodeIgniter\CodeIgniter->runController(Object(App\Controllers\Buku))
 7 SYSTEMPATH\CodeIgniter.php(354): CodeIgniter\CodeIgniter->handleRequest(null, Object(Config\Cache), false)
 8 SYSTEMPATH\Boot.php(363): CodeIgniter\CodeIgniter->run()
 9 SYSTEMPATH\Boot.php(68): CodeIgniter\Boot::runCodeIgniter(Object(CodeIgniter\CodeIgniter))
10 FCPATH\index.php(59): CodeIgniter\Boot::bootWeb(Object(Config\Paths))
11 SYSTEMPATH\rewrite.php(44): require_once('C:\\xampp\\htdocs\\ci\\public\\index.php')
DEBUG - 2025-09-17 10:43:05 --> Session: Class initialized using 'CodeIgniter\Session\Handlers\FileHandler' driver.
DEBUG - 2025-09-17 10:43:07 --> Session: Class initialized using 'CodeIgniter\Session\Handlers\FileHandler' driver.
CRITICAL - 2025-09-17 10:43:07 --> ErrorException: Trying to access array offset on value of type null
[Method: GET, Route: buku/ubah/1]
in APPPATH\Views\buku\detail.php on line 11.
 1 APPPATH\Views\buku\detail.php(11): CodeIgniter\Debug\Exceptions->errorHandler(2, 'Trying to access array offset on value of type null', 'C:\\xampp\\htdocs\\ci\\app\\Views\\buku\\detail.php', 11)
 2 SYSTEMPATH\View\View.php(226): include('C:\\xampp\\htdocs\\ci\\app\\Views\\buku\\detail.php')
 3 SYSTEMPATH\View\View.php(229): CodeIgniter\View\View->CodeIgniter\View\{closure}()
 4 SYSTEMPATH\Common.php(1167): CodeIgniter\View\View->render('buku/detail', [], true)
 5 APPPATH\Controllers\Buku.php(28): view('buku/detail', [...])
 6 SYSTEMPATH\CodeIgniter.php(933): App\Controllers\Buku->detail('ubah', '1')
 7 SYSTEMPATH\CodeIgniter.php(507): CodeIgniter\CodeIgniter->runController(Object(App\Controllers\Buku))
 8 SYSTEMPATH\CodeIgniter.php(354): CodeIgniter\CodeIgniter->handleRequest(null, Object(Config\Cache), false)
 9 SYSTEMPATH\Boot.php(363): CodeIgniter\CodeIgniter->run()
10 SYSTEMPATH\Boot.php(68): CodeIgniter\Boot::runCodeIgniter(Object(CodeIgniter\CodeIgniter))
11 FCPATH\index.php(59): CodeIgniter\Boot::bootWeb(Object(Config\Paths))
12 SYSTEMPATH\rewrite.php(44): require_once('C:\\xampp\\htdocs\\ci\\public\\index.php')
DEBUG - 2025-09-17 10:43:29 --> Session: Class initialized using 'CodeIgniter\Session\Handlers\FileHandler' driver.
DEBUG - 2025-09-17 10:43:31 --> Session: Class initialized using 'CodeIgniter\Session\Handlers\FileHandler' driver.
DEBUG - 2025-09-17 10:43:33 --> Session: Class initialized using 'CodeIgniter\Session\Handlers\FileHandler' driver.
DEBUG - 2025-09-17 10:44:05 --> Session: Class initialized using 'CodeIgniter\Session\Handlers\FileHandler' driver.
DEBUG - 2025-09-17 10:44:06 --> Session: Class initialized using 'CodeIgniter\Session\Handlers\FileHandler' driver.
CRITICAL - 2025-09-17 10:44:06 --> ErrorException: Trying to access array offset on value of type null
[Method: GET, Route: buku/ubah/1]
in APPPATH\Views\buku\detail.php on line 11.
 1 APPPATH\Views\buku\detail.php(11): CodeIgniter\Debug\Exceptions->errorHandler(2, 'Trying to access array offset on value of type null', 'C:\\xampp\\htdocs\\ci\\app\\Views\\buku\\detail.php', 11)
 2 SYSTEMPATH\View\View.php(226): include('C:\\xampp\\htdocs\\ci\\app\\Views\\buku\\detail.php')
 3 SYSTEMPATH\View\View.php(229): CodeIgniter\View\View->CodeIgniter\View\{closure}()
 4 SYSTEMPATH\Common.php(1167): CodeIgniter\View\View->render('buku/detail', [], true)
 5 APPPATH\Controllers\Buku.php(28): view('buku/detail', [...])
 6 SYSTEMPATH\CodeIgniter.php(933): App\Controllers\Buku->detail('ubah', '1')
 7 SYSTEMPATH\CodeIgniter.php(507): CodeIgniter\CodeIgniter->runController(Object(App\Controllers\Buku))
 8 SYSTEMPATH\CodeIgniter.php(354): CodeIgniter\CodeIgniter->handleRequest(null, Object(Config\Cache), false)
 9 SYSTEMPATH\Boot.php(363): CodeIgniter\CodeIgniter->run()
10 SYSTEMPATH\Boot.php(68): CodeIgniter\Boot::runCodeIgniter(Object(CodeIgniter\CodeIgniter))
11 FCPATH\index.php(59): CodeIgniter\Boot::bootWeb(Object(Config\Paths))
12 SYSTEMPATH\rewrite.php(44): require_once('C:\\xampp\\htdocs\\ci\\public\\index.php')
DEBUG - 2025-09-17 10:44:15 --> Session: Class initialized using 'CodeIgniter\Session\Handlers\FileHandler' driver.
CRITICAL - 2025-09-17 10:44:15 --> ErrorException: Trying to access array offset on value of type null
[Method: GET, Route: buku/ubah/1]
in APPPATH\Views\buku\detail.php on line 11.
 1 APPPATH\Views\buku\detail.php(11): CodeIgniter\Debug\Exceptions->errorHandler(2, 'Trying to access array offset on value of type null', 'C:\\xampp\\htdocs\\ci\\app\\Views\\buku\\detail.php', 11)
 2 SYSTEMPATH\View\View.php(226): include('C:\\xampp\\htdocs\\ci\\app\\Views\\buku\\detail.php')
 3 SYSTEMPATH\View\View.php(229): CodeIgniter\View\View->CodeIgniter\View\{closure}()
 4 SYSTEMPATH\Common.php(1167): CodeIgniter\View\View->render('buku/detail', [], true)
 5 APPPATH\Controllers\Buku.php(28): view('buku/detail', [...])
 6 SYSTEMPATH\CodeIgniter.php(933): App\Controllers\Buku->detail('ubah', '1')
 7 SYSTEMPATH\CodeIgniter.php(507): CodeIgniter\CodeIgniter->runController(Object(App\Controllers\Buku))
 8 SYSTEMPATH\CodeIgniter.php(354): CodeIgniter\CodeIgniter->handleRequest(null, Object(Config\Cache), false)
 9 SYSTEMPATH\Boot.php(363): CodeIgniter\CodeIgniter->run()
10 SYSTEMPATH\Boot.php(68): CodeIgniter\Boot::runCodeIgniter(Object(CodeIgniter\CodeIgniter))
11 FCPATH\index.php(59): CodeIgniter\Boot::bootWeb(Object(Config\Paths))
12 SYSTEMPATH\rewrite.php(44): require_once('C:\\xampp\\htdocs\\ci\\public\\index.php')
DEBUG - 2025-09-17 10:44:41 --> Session: Class initialized using 'CodeIgniter\Session\Handlers\FileHandler' driver.
CRITICAL - 2025-09-17 10:44:41 --> ErrorException: Trying to access array offset on value of type null
[Method: GET, Route: buku/ubah/1]
in APPPATH\Views\buku\detail.php on line 11.
 1 APPPATH\Views\buku\detail.php(11): CodeIgniter\Debug\Exceptions->errorHandler(2, 'Trying to access array offset on value of type null', 'C:\\xampp\\htdocs\\ci\\app\\Views\\buku\\detail.php', 11)
 2 SYSTEMPATH\View\View.php(226): include('C:\\xampp\\htdocs\\ci\\app\\Views\\buku\\detail.php')
 3 SYSTEMPATH\View\View.php(229): CodeIgniter\View\View->CodeIgniter\View\{closure}()
 4 SYSTEMPATH\Common.php(1167): CodeIgniter\View\View->render('buku/detail', [], true)
 5 APPPATH\Controllers\Buku.php(28): view('buku/detail', [...])
 6 SYSTEMPATH\CodeIgniter.php(933): App\Controllers\Buku->detail('ubah', '1')
 7 SYSTEMPATH\CodeIgniter.php(507): CodeIgniter\CodeIgniter->runController(Object(App\Controllers\Buku))
 8 SYSTEMPATH\CodeIgniter.php(354): CodeIgniter\CodeIgniter->handleRequest(null, Object(Config\Cache), false)
 9 SYSTEMPATH\Boot.php(363): CodeIgniter\CodeIgniter->run()
10 SYSTEMPATH\Boot.php(68): CodeIgniter\Boot::runCodeIgniter(Object(CodeIgniter\CodeIgniter))
11 FCPATH\index.php(59): CodeIgniter\Boot::bootWeb(Object(Config\Paths))
12 SYSTEMPATH\rewrite.php(44): require_once('C:\\xampp\\htdocs\\ci\\public\\index.php')
DEBUG - 2025-09-17 10:44:49 --> Session: Class initialized using 'CodeIgniter\Session\Handlers\FileHandler' driver.
CRITICAL - 2025-09-17 10:44:49 --> ErrorException: Trying to access array offset on value of type null
[Method: GET, Route: buku/ubah/1]
in APPPATH\Views\buku\detail.php on line 11.
 1 APPPATH\Views\buku\detail.php(11): CodeIgniter\Debug\Exceptions->errorHandler(2, 'Trying to access array offset on value of type null', 'C:\\xampp\\htdocs\\ci\\app\\Views\\buku\\detail.php', 11)
 2 SYSTEMPATH\View\View.php(226): include('C:\\xampp\\htdocs\\ci\\app\\Views\\buku\\detail.php')
 3 SYSTEMPATH\View\View.php(229): CodeIgniter\View\View->CodeIgniter\View\{closure}()
 4 SYSTEMPATH\Common.php(1167): CodeIgniter\View\View->render('buku/detail', [], true)
 5 APPPATH\Controllers\Buku.php(28): view('buku/detail', [...])
 6 SYSTEMPATH\CodeIgniter.php(933): App\Controllers\Buku->detail('ubah', '1')
 7 SYSTEMPATH\CodeIgniter.php(507): CodeIgniter\CodeIgniter->runController(Object(App\Controllers\Buku))
 8 SYSTEMPATH\CodeIgniter.php(354): CodeIgniter\CodeIgniter->handleRequest(null, Object(Config\Cache), false)
 9 SYSTEMPATH\Boot.php(363): CodeIgniter\CodeIgniter->run()
10 SYSTEMPATH\Boot.php(68): CodeIgniter\Boot::runCodeIgniter(Object(CodeIgniter\CodeIgniter))
11 FCPATH\index.php(59): CodeIgniter\Boot::bootWeb(Object(Config\Paths))
12 SYSTEMPATH\rewrite.php(44): require_once('C:\\xampp\\htdocs\\ci\\public\\index.php')
DEBUG - 2025-09-17 10:44:50 --> Session: Class initialized using 'CodeIgniter\Session\Handlers\FileHandler' driver.
CRITICAL - 2025-09-17 10:44:50 --> ErrorException: Trying to access array offset on value of type null
[Method: GET, Route: buku/ubah/1]
in APPPATH\Views\buku\detail.php on line 11.
 1 APPPATH\Views\buku\detail.php(11): CodeIgniter\Debug\Exceptions->errorHandler(2, 'Trying to access array offset on value of type null', 'C:\\xampp\\htdocs\\ci\\app\\Views\\buku\\detail.php', 11)
 2 SYSTEMPATH\View\View.php(226): include('C:\\xampp\\htdocs\\ci\\app\\Views\\buku\\detail.php')
 3 SYSTEMPATH\View\View.php(229): CodeIgniter\View\View->CodeIgniter\View\{closure}()
 4 SYSTEMPATH\Common.php(1167): CodeIgniter\View\View->render('buku/detail', [], true)
 5 APPPATH\Controllers\Buku.php(28): view('buku/detail', [...])
 6 SYSTEMPATH\CodeIgniter.php(933): App\Controllers\Buku->detail('ubah', '1')
 7 SYSTEMPATH\CodeIgniter.php(507): CodeIgniter\CodeIgniter->runController(Object(App\Controllers\Buku))
 8 SYSTEMPATH\CodeIgniter.php(354): CodeIgniter\CodeIgniter->handleRequest(null, Object(Config\Cache), false)
 9 SYSTEMPATH\Boot.php(363): CodeIgniter\CodeIgniter->run()
10 SYSTEMPATH\Boot.php(68): CodeIgniter\Boot::runCodeIgniter(Object(CodeIgniter\CodeIgniter))
11 FCPATH\index.php(59): CodeIgniter\Boot::bootWeb(Object(Config\Paths))
12 SYSTEMPATH\rewrite.php(44): require_once('C:\\xampp\\htdocs\\ci\\public\\index.php')
DEBUG - 2025-09-17 10:45:19 --> Session: Class initialized using 'CodeIgniter\Session\Handlers\FileHandler' driver.
DEBUG - 2025-09-17 10:46:27 --> Session: Class initialized using 'CodeIgniter\Session\Handlers\FileHandler' driver.
CRITICAL - 2025-09-17 10:46:27 --> ErrorException: Trying to access array offset on value of type null
[Method: GET, Route: buku/ubah/1]
in APPPATH\Views\buku\detail.php on line 11.
 1 APPPATH\Views\buku\detail.php(11): CodeIgniter\Debug\Exceptions->errorHandler(2, 'Trying to access array offset on value of type null', 'C:\\xampp\\htdocs\\ci\\app\\Views\\buku\\detail.php', 11)
 2 SYSTEMPATH\View\View.php(226): include('C:\\xampp\\htdocs\\ci\\app\\Views\\buku\\detail.php')
 3 SYSTEMPATH\View\View.php(229): CodeIgniter\View\View->CodeIgniter\View\{closure}()
 4 SYSTEMPATH\Common.php(1167): CodeIgniter\View\View->render('buku/detail', [], true)
 5 APPPATH\Controllers\Buku.php(28): view('buku/detail', [...])
 6 SYSTEMPATH\CodeIgniter.php(933): App\Controllers\Buku->detail('ubah', '1')
 7 SYSTEMPATH\CodeIgniter.php(507): CodeIgniter\CodeIgniter->runController(Object(App\Controllers\Buku))
 8 SYSTEMPATH\CodeIgniter.php(354): CodeIgniter\CodeIgniter->handleRequest(null, Object(Config\Cache), false)
 9 SYSTEMPATH\Boot.php(363): CodeIgniter\CodeIgniter->run()
10 SYSTEMPATH\Boot.php(68): CodeIgniter\Boot::runCodeIgniter(Object(CodeIgniter\CodeIgniter))
11 FCPATH\index.php(59): CodeIgniter\Boot::bootWeb(Object(Config\Paths))
12 SYSTEMPATH\rewrite.php(44): require_once('C:\\xampp\\htdocs\\ci\\public\\index.php')
DEBUG - 2025-09-17 10:46:28 --> Session: Class initialized using 'CodeIgniter\Session\Handlers\FileHandler' driver.
CRITICAL - 2025-09-17 10:46:28 --> ErrorException: Trying to access array offset on value of type null
[Method: GET, Route: buku/ubah/1]
in APPPATH\Views\buku\detail.php on line 11.
 1 APPPATH\Views\buku\detail.php(11): CodeIgniter\Debug\Exceptions->errorHandler(2, 'Trying to access array offset on value of type null', 'C:\\xampp\\htdocs\\ci\\app\\Views\\buku\\detail.php', 11)
 2 SYSTEMPATH\View\View.php(226): include('C:\\xampp\\htdocs\\ci\\app\\Views\\buku\\detail.php')
 3 SYSTEMPATH\View\View.php(229): CodeIgniter\View\View->CodeIgniter\View\{closure}()
 4 SYSTEMPATH\Common.php(1167): CodeIgniter\View\View->render('buku/detail', [], true)
 5 APPPATH\Controllers\Buku.php(28): view('buku/detail', [...])
 6 SYSTEMPATH\CodeIgniter.php(933): App\Controllers\Buku->detail('ubah', '1')
 7 SYSTEMPATH\CodeIgniter.php(507): CodeIgniter\CodeIgniter->runController(Object(App\Controllers\Buku))
 8 SYSTEMPATH\CodeIgniter.php(354): CodeIgniter\CodeIgniter->handleRequest(null, Object(Config\Cache), false)
 9 SYSTEMPATH\Boot.php(363): CodeIgniter\CodeIgniter->run()
10 SYSTEMPATH\Boot.php(68): CodeIgniter\Boot::runCodeIgniter(Object(CodeIgniter\CodeIgniter))
11 FCPATH\index.php(59): CodeIgniter\Boot::bootWeb(Object(Config\Paths))
12 SYSTEMPATH\rewrite.php(44): require_once('C:\\xampp\\htdocs\\ci\\public\\index.php')
DEBUG - 2025-09-17 10:46:29 --> Session: Class initialized using 'CodeIgniter\Session\Handlers\FileHandler' driver.
CRITICAL - 2025-09-17 10:46:29 --> ErrorException: Trying to access array offset on value of type null
[Method: GET, Route: buku/ubah/1]
in APPPATH\Views\buku\detail.php on line 11.
 1 APPPATH\Views\buku\detail.php(11): CodeIgniter\Debug\Exceptions->errorHandler(2, 'Trying to access array offset on value of type null', 'C:\\xampp\\htdocs\\ci\\app\\Views\\buku\\detail.php', 11)
 2 SYSTEMPATH\View\View.php(226): include('C:\\xampp\\htdocs\\ci\\app\\Views\\buku\\detail.php')
 3 SYSTEMPATH\View\View.php(229): CodeIgniter\View\View->CodeIgniter\View\{closure}()
 4 SYSTEMPATH\Common.php(1167): CodeIgniter\View\View->render('buku/detail', [], true)
 5 APPPATH\Controllers\Buku.php(28): view('buku/detail', [...])
 6 SYSTEMPATH\CodeIgniter.php(933): App\Controllers\Buku->detail('ubah', '1')
 7 SYSTEMPATH\CodeIgniter.php(507): CodeIgniter\CodeIgniter->runController(Object(App\Controllers\Buku))
 8 SYSTEMPATH\CodeIgniter.php(354): CodeIgniter\CodeIgniter->handleRequest(null, Object(Config\Cache), false)
 9 SYSTEMPATH\Boot.php(363): CodeIgniter\CodeIgniter->run()
10 SYSTEMPATH\Boot.php(68): CodeIgniter\Boot::runCodeIgniter(Object(CodeIgniter\CodeIgniter))
11 FCPATH\index.php(59): CodeIgniter\Boot::bootWeb(Object(Config\Paths))
12 SYSTEMPATH\rewrite.php(44): require_once('C:\\xampp\\htdocs\\ci\\public\\index.php')
DEBUG - 2025-09-17 10:46:29 --> Session: Class initialized using 'CodeIgniter\Session\Handlers\FileHandler' driver.
CRITICAL - 2025-09-17 10:46:29 --> ErrorException: Trying to access array offset on value of type null
[Method: GET, Route: buku/ubah/1]
in APPPATH\Views\buku\detail.php on line 11.
 1 APPPATH\Views\buku\detail.php(11): CodeIgniter\Debug\Exceptions->errorHandler(2, 'Trying to access array offset on value of type null', 'C:\\xampp\\htdocs\\ci\\app\\Views\\buku\\detail.php', 11)
 2 SYSTEMPATH\View\View.php(226): include('C:\\xampp\\htdocs\\ci\\app\\Views\\buku\\detail.php')
 3 SYSTEMPATH\View\View.php(229): CodeIgniter\View\View->CodeIgniter\View\{closure}()
 4 SYSTEMPATH\Common.php(1167): CodeIgniter\View\View->render('buku/detail', [], true)
 5 APPPATH\Controllers\Buku.php(28): view('buku/detail', [...])
 6 SYSTEMPATH\CodeIgniter.php(933): App\Controllers\Buku->detail('ubah', '1')
 7 SYSTEMPATH\CodeIgniter.php(507): CodeIgniter\CodeIgniter->runController(Object(App\Controllers\Buku))
 8 SYSTEMPATH\CodeIgniter.php(354): CodeIgniter\CodeIgniter->handleRequest(null, Object(Config\Cache), false)
 9 SYSTEMPATH\Boot.php(363): CodeIgniter\CodeIgniter->run()
10 SYSTEMPATH\Boot.php(68): CodeIgniter\Boot::runCodeIgniter(Object(CodeIgniter\CodeIgniter))
11 FCPATH\index.php(59): CodeIgniter\Boot::bootWeb(Object(Config\Paths))
12 SYSTEMPATH\rewrite.php(44): require_once('C:\\xampp\\htdocs\\ci\\public\\index.php')
DEBUG - 2025-09-17 10:46:29 --> Session: Class initialized using 'CodeIgniter\Session\Handlers\FileHandler' driver.
CRITICAL - 2025-09-17 10:46:29 --> ErrorException: Trying to access array offset on value of type null
[Method: GET, Route: buku/ubah/1]
in APPPATH\Views\buku\detail.php on line 11.
 1 APPPATH\Views\buku\detail.php(11): CodeIgniter\Debug\Exceptions->errorHandler(2, 'Trying to access array offset on value of type null', 'C:\\xampp\\htdocs\\ci\\app\\Views\\buku\\detail.php', 11)
 2 SYSTEMPATH\View\View.php(226): include('C:\\xampp\\htdocs\\ci\\app\\Views\\buku\\detail.php')
 3 SYSTEMPATH\View\View.php(229): CodeIgniter\View\View->CodeIgniter\View\{closure}()
 4 SYSTEMPATH\Common.php(1167): CodeIgniter\View\View->render('buku/detail', [], true)
 5 APPPATH\Controllers\Buku.php(28): view('buku/detail', [...])
 6 SYSTEMPATH\CodeIgniter.php(933): App\Controllers\Buku->detail('ubah', '1')
 7 SYSTEMPATH\CodeIgniter.php(507): CodeIgniter\CodeIgniter->runController(Object(App\Controllers\Buku))
 8 SYSTEMPATH\CodeIgniter.php(354): CodeIgniter\CodeIgniter->handleRequest(null, Object(Config\Cache), false)
 9 SYSTEMPATH\Boot.php(363): CodeIgniter\CodeIgniter->run()
10 SYSTEMPATH\Boot.php(68): CodeIgniter\Boot::runCodeIgniter(Object(CodeIgniter\CodeIgniter))
11 FCPATH\index.php(59): CodeIgniter\Boot::bootWeb(Object(Config\Paths))
12 SYSTEMPATH\rewrite.php(44): require_once('C:\\xampp\\htdocs\\ci\\public\\index.php')
DEBUG - 2025-09-17 10:46:29 --> Session: Class initialized using 'CodeIgniter\Session\Handlers\FileHandler' driver.
CRITICAL - 2025-09-17 10:46:29 --> ErrorException: Trying to access array offset on value of type null
[Method: GET, Route: buku/ubah/1]
in APPPATH\Views\buku\detail.php on line 11.
 1 APPPATH\Views\buku\detail.php(11): CodeIgniter\Debug\Exceptions->errorHandler(2, 'Trying to access array offset on value of type null', 'C:\\xampp\\htdocs\\ci\\app\\Views\\buku\\detail.php', 11)
 2 SYSTEMPATH\View\View.php(226): include('C:\\xampp\\htdocs\\ci\\app\\Views\\buku\\detail.php')
 3 SYSTEMPATH\View\View.php(229): CodeIgniter\View\View->CodeIgniter\View\{closure}()
 4 SYSTEMPATH\Common.php(1167): CodeIgniter\View\View->render('buku/detail', [], true)
 5 APPPATH\Controllers\Buku.php(28): view('buku/detail', [...])
 6 SYSTEMPATH\CodeIgniter.php(933): App\Controllers\Buku->detail('ubah', '1')
 7 SYSTEMPATH\CodeIgniter.php(507): CodeIgniter\CodeIgniter->runController(Object(App\Controllers\Buku))
 8 SYSTEMPATH\CodeIgniter.php(354): CodeIgniter\CodeIgniter->handleRequest(null, Object(Config\Cache), false)
 9 SYSTEMPATH\Boot.php(363): CodeIgniter\CodeIgniter->run()
10 SYSTEMPATH\Boot.php(68): CodeIgniter\Boot::runCodeIgniter(Object(CodeIgniter\CodeIgniter))
11 FCPATH\index.php(59): CodeIgniter\Boot::bootWeb(Object(Config\Paths))
12 SYSTEMPATH\rewrite.php(44): require_once('C:\\xampp\\htdocs\\ci\\public\\index.php')
DEBUG - 2025-09-17 10:46:29 --> Session: Class initialized using 'CodeIgniter\Session\Handlers\FileHandler' driver.
CRITICAL - 2025-09-17 10:46:29 --> ErrorException: Trying to access array offset on value of type null
[Method: GET, Route: buku/ubah/1]
in APPPATH\Views\buku\detail.php on line 11.
 1 APPPATH\Views\buku\detail.php(11): CodeIgniter\Debug\Exceptions->errorHandler(2, 'Trying to access array offset on value of type null', 'C:\\xampp\\htdocs\\ci\\app\\Views\\buku\\detail.php', 11)
 2 SYSTEMPATH\View\View.php(226): include('C:\\xampp\\htdocs\\ci\\app\\Views\\buku\\detail.php')
 3 SYSTEMPATH\View\View.php(229): CodeIgniter\View\View->CodeIgniter\View\{closure}()
 4 SYSTEMPATH\Common.php(1167): CodeIgniter\View\View->render('buku/detail', [], true)
 5 APPPATH\Controllers\Buku.php(28): view('buku/detail', [...])
 6 SYSTEMPATH\CodeIgniter.php(933): App\Controllers\Buku->detail('ubah', '1')
 7 SYSTEMPATH\CodeIgniter.php(507): CodeIgniter\CodeIgniter->runController(Object(App\Controllers\Buku))
 8 SYSTEMPATH\CodeIgniter.php(354): CodeIgniter\CodeIgniter->handleRequest(null, Object(Config\Cache), false)
 9 SYSTEMPATH\Boot.php(363): CodeIgniter\CodeIgniter->run()
10 SYSTEMPATH\Boot.php(68): CodeIgniter\Boot::runCodeIgniter(Object(CodeIgniter\CodeIgniter))
11 FCPATH\index.php(59): CodeIgniter\Boot::bootWeb(Object(Config\Paths))
12 SYSTEMPATH\rewrite.php(44): require_once('C:\\xampp\\htdocs\\ci\\public\\index.php')
DEBUG - 2025-09-17 10:47:06 --> Session: Class initialized using 'CodeIgniter\Session\Handlers\FileHandler' driver.
CRITICAL - 2025-09-17 10:47:06 --> ErrorException: Trying to access array offset on value of type null
[Method: GET, Route: buku/ubah/1]
in APPPATH\Views\buku\detail.php on line 11.
 1 APPPATH\Views\buku\detail.php(11): CodeIgniter\Debug\Exceptions->errorHandler(2, 'Trying to access array offset on value of type null', 'C:\\xampp\\htdocs\\ci\\app\\Views\\buku\\detail.php', 11)
 2 SYSTEMPATH\View\View.php(226): include('C:\\xampp\\htdocs\\ci\\app\\Views\\buku\\detail.php')
 3 SYSTEMPATH\View\View.php(229): CodeIgniter\View\View->CodeIgniter\View\{closure}()
 4 SYSTEMPATH\Common.php(1167): CodeIgniter\View\View->render('buku/detail', [], true)
 5 APPPATH\Controllers\Buku.php(28): view('buku/detail', [...])
 6 SYSTEMPATH\CodeIgniter.php(933): App\Controllers\Buku->detail('ubah', '1')
 7 SYSTEMPATH\CodeIgniter.php(507): CodeIgniter\CodeIgniter->runController(Object(App\Controllers\Buku))
 8 SYSTEMPATH\CodeIgniter.php(354): CodeIgniter\CodeIgniter->handleRequest(null, Object(Config\Cache), false)
 9 SYSTEMPATH\Boot.php(363): CodeIgniter\CodeIgniter->run()
10 SYSTEMPATH\Boot.php(68): CodeIgniter\Boot::runCodeIgniter(Object(CodeIgniter\CodeIgniter))
11 FCPATH\index.php(59): CodeIgniter\Boot::bootWeb(Object(Config\Paths))
12 SYSTEMPATH\rewrite.php(44): require_once('C:\\xampp\\htdocs\\ci\\public\\index.php')
DEBUG - 2025-09-17 10:47:07 --> Session: Class initialized using 'CodeIgniter\Session\Handlers\FileHandler' driver.
CRITICAL - 2025-09-17 10:47:07 --> ErrorException: Trying to access array offset on value of type null
[Method: GET, Route: buku/ubah/1]
in APPPATH\Views\buku\detail.php on line 11.
 1 APPPATH\Views\buku\detail.php(11): CodeIgniter\Debug\Exceptions->errorHandler(2, 'Trying to access array offset on value of type null', 'C:\\xampp\\htdocs\\ci\\app\\Views\\buku\\detail.php', 11)
 2 SYSTEMPATH\View\View.php(226): include('C:\\xampp\\htdocs\\ci\\app\\Views\\buku\\detail.php')
 3 SYSTEMPATH\View\View.php(229): CodeIgniter\View\View->CodeIgniter\View\{closure}()
 4 SYSTEMPATH\Common.php(1167): CodeIgniter\View\View->render('buku/detail', [], true)
 5 APPPATH\Controllers\Buku.php(28): view('buku/detail', [...])
 6 SYSTEMPATH\CodeIgniter.php(933): App\Controllers\Buku->detail('ubah', '1')
 7 SYSTEMPATH\CodeIgniter.php(507): CodeIgniter\CodeIgniter->runController(Object(App\Controllers\Buku))
 8 SYSTEMPATH\CodeIgniter.php(354): CodeIgniter\CodeIgniter->handleRequest(null, Object(Config\Cache), false)
 9 SYSTEMPATH\Boot.php(363): CodeIgniter\CodeIgniter->run()
10 SYSTEMPATH\Boot.php(68): CodeIgniter\Boot::runCodeIgniter(Object(CodeIgniter\CodeIgniter))
11 FCPATH\index.php(59): CodeIgniter\Boot::bootWeb(Object(Config\Paths))
12 SYSTEMPATH\rewrite.php(44): require_once('C:\\xampp\\htdocs\\ci\\public\\index.php')
DEBUG - 2025-09-17 10:47:49 --> Session: Class initialized using 'CodeIgniter\Session\Handlers\FileHandler' driver.
CRITICAL - 2025-09-17 10:47:49 --> ErrorException: Trying to access array offset on value of type null
[Method: GET, Route: buku/ubah/1]
in APPPATH\Views\buku\detail.php on line 11.
 1 APPPATH\Views\buku\detail.php(11): CodeIgniter\Debug\Exceptions->errorHandler(2, 'Trying to access array offset on value of type null', 'C:\\xampp\\htdocs\\ci\\app\\Views\\buku\\detail.php', 11)
 2 SYSTEMPATH\View\View.php(226): include('C:\\xampp\\htdocs\\ci\\app\\Views\\buku\\detail.php')
 3 SYSTEMPATH\View\View.php(229): CodeIgniter\View\View->CodeIgniter\View\{closure}()
 4 SYSTEMPATH\Common.php(1167): CodeIgniter\View\View->render('buku/detail', [], true)
 5 APPPATH\Controllers\Buku.php(28): view('buku/detail', [...])
 6 SYSTEMPATH\CodeIgniter.php(933): App\Controllers\Buku->detail('ubah', '1')
 7 SYSTEMPATH\CodeIgniter.php(507): CodeIgniter\CodeIgniter->runController(Object(App\Controllers\Buku))
 8 SYSTEMPATH\CodeIgniter.php(354): CodeIgniter\CodeIgniter->handleRequest(null, Object(Config\Cache), false)
 9 SYSTEMPATH\Boot.php(363): CodeIgniter\CodeIgniter->run()
10 SYSTEMPATH\Boot.php(68): CodeIgniter\Boot::runCodeIgniter(Object(CodeIgniter\CodeIgniter))
11 FCPATH\index.php(59): CodeIgniter\Boot::bootWeb(Object(Config\Paths))
12 SYSTEMPATH\rewrite.php(44): require_once('C:\\xampp\\htdocs\\ci\\public\\index.php')
DEBUG - 2025-09-17 10:47:50 --> Session: Class initialized using 'CodeIgniter\Session\Handlers\FileHandler' driver.
CRITICAL - 2025-09-17 10:47:50 --> ErrorException: Trying to access array offset on value of type null
[Method: GET, Route: buku/ubah/1]
in APPPATH\Views\buku\detail.php on line 11.
 1 APPPATH\Views\buku\detail.php(11): CodeIgniter\Debug\Exceptions->errorHandler(2, 'Trying to access array offset on value of type null', 'C:\\xampp\\htdocs\\ci\\app\\Views\\buku\\detail.php', 11)
 2 SYSTEMPATH\View\View.php(226): include('C:\\xampp\\htdocs\\ci\\app\\Views\\buku\\detail.php')
 3 SYSTEMPATH\View\View.php(229): CodeIgniter\View\View->CodeIgniter\View\{closure}()
 4 SYSTEMPATH\Common.php(1167): CodeIgniter\View\View->render('buku/detail', [], true)
 5 APPPATH\Controllers\Buku.php(28): view('buku/detail', [...])
 6 SYSTEMPATH\CodeIgniter.php(933): App\Controllers\Buku->detail('ubah', '1')
 7 SYSTEMPATH\CodeIgniter.php(507): CodeIgniter\CodeIgniter->runController(Object(App\Controllers\Buku))
 8 SYSTEMPATH\CodeIgniter.php(354): CodeIgniter\CodeIgniter->handleRequest(null, Object(Config\Cache), false)
 9 SYSTEMPATH\Boot.php(363): CodeIgniter\CodeIgniter->run()
10 SYSTEMPATH\Boot.php(68): CodeIgniter\Boot::runCodeIgniter(Object(CodeIgniter\CodeIgniter))
11 FCPATH\index.php(59): CodeIgniter\Boot::bootWeb(Object(Config\Paths))
12 SYSTEMPATH\rewrite.php(44): require_once('C:\\xampp\\htdocs\\ci\\public\\index.php')
DEBUG - 2025-09-17 10:47:56 --> Session: Class initialized using 'CodeIgniter\Session\Handlers\FileHandler' driver.
CRITICAL - 2025-09-17 10:47:56 --> ErrorException: Trying to access array offset on value of type null
[Method: GET, Route: buku/ubah/1]
in APPPATH\Views\buku\detail.php on line 11.
 1 APPPATH\Views\buku\detail.php(11): CodeIgniter\Debug\Exceptions->errorHandler(2, 'Trying to access array offset on value of type null', 'C:\\xampp\\htdocs\\ci\\app\\Views\\buku\\detail.php', 11)
 2 SYSTEMPATH\View\View.php(226): include('C:\\xampp\\htdocs\\ci\\app\\Views\\buku\\detail.php')
 3 SYSTEMPATH\View\View.php(229): CodeIgniter\View\View->CodeIgniter\View\{closure}()
 4 SYSTEMPATH\Common.php(1167): CodeIgniter\View\View->render('buku/detail', [], true)
 5 APPPATH\Controllers\Buku.php(28): view('buku/detail', [...])
 6 SYSTEMPATH\CodeIgniter.php(933): App\Controllers\Buku->detail('ubah', '1')
 7 SYSTEMPATH\CodeIgniter.php(507): CodeIgniter\CodeIgniter->runController(Object(App\Controllers\Buku))
 8 SYSTEMPATH\CodeIgniter.php(354): CodeIgniter\CodeIgniter->handleRequest(null, Object(Config\Cache), false)
 9 SYSTEMPATH\Boot.php(363): CodeIgniter\CodeIgniter->run()
10 SYSTEMPATH\Boot.php(68): CodeIgniter\Boot::runCodeIgniter(Object(CodeIgniter\CodeIgniter))
11 FCPATH\index.php(59): CodeIgniter\Boot::bootWeb(Object(Config\Paths))
12 SYSTEMPATH\rewrite.php(44): require_once('C:\\xampp\\htdocs\\ci\\public\\index.php')
DEBUG - 2025-09-17 10:47:57 --> Session: Class initialized using 'CodeIgniter\Session\Handlers\FileHandler' driver.
CRITICAL - 2025-09-17 10:47:57 --> ErrorException: Trying to access array offset on value of type null
[Method: GET, Route: buku/ubah/1]
in APPPATH\Views\buku\detail.php on line 11.
 1 APPPATH\Views\buku\detail.php(11): CodeIgniter\Debug\Exceptions->errorHandler(2, 'Trying to access array offset on value of type null', 'C:\\xampp\\htdocs\\ci\\app\\Views\\buku\\detail.php', 11)
 2 SYSTEMPATH\View\View.php(226): include('C:\\xampp\\htdocs\\ci\\app\\Views\\buku\\detail.php')
 3 SYSTEMPATH\View\View.php(229): CodeIgniter\View\View->CodeIgniter\View\{closure}()
 4 SYSTEMPATH\Common.php(1167): CodeIgniter\View\View->render('buku/detail', [], true)
 5 APPPATH\Controllers\Buku.php(28): view('buku/detail', [...])
 6 SYSTEMPATH\CodeIgniter.php(933): App\Controllers\Buku->detail('ubah', '1')
 7 SYSTEMPATH\CodeIgniter.php(507): CodeIgniter\CodeIgniter->runController(Object(App\Controllers\Buku))
 8 SYSTEMPATH\CodeIgniter.php(354): CodeIgniter\CodeIgniter->handleRequest(null, Object(Config\Cache), false)
 9 SYSTEMPATH\Boot.php(363): CodeIgniter\CodeIgniter->run()
10 SYSTEMPATH\Boot.php(68): CodeIgniter\Boot::runCodeIgniter(Object(CodeIgniter\CodeIgniter))
11 FCPATH\index.php(59): CodeIgniter\Boot::bootWeb(Object(Config\Paths))
12 SYSTEMPATH\rewrite.php(44): require_once('C:\\xampp\\htdocs\\ci\\public\\index.php')
DEBUG - 2025-09-17 10:47:57 --> Session: Class initialized using 'CodeIgniter\Session\Handlers\FileHandler' driver.
CRITICAL - 2025-09-17 10:47:57 --> ErrorException: Trying to access array offset on value of type null
[Method: GET, Route: buku/ubah/1]
in APPPATH\Views\buku\detail.php on line 11.
 1 APPPATH\Views\buku\detail.php(11): CodeIgniter\Debug\Exceptions->errorHandler(2, 'Trying to access array offset on value of type null', 'C:\\xampp\\htdocs\\ci\\app\\Views\\buku\\detail.php', 11)
 2 SYSTEMPATH\View\View.php(226): include('C:\\xampp\\htdocs\\ci\\app\\Views\\buku\\detail.php')
 3 SYSTEMPATH\View\View.php(229): CodeIgniter\View\View->CodeIgniter\View\{closure}()
 4 SYSTEMPATH\Common.php(1167): CodeIgniter\View\View->render('buku/detail', [], true)
 5 APPPATH\Controllers\Buku.php(28): view('buku/detail', [...])
 6 SYSTEMPATH\CodeIgniter.php(933): App\Controllers\Buku->detail('ubah', '1')
 7 SYSTEMPATH\CodeIgniter.php(507): CodeIgniter\CodeIgniter->runController(Object(App\Controllers\Buku))
 8 SYSTEMPATH\CodeIgniter.php(354): CodeIgniter\CodeIgniter->handleRequest(null, Object(Config\Cache), false)
 9 SYSTEMPATH\Boot.php(363): CodeIgniter\CodeIgniter->run()
10 SYSTEMPATH\Boot.php(68): CodeIgniter\Boot::runCodeIgniter(Object(CodeIgniter\CodeIgniter))
11 FCPATH\index.php(59): CodeIgniter\Boot::bootWeb(Object(Config\Paths))
12 SYSTEMPATH\rewrite.php(44): require_once('C:\\xampp\\htdocs\\ci\\public\\index.php')
DEBUG - 2025-09-17 10:47:57 --> Session: Class initialized using 'CodeIgniter\Session\Handlers\FileHandler' driver.
CRITICAL - 2025-09-17 10:47:57 --> ErrorException: Trying to access array offset on value of type null
[Method: GET, Route: buku/ubah/1]
in APPPATH\Views\buku\detail.php on line 11.
 1 APPPATH\Views\buku\detail.php(11): CodeIgniter\Debug\Exceptions->errorHandler(2, 'Trying to access array offset on value of type null', 'C:\\xampp\\htdocs\\ci\\app\\Views\\buku\\detail.php', 11)
 2 SYSTEMPATH\View\View.php(226): include('C:\\xampp\\htdocs\\ci\\app\\Views\\buku\\detail.php')
 3 SYSTEMPATH\View\View.php(229): CodeIgniter\View\View->CodeIgniter\View\{closure}()
 4 SYSTEMPATH\Common.php(1167): CodeIgniter\View\View->render('buku/detail', [], true)
 5 APPPATH\Controllers\Buku.php(28): view('buku/detail', [...])
 6 SYSTEMPATH\CodeIgniter.php(933): App\Controllers\Buku->detail('ubah', '1')
 7 SYSTEMPATH\CodeIgniter.php(507): CodeIgniter\CodeIgniter->runController(Object(App\Controllers\Buku))
 8 SYSTEMPATH\CodeIgniter.php(354): CodeIgniter\CodeIgniter->handleRequest(null, Object(Config\Cache), false)
 9 SYSTEMPATH\Boot.php(363): CodeIgniter\CodeIgniter->run()
10 SYSTEMPATH\Boot.php(68): CodeIgniter\Boot::runCodeIgniter(Object(CodeIgniter\CodeIgniter))
11 FCPATH\index.php(59): CodeIgniter\Boot::bootWeb(Object(Config\Paths))
12 SYSTEMPATH\rewrite.php(44): require_once('C:\\xampp\\htdocs\\ci\\public\\index.php')
DEBUG - 2025-09-17 10:48:22 --> Session: Class initialized using 'CodeIgniter\Session\Handlers\FileHandler' driver.
DEBUG - 2025-09-17 13:17:51 --> Session: Class initialized using 'CodeIgniter\Session\Handlers\FileHandler' driver.
DEBUG - 2025-09-17 13:17:53 --> Session: Class initialized using 'CodeIgniter\Session\Handlers\FileHandler' driver.
DEBUG - 2025-09-17 13:17:54 --> Session: Class initialized using 'CodeIgniter\Session\Handlers\FileHandler' driver.
DEBUG - 2025-09-17 13:19:45 --> Session: Class initialized using 'CodeIgniter\Session\Handlers\FileHandler' driver.
DEBUG - 2025-09-17 13:19:47 --> Session: Class initialized using 'CodeIgniter\Session\Handlers\FileHandler' driver.
DEBUG - 2025-09-17 13:19:48 --> Session: Class initialized using 'CodeIgniter\Session\Handlers\FileHandler' driver.
DEBUG - 2025-09-17 14:19:24 --> Session: Class initialized using 'CodeIgniter\Session\Handlers\FileHandler' driver.
DEBUG - 2025-09-17 14:35:29 --> Session: Class initialized using 'CodeIgniter\Session\Handlers\FileHandler' driver.
DEBUG - 2025-09-17 14:38:08 --> Session: Class initialized using 'CodeIgniter\Session\Handlers\FileHandler' driver.
DEBUG - 2025-09-17 14:46:02 --> Session: Class initialized using 'CodeIgniter\Session\Handlers\FileHandler' driver.
DEBUG - 2025-09-17 14:46:02 --> Session: Class initialized using 'CodeIgniter\Session\Handlers\FileHandler' driver.
DEBUG - 2025-09-17 14:46:22 --> Session: Class initialized using 'CodeIgniter\Session\Handlers\FileHandler' driver.
DEBUG - 2025-09-17 14:46:25 --> Session: Class initialized using 'CodeIgniter\Session\Handlers\FileHandler' driver.
DEBUG - 2025-09-17 14:46:35 --> Session: Class initialized using 'CodeIgniter\Session\Handlers\FileHandler' driver.
DEBUG - 2025-09-17 14:46:38 --> Session: Class initialized using 'CodeIgniter\Session\Handlers\FileHandler' driver.
DEBUG - 2025-09-17 14:46:38 --> Session: Class initialized using 'CodeIgniter\Session\Handlers\FileHandler' driver.
DEBUG - 2025-09-17 14:46:40 --> Session: Class initialized using 'CodeIgniter\Session\Handlers\FileHandler' driver.
DEBUG - 2025-09-17 14:46:43 --> Session: Class initialized using 'CodeIgniter\Session\Handlers\FileHandler' driver.
DEBUG - 2025-09-17 14:47:17 --> Session: Class initialized using 'CodeIgniter\Session\Handlers\FileHandler' driver.
DEBUG - 2025-09-17 14:47:27 --> Session: Class initialized using 'CodeIgniter\Session\Handlers\FileHandler' driver.
DEBUG - 2025-09-17 14:47:39 --> Session: Class initialized using 'CodeIgniter\Session\Handlers\FileHandler' driver.
DEBUG - 2025-09-17 14:48:16 --> Session: Class initialized using 'CodeIgniter\Session\Handlers\FileHandler' driver.
DEBUG - 2025-09-17 14:48:16 --> Session: Class initialized using 'CodeIgniter\Session\Handlers\FileHandler' driver.
DEBUG - 2025-09-17 14:48:19 --> Session: Class initialized using 'CodeIgniter\Session\Handlers\FileHandler' driver.
DEBUG - 2025-09-17 14:48:22 --> Session: Class initialized using 'CodeIgniter\Session\Handlers\FileHandler' driver.
DEBUG - 2025-09-17 14:48:25 --> Session: Class initialized using 'CodeIgniter\Session\Handlers\FileHandler' driver.
DEBUG - 2025-09-17 14:48:27 --> Session: Class initialized using 'CodeIgniter\Session\Handlers\FileHandler' driver.
DEBUG - 2025-09-17 14:48:27 --> Session: Class initialized using 'CodeIgniter\Session\Handlers\FileHandler' driver.
DEBUG - 2025-09-17 14:48:28 --> Session: Class initialized using 'CodeIgniter\Session\Handlers\FileHandler' driver.
DEBUG - 2025-09-17 14:48:40 --> Session: Class initialized using 'CodeIgniter\Session\Handlers\FileHandler' driver.
DEBUG - 2025-09-17 14:48:40 --> Session: Class initialized using 'CodeIgniter\Session\Handlers\FileHandler' driver.
DEBUG - 2025-09-17 15:17:17 --> Session: Class initialized using 'CodeIgniter\Session\Handlers\FileHandler' driver.
DEBUG - 2025-09-17 15:19:23 --> Session: Class initialized using 'CodeIgniter\Session\Handlers\FileHandler' driver.
DEBUG - 2025-09-17 15:19:23 --> Session: Class initialized using 'CodeIgniter\Session\Handlers\FileHandler' driver.
DEBUG - 2025-09-17 15:42:33 --> Session: Class initialized using 'CodeIgniter\Session\Handlers\FileHandler' driver.
DEBUG - 2025-09-17 15:42:34 --> Session: Class initialized using 'CodeIgniter\Session\Handlers\FileHandler' driver.
DEBUG - 2025-09-17 15:43:40 --> Session: Class initialized using 'CodeIgniter\Session\Handlers\FileHandler' driver.
DEBUG - 2025-09-17 15:44:04 --> Session: Class initialized using 'CodeIgniter\Session\Handlers\FileHandler' driver.
DEBUG - 2025-09-17 15:44:05 --> Session: Class initialized using 'CodeIgniter\Session\Handlers\FileHandler' driver.
DEBUG - 2025-09-17 15:45:34 --> Session: Class initialized using 'CodeIgniter\Session\Handlers\FileHandler' driver.
DEBUG - 2025-09-17 15:45:36 --> Session: Class initialized using 'CodeIgniter\Session\Handlers\FileHandler' driver.
DEBUG - 2025-09-17 15:45:36 --> Session: Class initialized using 'CodeIgniter\Session\Handlers\FileHandler' driver.
DEBUG - 2025-09-17 15:45:43 --> Session: Class initialized using 'CodeIgniter\Session\Handlers\FileHandler' driver.
DEBUG - 2025-09-17 15:45:58 --> Session: Class initialized using 'CodeIgniter\Session\Handlers\FileHandler' driver.
