DEBUG - 2025-10-01 02:35:59 --> Session: Class initialized using 'CodeIgniter\Session\Handlers\FileHandler' driver.
DEBUG - 2025-10-01 02:36:03 --> Session: Class initialized using 'CodeIgniter\Session\Handlers\FileHandler' driver.
DEBUG - 2025-10-01 02:36:06 --> Session: Class initialized using 'CodeIgniter\Session\Handlers\FileHandler' driver.
DEBUG - 2025-10-01 02:36:08 --> Session: Class initialized using 'CodeIgniter\Session\Handlers\FileHandler' driver.
DEBUG - 2025-10-01 02:36:12 --> Session: Class initialized using 'CodeIgniter\Session\Handlers\FileHandler' driver.
DEBUG - 2025-10-01 02:36:18 --> Session: Class initialized using 'CodeIgniter\Session\Handlers\FileHandler' driver.
DEBUG - 2025-10-01 02:36:20 --> Session: Class initialized using 'CodeIgniter\Session\Handlers\FileHandler' driver.
DEBUG - 2025-10-01 02:36:22 --> Session: Class initialized using 'CodeIgniter\Session\Handlers\FileHandler' driver.
DEBUG - 2025-10-01 02:36:31 --> Session: Class initialized using 'CodeIgniter\Session\Handlers\FileHandler' driver.
DEBUG - 2025-10-01 06:54:07 --> Session: Class initialized using 'CodeIgniter\Session\Handlers\FileHandler' driver.
DEBUG - 2025-10-01 06:59:51 --> Session: Class initialized using 'CodeIgniter\Session\Handlers\FileHandler' driver.
DEBUG - 2025-10-01 06:59:56 --> Session: Class initialized using 'CodeIgniter\Session\Handlers\FileHandler' driver.
DEBUG - 2025-10-01 07:00:10 --> Session: Class initialized using 'CodeIgniter\Session\Handlers\FileHandler' driver.
DEBUG - 2025-10-01 07:15:03 --> Session: Class initialized using 'CodeIgniter\Session\Handlers\FileHandler' driver.
DEBUG - 2025-10-01 07:15:09 --> Session: Class initialized using 'CodeIgniter\Session\Handlers\FileHandler' driver.
DEBUG - 2025-10-01 07:15:33 --> Session: Class initialized using 'CodeIgniter\Session\Handlers\FileHandler' driver.
DEBUG - 2025-10-01 07:16:13 --> Session: Class initialized using 'CodeIgniter\Session\Handlers\FileHandler' driver.
DEBUG - 2025-10-01 07:18:30 --> Session: Class initialized using 'CodeIgniter\Session\Handlers\FileHandler' driver.
DEBUG - 2025-10-01 07:18:34 --> Session: Class initialized using 'CodeIgniter\Session\Handlers\FileHandler' driver.
CRITICAL - 2025-10-01 07:37:12 --> Error: Call to undefined method CodeIgniter\View\View::extends()
[Method: GET, Route: /]
in APPPATH\Views\layout\home.php on line 1.
 1 SYSTEMPATH\View\View.php(226): include()
 2 SYSTEMPATH\View\View.php(229): CodeIgniter\View\View->CodeIgniter\View\{closure}()
 3 SYSTEMPATH\Common.php(1167): CodeIgniter\View\View->render('layout/home', [], true)
 4 APPPATH\Controllers\Pages.php(10): view('layout/home')
 5 SYSTEMPATH\CodeIgniter.php(933): App\Controllers\Pages->index()
 6 SYSTEMPATH\CodeIgniter.php(507): CodeIgniter\CodeIgniter->runController(Object(App\Controllers\Pages))
 7 SYSTEMPATH\CodeIgniter.php(354): CodeIgniter\CodeIgniter->handleRequest(null, Object(Config\Cache), false)
 8 SYSTEMPATH\Boot.php(363): CodeIgniter\CodeIgniter->run()
 9 SYSTEMPATH\Boot.php(68): CodeIgniter\Boot::runCodeIgniter(Object(CodeIgniter\CodeIgniter))
10 FCPATH\index.php(59): CodeIgniter\Boot::bootWeb(Object(Config\Paths))
11 SYSTEMPATH\rewrite.php(44): require_once('C:\\xampp\\htdocs\\240102048\\public\\index.php')
CRITICAL - 2025-10-01 07:37:20 --> Error: Call to undefined method CodeIgniter\View\View::extends()
[Method: GET, Route: /]
in APPPATH\Views\layout\home.php on line 1.
 1 SYSTEMPATH\View\View.php(226): include()
 2 SYSTEMPATH\View\View.php(229): CodeIgniter\View\View->CodeIgniter\View\{closure}()
 3 SYSTEMPATH\Common.php(1167): CodeIgniter\View\View->render('layout/home', [], true)
 4 APPPATH\Controllers\Pages.php(10): view('layout/home')
 5 SYSTEMPATH\CodeIgniter.php(933): App\Controllers\Pages->index()
 6 SYSTEMPATH\CodeIgniter.php(507): CodeIgniter\CodeIgniter->runController(Object(App\Controllers\Pages))
 7 SYSTEMPATH\CodeIgniter.php(354): CodeIgniter\CodeIgniter->handleRequest(null, Object(Config\Cache), false)
 8 SYSTEMPATH\Boot.php(363): CodeIgniter\CodeIgniter->run()
 9 SYSTEMPATH\Boot.php(68): CodeIgniter\Boot::runCodeIgniter(Object(CodeIgniter\CodeIgniter))
10 FCPATH\index.php(59): CodeIgniter\Boot::bootWeb(Object(Config\Paths))
11 SYSTEMPATH\rewrite.php(44): require_once('C:\\xampp\\htdocs\\240102048\\public\\index.php')
CRITICAL - 2025-10-01 07:37:28 --> Error: Call to undefined method CodeIgniter\View\View::extends()
[Method: GET, Route: /]
in APPPATH\Views\layout\home.php on line 1.
 1 SYSTEMPATH\View\View.php(226): include()
 2 SYSTEMPATH\View\View.php(229): CodeIgniter\View\View->CodeIgniter\View\{closure}()
 3 SYSTEMPATH\Common.php(1167): CodeIgniter\View\View->render('layout/home', [], true)
 4 APPPATH\Controllers\Pages.php(10): view('layout/home')
 5 SYSTEMPATH\CodeIgniter.php(933): App\Controllers\Pages->index()
 6 SYSTEMPATH\CodeIgniter.php(507): CodeIgniter\CodeIgniter->runController(Object(App\Controllers\Pages))
 7 SYSTEMPATH\CodeIgniter.php(354): CodeIgniter\CodeIgniter->handleRequest(null, Object(Config\Cache), false)
 8 SYSTEMPATH\Boot.php(363): CodeIgniter\CodeIgniter->run()
 9 SYSTEMPATH\Boot.php(68): CodeIgniter\Boot::runCodeIgniter(Object(CodeIgniter\CodeIgniter))
10 FCPATH\index.php(59): CodeIgniter\Boot::bootWeb(Object(Config\Paths))
11 SYSTEMPATH\rewrite.php(44): require_once('C:\\xampp\\htdocs\\240102048\\public\\index.php')
CRITICAL - 2025-10-01 07:37:28 --> Error: Call to undefined method CodeIgniter\View\View::extends()
[Method: GET, Route: /]
in APPPATH\Views\layout\home.php on line 1.
 1 SYSTEMPATH\View\View.php(226): include()
 2 SYSTEMPATH\View\View.php(229): CodeIgniter\View\View->CodeIgniter\View\{closure}()
 3 SYSTEMPATH\Common.php(1167): CodeIgniter\View\View->render('layout/home', [], true)
 4 APPPATH\Controllers\Pages.php(10): view('layout/home')
 5 SYSTEMPATH\CodeIgniter.php(933): App\Controllers\Pages->index()
 6 SYSTEMPATH\CodeIgniter.php(507): CodeIgniter\CodeIgniter->runController(Object(App\Controllers\Pages))
 7 SYSTEMPATH\CodeIgniter.php(354): CodeIgniter\CodeIgniter->handleRequest(null, Object(Config\Cache), false)
 8 SYSTEMPATH\Boot.php(363): CodeIgniter\CodeIgniter->run()
 9 SYSTEMPATH\Boot.php(68): CodeIgniter\Boot::runCodeIgniter(Object(CodeIgniter\CodeIgniter))
10 FCPATH\index.php(59): CodeIgniter\Boot::bootWeb(Object(Config\Paths))
11 SYSTEMPATH\rewrite.php(44): require_once('C:\\xampp\\htdocs\\240102048\\public\\index.php')
CRITICAL - 2025-10-01 07:37:29 --> Error: Call to undefined method CodeIgniter\View\View::extends()
[Method: GET, Route: /]
in APPPATH\Views\layout\home.php on line 1.
 1 SYSTEMPATH\View\View.php(226): include()
 2 SYSTEMPATH\View\View.php(229): CodeIgniter\View\View->CodeIgniter\View\{closure}()
 3 SYSTEMPATH\Common.php(1167): CodeIgniter\View\View->render('layout/home', [], true)
 4 APPPATH\Controllers\Pages.php(10): view('layout/home')
 5 SYSTEMPATH\CodeIgniter.php(933): App\Controllers\Pages->index()
 6 SYSTEMPATH\CodeIgniter.php(507): CodeIgniter\CodeIgniter->runController(Object(App\Controllers\Pages))
 7 SYSTEMPATH\CodeIgniter.php(354): CodeIgniter\CodeIgniter->handleRequest(null, Object(Config\Cache), false)
 8 SYSTEMPATH\Boot.php(363): CodeIgniter\CodeIgniter->run()
 9 SYSTEMPATH\Boot.php(68): CodeIgniter\Boot::runCodeIgniter(Object(CodeIgniter\CodeIgniter))
10 FCPATH\index.php(59): CodeIgniter\Boot::bootWeb(Object(Config\Paths))
11 SYSTEMPATH\rewrite.php(44): require_once('C:\\xampp\\htdocs\\240102048\\public\\index.php')
CRITICAL - 2025-10-01 07:37:29 --> Error: Call to undefined method CodeIgniter\View\View::extends()
[Method: GET, Route: /]
in APPPATH\Views\layout\home.php on line 1.
 1 SYSTEMPATH\View\View.php(226): include()
 2 SYSTEMPATH\View\View.php(229): CodeIgniter\View\View->CodeIgniter\View\{closure}()
 3 SYSTEMPATH\Common.php(1167): CodeIgniter\View\View->render('layout/home', [], true)
 4 APPPATH\Controllers\Pages.php(10): view('layout/home')
 5 SYSTEMPATH\CodeIgniter.php(933): App\Controllers\Pages->index()
 6 SYSTEMPATH\CodeIgniter.php(507): CodeIgniter\CodeIgniter->runController(Object(App\Controllers\Pages))
 7 SYSTEMPATH\CodeIgniter.php(354): CodeIgniter\CodeIgniter->handleRequest(null, Object(Config\Cache), false)
 8 SYSTEMPATH\Boot.php(363): CodeIgniter\CodeIgniter->run()
 9 SYSTEMPATH\Boot.php(68): CodeIgniter\Boot::runCodeIgniter(Object(CodeIgniter\CodeIgniter))
10 FCPATH\index.php(59): CodeIgniter\Boot::bootWeb(Object(Config\Paths))
11 SYSTEMPATH\rewrite.php(44): require_once('C:\\xampp\\htdocs\\240102048\\public\\index.php')
CRITICAL - 2025-10-01 07:37:29 --> Error: Call to undefined method CodeIgniter\View\View::extends()
[Method: GET, Route: /]
in APPPATH\Views\layout\home.php on line 1.
 1 SYSTEMPATH\View\View.php(226): include()
 2 SYSTEMPATH\View\View.php(229): CodeIgniter\View\View->CodeIgniter\View\{closure}()
 3 SYSTEMPATH\Common.php(1167): CodeIgniter\View\View->render('layout/home', [], true)
 4 APPPATH\Controllers\Pages.php(10): view('layout/home')
 5 SYSTEMPATH\CodeIgniter.php(933): App\Controllers\Pages->index()
 6 SYSTEMPATH\CodeIgniter.php(507): CodeIgniter\CodeIgniter->runController(Object(App\Controllers\Pages))
 7 SYSTEMPATH\CodeIgniter.php(354): CodeIgniter\CodeIgniter->handleRequest(null, Object(Config\Cache), false)
 8 SYSTEMPATH\Boot.php(363): CodeIgniter\CodeIgniter->run()
 9 SYSTEMPATH\Boot.php(68): CodeIgniter\Boot::runCodeIgniter(Object(CodeIgniter\CodeIgniter))
10 FCPATH\index.php(59): CodeIgniter\Boot::bootWeb(Object(Config\Paths))
11 SYSTEMPATH\rewrite.php(44): require_once('C:\\xampp\\htdocs\\240102048\\public\\index.php')
CRITICAL - 2025-10-01 07:37:29 --> Error: Call to undefined method CodeIgniter\View\View::extends()
[Method: GET, Route: /]
in APPPATH\Views\layout\home.php on line 1.
 1 SYSTEMPATH\View\View.php(226): include()
 2 SYSTEMPATH\View\View.php(229): CodeIgniter\View\View->CodeIgniter\View\{closure}()
 3 SYSTEMPATH\Common.php(1167): CodeIgniter\View\View->render('layout/home', [], true)
 4 APPPATH\Controllers\Pages.php(10): view('layout/home')
 5 SYSTEMPATH\CodeIgniter.php(933): App\Controllers\Pages->index()
 6 SYSTEMPATH\CodeIgniter.php(507): CodeIgniter\CodeIgniter->runController(Object(App\Controllers\Pages))
 7 SYSTEMPATH\CodeIgniter.php(354): CodeIgniter\CodeIgniter->handleRequest(null, Object(Config\Cache), false)
 8 SYSTEMPATH\Boot.php(363): CodeIgniter\CodeIgniter->run()
 9 SYSTEMPATH\Boot.php(68): CodeIgniter\Boot::runCodeIgniter(Object(CodeIgniter\CodeIgniter))
10 FCPATH\index.php(59): CodeIgniter\Boot::bootWeb(Object(Config\Paths))
11 SYSTEMPATH\rewrite.php(44): require_once('C:\\xampp\\htdocs\\240102048\\public\\index.php')
CRITICAL - 2025-10-01 07:37:30 --> Error: Call to undefined method CodeIgniter\View\View::extends()
[Method: GET, Route: /]
in APPPATH\Views\layout\home.php on line 1.
 1 SYSTEMPATH\View\View.php(226): include()
 2 SYSTEMPATH\View\View.php(229): CodeIgniter\View\View->CodeIgniter\View\{closure}()
 3 SYSTEMPATH\Common.php(1167): CodeIgniter\View\View->render('layout/home', [], true)
 4 APPPATH\Controllers\Pages.php(10): view('layout/home')
 5 SYSTEMPATH\CodeIgniter.php(933): App\Controllers\Pages->index()
 6 SYSTEMPATH\CodeIgniter.php(507): CodeIgniter\CodeIgniter->runController(Object(App\Controllers\Pages))
 7 SYSTEMPATH\CodeIgniter.php(354): CodeIgniter\CodeIgniter->handleRequest(null, Object(Config\Cache), false)
 8 SYSTEMPATH\Boot.php(363): CodeIgniter\CodeIgniter->run()
 9 SYSTEMPATH\Boot.php(68): CodeIgniter\Boot::runCodeIgniter(Object(CodeIgniter\CodeIgniter))
10 FCPATH\index.php(59): CodeIgniter\Boot::bootWeb(Object(Config\Paths))
11 SYSTEMPATH\rewrite.php(44): require_once('C:\\xampp\\htdocs\\240102048\\public\\index.php')
CRITICAL - 2025-10-01 07:37:30 --> Error: Call to undefined method CodeIgniter\View\View::extends()
[Method: GET, Route: /]
in APPPATH\Views\layout\home.php on line 1.
 1 SYSTEMPATH\View\View.php(226): include()
 2 SYSTEMPATH\View\View.php(229): CodeIgniter\View\View->CodeIgniter\View\{closure}()
 3 SYSTEMPATH\Common.php(1167): CodeIgniter\View\View->render('layout/home', [], true)
 4 APPPATH\Controllers\Pages.php(10): view('layout/home')
 5 SYSTEMPATH\CodeIgniter.php(933): App\Controllers\Pages->index()
 6 SYSTEMPATH\CodeIgniter.php(507): CodeIgniter\CodeIgniter->runController(Object(App\Controllers\Pages))
 7 SYSTEMPATH\CodeIgniter.php(354): CodeIgniter\CodeIgniter->handleRequest(null, Object(Config\Cache), false)
 8 SYSTEMPATH\Boot.php(363): CodeIgniter\CodeIgniter->run()
 9 SYSTEMPATH\Boot.php(68): CodeIgniter\Boot::runCodeIgniter(Object(CodeIgniter\CodeIgniter))
10 FCPATH\index.php(59): CodeIgniter\Boot::bootWeb(Object(Config\Paths))
11 SYSTEMPATH\rewrite.php(44): require_once('C:\\xampp\\htdocs\\240102048\\public\\index.php')
CRITICAL - 2025-10-01 07:37:30 --> Error: Call to undefined method CodeIgniter\View\View::extends()
[Method: GET, Route: /]
in APPPATH\Views\layout\home.php on line 1.
 1 SYSTEMPATH\View\View.php(226): include()
 2 SYSTEMPATH\View\View.php(229): CodeIgniter\View\View->CodeIgniter\View\{closure}()
 3 SYSTEMPATH\Common.php(1167): CodeIgniter\View\View->render('layout/home', [], true)
 4 APPPATH\Controllers\Pages.php(10): view('layout/home')
 5 SYSTEMPATH\CodeIgniter.php(933): App\Controllers\Pages->index()
 6 SYSTEMPATH\CodeIgniter.php(507): CodeIgniter\CodeIgniter->runController(Object(App\Controllers\Pages))
 7 SYSTEMPATH\CodeIgniter.php(354): CodeIgniter\CodeIgniter->handleRequest(null, Object(Config\Cache), false)
 8 SYSTEMPATH\Boot.php(363): CodeIgniter\CodeIgniter->run()
 9 SYSTEMPATH\Boot.php(68): CodeIgniter\Boot::runCodeIgniter(Object(CodeIgniter\CodeIgniter))
10 FCPATH\index.php(59): CodeIgniter\Boot::bootWeb(Object(Config\Paths))
11 SYSTEMPATH\rewrite.php(44): require_once('C:\\xampp\\htdocs\\240102048\\public\\index.php')
CRITICAL - 2025-10-01 07:37:30 --> Error: Call to undefined method CodeIgniter\View\View::extends()
[Method: GET, Route: /]
in APPPATH\Views\layout\home.php on line 1.
 1 SYSTEMPATH\View\View.php(226): include()
 2 SYSTEMPATH\View\View.php(229): CodeIgniter\View\View->CodeIgniter\View\{closure}()
 3 SYSTEMPATH\Common.php(1167): CodeIgniter\View\View->render('layout/home', [], true)
 4 APPPATH\Controllers\Pages.php(10): view('layout/home')
 5 SYSTEMPATH\CodeIgniter.php(933): App\Controllers\Pages->index()
 6 SYSTEMPATH\CodeIgniter.php(507): CodeIgniter\CodeIgniter->runController(Object(App\Controllers\Pages))
 7 SYSTEMPATH\CodeIgniter.php(354): CodeIgniter\CodeIgniter->handleRequest(null, Object(Config\Cache), false)
 8 SYSTEMPATH\Boot.php(363): CodeIgniter\CodeIgniter->run()
 9 SYSTEMPATH\Boot.php(68): CodeIgniter\Boot::runCodeIgniter(Object(CodeIgniter\CodeIgniter))
10 FCPATH\index.php(59): CodeIgniter\Boot::bootWeb(Object(Config\Paths))
11 SYSTEMPATH\rewrite.php(44): require_once('C:\\xampp\\htdocs\\240102048\\public\\index.php')
CRITICAL - 2025-10-01 07:37:30 --> Error: Call to undefined method CodeIgniter\View\View::extends()
[Method: GET, Route: /]
in APPPATH\Views\layout\home.php on line 1.
 1 SYSTEMPATH\View\View.php(226): include()
 2 SYSTEMPATH\View\View.php(229): CodeIgniter\View\View->CodeIgniter\View\{closure}()
 3 SYSTEMPATH\Common.php(1167): CodeIgniter\View\View->render('layout/home', [], true)
 4 APPPATH\Controllers\Pages.php(10): view('layout/home')
 5 SYSTEMPATH\CodeIgniter.php(933): App\Controllers\Pages->index()
 6 SYSTEMPATH\CodeIgniter.php(507): CodeIgniter\CodeIgniter->runController(Object(App\Controllers\Pages))
 7 SYSTEMPATH\CodeIgniter.php(354): CodeIgniter\CodeIgniter->handleRequest(null, Object(Config\Cache), false)
 8 SYSTEMPATH\Boot.php(363): CodeIgniter\CodeIgniter->run()
 9 SYSTEMPATH\Boot.php(68): CodeIgniter\Boot::runCodeIgniter(Object(CodeIgniter\CodeIgniter))
10 FCPATH\index.php(59): CodeIgniter\Boot::bootWeb(Object(Config\Paths))
11 SYSTEMPATH\rewrite.php(44): require_once('C:\\xampp\\htdocs\\240102048\\public\\index.php')
CRITICAL - 2025-10-01 07:37:40 --> Error: Call to undefined method CodeIgniter\View\View::extends()
[Method: GET, Route: /]
in APPPATH\Views\layout\home.php on line 1.
 1 SYSTEMPATH\View\View.php(226): include()
 2 SYSTEMPATH\View\View.php(229): CodeIgniter\View\View->CodeIgniter\View\{closure}()
 3 SYSTEMPATH\Common.php(1167): CodeIgniter\View\View->render('layout/home', [], true)
 4 APPPATH\Controllers\Pages.php(10): view('layout/home')
 5 SYSTEMPATH\CodeIgniter.php(933): App\Controllers\Pages->index()
 6 SYSTEMPATH\CodeIgniter.php(507): CodeIgniter\CodeIgniter->runController(Object(App\Controllers\Pages))
 7 SYSTEMPATH\CodeIgniter.php(354): CodeIgniter\CodeIgniter->handleRequest(null, Object(Config\Cache), false)
 8 SYSTEMPATH\Boot.php(363): CodeIgniter\CodeIgniter->run()
 9 SYSTEMPATH\Boot.php(68): CodeIgniter\Boot::runCodeIgniter(Object(CodeIgniter\CodeIgniter))
10 FCPATH\index.php(59): CodeIgniter\Boot::bootWeb(Object(Config\Paths))
11 SYSTEMPATH\rewrite.php(44): require_once('C:\\xampp\\htdocs\\240102048\\public\\index.php')
CRITICAL - 2025-10-01 07:37:41 --> Error: Call to undefined method CodeIgniter\View\View::extends()
[Method: GET, Route: /]
in APPPATH\Views\layout\home.php on line 1.
 1 SYSTEMPATH\View\View.php(226): include()
 2 SYSTEMPATH\View\View.php(229): CodeIgniter\View\View->CodeIgniter\View\{closure}()
 3 SYSTEMPATH\Common.php(1167): CodeIgniter\View\View->render('layout/home', [], true)
 4 APPPATH\Controllers\Pages.php(10): view('layout/home')
 5 SYSTEMPATH\CodeIgniter.php(933): App\Controllers\Pages->index()
 6 SYSTEMPATH\CodeIgniter.php(507): CodeIgniter\CodeIgniter->runController(Object(App\Controllers\Pages))
 7 SYSTEMPATH\CodeIgniter.php(354): CodeIgniter\CodeIgniter->handleRequest(null, Object(Config\Cache), false)
 8 SYSTEMPATH\Boot.php(363): CodeIgniter\CodeIgniter->run()
 9 SYSTEMPATH\Boot.php(68): CodeIgniter\Boot::runCodeIgniter(Object(CodeIgniter\CodeIgniter))
10 FCPATH\index.php(59): CodeIgniter\Boot::bootWeb(Object(Config\Paths))
11 SYSTEMPATH\rewrite.php(44): require_once('C:\\xampp\\htdocs\\240102048\\public\\index.php')
CRITICAL - 2025-10-01 07:37:54 --> Error: Call to undefined method CodeIgniter\View\View::extends()
[Method: GET, Route: /]
in APPPATH\Views\layout\home.php on line 1.
 1 SYSTEMPATH\View\View.php(226): include()
 2 SYSTEMPATH\View\View.php(229): CodeIgniter\View\View->CodeIgniter\View\{closure}()
 3 SYSTEMPATH\Common.php(1167): CodeIgniter\View\View->render('layout/home', [], true)
 4 APPPATH\Controllers\Pages.php(10): view('layout/home')
 5 SYSTEMPATH\CodeIgniter.php(933): App\Controllers\Pages->index()
 6 SYSTEMPATH\CodeIgniter.php(507): CodeIgniter\CodeIgniter->runController(Object(App\Controllers\Pages))
 7 SYSTEMPATH\CodeIgniter.php(354): CodeIgniter\CodeIgniter->handleRequest(null, Object(Config\Cache), false)
 8 SYSTEMPATH\Boot.php(363): CodeIgniter\CodeIgniter->run()
 9 SYSTEMPATH\Boot.php(68): CodeIgniter\Boot::runCodeIgniter(Object(CodeIgniter\CodeIgniter))
10 FCPATH\index.php(59): CodeIgniter\Boot::bootWeb(Object(Config\Paths))
11 SYSTEMPATH\rewrite.php(44): require_once('C:\\xampp\\htdocs\\240102048\\public\\index.php')
CRITICAL - 2025-10-01 07:38:09 --> ErrorException: Undefined variable $member
[Method: GET, Route: /]
in APPPATH\Views\layout\home.php on line 20.
 1 APPPATH\Views\layout\home.php(20): CodeIgniter\Debug\Exceptions->errorHandler(2, 'Undefined variable $member', 'C:\\xampp\\htdocs\\240102048\\app\\Views\\layout\\home.php', 20)
 2 SYSTEMPATH\View\View.php(226): include('C:\\xampp\\htdocs\\240102048\\app\\Views\\layout\\home.php')
 3 SYSTEMPATH\View\View.php(229): CodeIgniter\View\View->CodeIgniter\View\{closure}()
 4 SYSTEMPATH\Common.php(1167): CodeIgniter\View\View->render('layout/home', [], true)
 5 APPPATH\Controllers\Pages.php(10): view('layout/home')
 6 SYSTEMPATH\CodeIgniter.php(933): App\Controllers\Pages->index()
 7 SYSTEMPATH\CodeIgniter.php(507): CodeIgniter\CodeIgniter->runController(Object(App\Controllers\Pages))
 8 SYSTEMPATH\CodeIgniter.php(354): CodeIgniter\CodeIgniter->handleRequest(null, Object(Config\Cache), false)
 9 SYSTEMPATH\Boot.php(363): CodeIgniter\CodeIgniter->run()
10 SYSTEMPATH\Boot.php(68): CodeIgniter\Boot::runCodeIgniter(Object(CodeIgniter\CodeIgniter))
11 FCPATH\index.php(59): CodeIgniter\Boot::bootWeb(Object(Config\Paths))
12 SYSTEMPATH\rewrite.php(44): require_once('C:\\xampp\\htdocs\\240102048\\public\\index.php')
CRITICAL - 2025-10-01 07:38:10 --> ErrorException: Undefined variable $member
[Method: GET, Route: /]
in APPPATH\Views\layout\home.php on line 20.
 1 APPPATH\Views\layout\home.php(20): CodeIgniter\Debug\Exceptions->errorHandler(2, 'Undefined variable $member', 'C:\\xampp\\htdocs\\240102048\\app\\Views\\layout\\home.php', 20)
 2 SYSTEMPATH\View\View.php(226): include('C:\\xampp\\htdocs\\240102048\\app\\Views\\layout\\home.php')
 3 SYSTEMPATH\View\View.php(229): CodeIgniter\View\View->CodeIgniter\View\{closure}()
 4 SYSTEMPATH\Common.php(1167): CodeIgniter\View\View->render('layout/home', [], true)
 5 APPPATH\Controllers\Pages.php(10): view('layout/home')
 6 SYSTEMPATH\CodeIgniter.php(933): App\Controllers\Pages->index()
 7 SYSTEMPATH\CodeIgniter.php(507): CodeIgniter\CodeIgniter->runController(Object(App\Controllers\Pages))
 8 SYSTEMPATH\CodeIgniter.php(354): CodeIgniter\CodeIgniter->handleRequest(null, Object(Config\Cache), false)
 9 SYSTEMPATH\Boot.php(363): CodeIgniter\CodeIgniter->run()
10 SYSTEMPATH\Boot.php(68): CodeIgniter\Boot::runCodeIgniter(Object(CodeIgniter\CodeIgniter))
11 FCPATH\index.php(59): CodeIgniter\Boot::bootWeb(Object(Config\Paths))
12 SYSTEMPATH\rewrite.php(44): require_once('C:\\xampp\\htdocs\\240102048\\public\\index.php')
CRITICAL - 2025-10-01 07:38:25 --> ErrorException: Undefined variable $member
[Method: GET, Route: /]
in APPPATH\Views\layout\home.php on line 20.
 1 APPPATH\Views\layout\home.php(20): CodeIgniter\Debug\Exceptions->errorHandler(2, 'Undefined variable $member', 'C:\\xampp\\htdocs\\240102048\\app\\Views\\layout\\home.php', 20)
 2 SYSTEMPATH\View\View.php(226): include('C:\\xampp\\htdocs\\240102048\\app\\Views\\layout\\home.php')
 3 SYSTEMPATH\View\View.php(229): CodeIgniter\View\View->CodeIgniter\View\{closure}()
 4 SYSTEMPATH\Common.php(1167): CodeIgniter\View\View->render('layout/home', [], true)
 5 APPPATH\Controllers\Pages.php(10): view('layout/home')
 6 SYSTEMPATH\CodeIgniter.php(933): App\Controllers\Pages->index()
 7 SYSTEMPATH\CodeIgniter.php(507): CodeIgniter\CodeIgniter->runController(Object(App\Controllers\Pages))
 8 SYSTEMPATH\CodeIgniter.php(354): CodeIgniter\CodeIgniter->handleRequest(null, Object(Config\Cache), false)
 9 SYSTEMPATH\Boot.php(363): CodeIgniter\CodeIgniter->run()
10 SYSTEMPATH\Boot.php(68): CodeIgniter\Boot::runCodeIgniter(Object(CodeIgniter\CodeIgniter))
11 FCPATH\index.php(59): CodeIgniter\Boot::bootWeb(Object(Config\Paths))
12 SYSTEMPATH\rewrite.php(44): require_once('C:\\xampp\\htdocs\\240102048\\public\\index.php')
CRITICAL - 2025-10-01 07:49:23 --> CodeIgniter\View\Exceptions\ViewException: Invalid file: "layout/home.php"
[Method: GET, Route: /]
in SYSTEMPATH\Exceptions\FrameworkException.php on line 39.
 1 SYSTEMPATH\View\View.php(214): CodeIgniter\Exceptions\FrameworkException::forInvalidFile('layout/home.php')
 2 SYSTEMPATH\Common.php(1167): CodeIgniter\View\View->render('layout/home', [], true)
 3 APPPATH\Controllers\Pages.php(10): view('layout/home')
 4 SYSTEMPATH\CodeIgniter.php(933): App\Controllers\Pages->index()
 5 SYSTEMPATH\CodeIgniter.php(507): CodeIgniter\CodeIgniter->runController(Object(App\Controllers\Pages))
 6 SYSTEMPATH\CodeIgniter.php(354): CodeIgniter\CodeIgniter->handleRequest(null, Object(Config\Cache), false)
 7 SYSTEMPATH\Boot.php(363): CodeIgniter\CodeIgniter->run()
 8 SYSTEMPATH\Boot.php(68): CodeIgniter\Boot::runCodeIgniter(Object(CodeIgniter\CodeIgniter))
 9 FCPATH\index.php(59): CodeIgniter\Boot::bootWeb(Object(Config\Paths))
10 SYSTEMPATH\rewrite.php(44): require_once('C:\\xampp\\htdocs\\240102048\\public\\index.php')
CRITICAL - 2025-10-01 07:50:11 --> Error: Call to undefined method CodeIgniter\View\View::extends()
[Method: GET, Route: /]
in APPPATH\Views\index.php on line 1.
 1 SYSTEMPATH\View\View.php(226): include()
 2 SYSTEMPATH\View\View.php(229): CodeIgniter\View\View->CodeIgniter\View\{closure}()
 3 SYSTEMPATH\Common.php(1167): CodeIgniter\View\View->render('index', [], true)
 4 APPPATH\Controllers\Pages.php(10): view('index')
 5 SYSTEMPATH\CodeIgniter.php(933): App\Controllers\Pages->index()
 6 SYSTEMPATH\CodeIgniter.php(507): CodeIgniter\CodeIgniter->runController(Object(App\Controllers\Pages))
 7 SYSTEMPATH\CodeIgniter.php(354): CodeIgniter\CodeIgniter->handleRequest(null, Object(Config\Cache), false)
 8 SYSTEMPATH\Boot.php(363): CodeIgniter\CodeIgniter->run()
 9 SYSTEMPATH\Boot.php(68): CodeIgniter\Boot::runCodeIgniter(Object(CodeIgniter\CodeIgniter))
10 FCPATH\index.php(59): CodeIgniter\Boot::bootWeb(Object(Config\Paths))
11 SYSTEMPATH\rewrite.php(44): require_once('C:\\xampp\\htdocs\\240102048\\public\\index.php')
CRITICAL - 2025-10-01 07:50:21 --> ErrorException: Undefined variable $member
[Method: GET, Route: /]
in APPPATH\Views\index.php on line 20.
 1 APPPATH\Views\index.php(20): CodeIgniter\Debug\Exceptions->errorHandler(2, 'Undefined variable $member', 'C:\\xampp\\htdocs\\240102048\\app\\Views\\index.php', 20)
 2 SYSTEMPATH\View\View.php(226): include('C:\\xampp\\htdocs\\240102048\\app\\Views\\index.php')
 3 SYSTEMPATH\View\View.php(229): CodeIgniter\View\View->CodeIgniter\View\{closure}()
 4 SYSTEMPATH\Common.php(1167): CodeIgniter\View\View->render('index', [], true)
 5 APPPATH\Controllers\Pages.php(10): view('index')
 6 SYSTEMPATH\CodeIgniter.php(933): App\Controllers\Pages->index()
 7 SYSTEMPATH\CodeIgniter.php(507): CodeIgniter\CodeIgniter->runController(Object(App\Controllers\Pages))
 8 SYSTEMPATH\CodeIgniter.php(354): CodeIgniter\CodeIgniter->handleRequest(null, Object(Config\Cache), false)
 9 SYSTEMPATH\Boot.php(363): CodeIgniter\CodeIgniter->run()
10 SYSTEMPATH\Boot.php(68): CodeIgniter\Boot::runCodeIgniter(Object(CodeIgniter\CodeIgniter))
11 FCPATH\index.php(59): CodeIgniter\Boot::bootWeb(Object(Config\Paths))
12 SYSTEMPATH\rewrite.php(44): require_once('C:\\xampp\\htdocs\\240102048\\public\\index.php')
CRITICAL - 2025-10-01 08:09:35 --> ErrorException: Undefined variable $member
[Method: GET, Route: /]
in APPPATH\Views\index.php on line 20.
 1 APPPATH\Views\index.php(20): CodeIgniter\Debug\Exceptions->errorHandler(2, 'Undefined variable $member', 'C:\\xampp\\htdocs\\240102048\\app\\Views\\index.php', 20)
 2 SYSTEMPATH\View\View.php(226): include('C:\\xampp\\htdocs\\240102048\\app\\Views\\index.php')
 3 SYSTEMPATH\View\View.php(229): CodeIgniter\View\View->CodeIgniter\View\{closure}()
 4 SYSTEMPATH\Common.php(1167): CodeIgniter\View\View->render('index', [], true)
 5 APPPATH\Controllers\Pages.php(10): view('index')
 6 SYSTEMPATH\CodeIgniter.php(933): App\Controllers\Pages->index()
 7 SYSTEMPATH\CodeIgniter.php(507): CodeIgniter\CodeIgniter->runController(Object(App\Controllers\Pages))
 8 SYSTEMPATH\CodeIgniter.php(354): CodeIgniter\CodeIgniter->handleRequest(null, Object(Config\Cache), false)
 9 SYSTEMPATH\Boot.php(363): CodeIgniter\CodeIgniter->run()
10 SYSTEMPATH\Boot.php(68): CodeIgniter\Boot::runCodeIgniter(Object(CodeIgniter\CodeIgniter))
11 FCPATH\index.php(59): CodeIgniter\Boot::bootWeb(Object(Config\Paths))
12 SYSTEMPATH\rewrite.php(44): require_once('C:\\xampp\\htdocs\\240102048\\public\\index.php')
CRITICAL - 2025-10-01 08:09:36 --> ErrorException: Undefined variable $member
[Method: GET, Route: /]
in APPPATH\Views\index.php on line 20.
 1 APPPATH\Views\index.php(20): CodeIgniter\Debug\Exceptions->errorHandler(2, 'Undefined variable $member', 'C:\\xampp\\htdocs\\240102048\\app\\Views\\index.php', 20)
 2 SYSTEMPATH\View\View.php(226): include('C:\\xampp\\htdocs\\240102048\\app\\Views\\index.php')
 3 SYSTEMPATH\View\View.php(229): CodeIgniter\View\View->CodeIgniter\View\{closure}()
 4 SYSTEMPATH\Common.php(1167): CodeIgniter\View\View->render('index', [], true)
 5 APPPATH\Controllers\Pages.php(10): view('index')
 6 SYSTEMPATH\CodeIgniter.php(933): App\Controllers\Pages->index()
 7 SYSTEMPATH\CodeIgniter.php(507): CodeIgniter\CodeIgniter->runController(Object(App\Controllers\Pages))
 8 SYSTEMPATH\CodeIgniter.php(354): CodeIgniter\CodeIgniter->handleRequest(null, Object(Config\Cache), false)
 9 SYSTEMPATH\Boot.php(363): CodeIgniter\CodeIgniter->run()
10 SYSTEMPATH\Boot.php(68): CodeIgniter\Boot::runCodeIgniter(Object(CodeIgniter\CodeIgniter))
11 FCPATH\index.php(59): CodeIgniter\Boot::bootWeb(Object(Config\Paths))
12 SYSTEMPATH\rewrite.php(44): require_once('C:\\xampp\\htdocs\\240102048\\public\\index.php')
CRITICAL - 2025-10-01 08:09:37 --> ErrorException: Undefined variable $member
[Method: GET, Route: /]
in APPPATH\Views\index.php on line 20.
 1 APPPATH\Views\index.php(20): CodeIgniter\Debug\Exceptions->errorHandler(2, 'Undefined variable $member', 'C:\\xampp\\htdocs\\240102048\\app\\Views\\index.php', 20)
 2 SYSTEMPATH\View\View.php(226): include('C:\\xampp\\htdocs\\240102048\\app\\Views\\index.php')
 3 SYSTEMPATH\View\View.php(229): CodeIgniter\View\View->CodeIgniter\View\{closure}()
 4 SYSTEMPATH\Common.php(1167): CodeIgniter\View\View->render('index', [], true)
 5 APPPATH\Controllers\Pages.php(10): view('index')
 6 SYSTEMPATH\CodeIgniter.php(933): App\Controllers\Pages->index()
 7 SYSTEMPATH\CodeIgniter.php(507): CodeIgniter\CodeIgniter->runController(Object(App\Controllers\Pages))
 8 SYSTEMPATH\CodeIgniter.php(354): CodeIgniter\CodeIgniter->handleRequest(null, Object(Config\Cache), false)
 9 SYSTEMPATH\Boot.php(363): CodeIgniter\CodeIgniter->run()
10 SYSTEMPATH\Boot.php(68): CodeIgniter\Boot::runCodeIgniter(Object(CodeIgniter\CodeIgniter))
11 FCPATH\index.php(59): CodeIgniter\Boot::bootWeb(Object(Config\Paths))
12 SYSTEMPATH\rewrite.php(44): require_once('C:\\xampp\\htdocs\\240102048\\public\\index.php')
CRITICAL - 2025-10-01 08:09:38 --> ErrorException: Undefined variable $member
[Method: GET, Route: /]
in APPPATH\Views\index.php on line 20.
 1 APPPATH\Views\index.php(20): CodeIgniter\Debug\Exceptions->errorHandler(2, 'Undefined variable $member', 'C:\\xampp\\htdocs\\240102048\\app\\Views\\index.php', 20)
 2 SYSTEMPATH\View\View.php(226): include('C:\\xampp\\htdocs\\240102048\\app\\Views\\index.php')
 3 SYSTEMPATH\View\View.php(229): CodeIgniter\View\View->CodeIgniter\View\{closure}()
 4 SYSTEMPATH\Common.php(1167): CodeIgniter\View\View->render('index', [], true)
 5 APPPATH\Controllers\Pages.php(10): view('index')
 6 SYSTEMPATH\CodeIgniter.php(933): App\Controllers\Pages->index()
 7 SYSTEMPATH\CodeIgniter.php(507): CodeIgniter\CodeIgniter->runController(Object(App\Controllers\Pages))
 8 SYSTEMPATH\CodeIgniter.php(354): CodeIgniter\CodeIgniter->handleRequest(null, Object(Config\Cache), false)
 9 SYSTEMPATH\Boot.php(363): CodeIgniter\CodeIgniter->run()
10 SYSTEMPATH\Boot.php(68): CodeIgniter\Boot::runCodeIgniter(Object(CodeIgniter\CodeIgniter))
11 FCPATH\index.php(59): CodeIgniter\Boot::bootWeb(Object(Config\Paths))
12 SYSTEMPATH\rewrite.php(44): require_once('C:\\xampp\\htdocs\\240102048\\public\\index.php')
CRITICAL - 2025-10-01 08:09:38 --> ErrorException: Undefined variable $member
[Method: GET, Route: /]
in APPPATH\Views\index.php on line 20.
 1 APPPATH\Views\index.php(20): CodeIgniter\Debug\Exceptions->errorHandler(2, 'Undefined variable $member', 'C:\\xampp\\htdocs\\240102048\\app\\Views\\index.php', 20)
 2 SYSTEMPATH\View\View.php(226): include('C:\\xampp\\htdocs\\240102048\\app\\Views\\index.php')
 3 SYSTEMPATH\View\View.php(229): CodeIgniter\View\View->CodeIgniter\View\{closure}()
 4 SYSTEMPATH\Common.php(1167): CodeIgniter\View\View->render('index', [], true)
 5 APPPATH\Controllers\Pages.php(10): view('index')
 6 SYSTEMPATH\CodeIgniter.php(933): App\Controllers\Pages->index()
 7 SYSTEMPATH\CodeIgniter.php(507): CodeIgniter\CodeIgniter->runController(Object(App\Controllers\Pages))
 8 SYSTEMPATH\CodeIgniter.php(354): CodeIgniter\CodeIgniter->handleRequest(null, Object(Config\Cache), false)
 9 SYSTEMPATH\Boot.php(363): CodeIgniter\CodeIgniter->run()
10 SYSTEMPATH\Boot.php(68): CodeIgniter\Boot::runCodeIgniter(Object(CodeIgniter\CodeIgniter))
11 FCPATH\index.php(59): CodeIgniter\Boot::bootWeb(Object(Config\Paths))
12 SYSTEMPATH\rewrite.php(44): require_once('C:\\xampp\\htdocs\\240102048\\public\\index.php')
CRITICAL - 2025-10-01 08:09:38 --> ErrorException: Undefined variable $member
[Method: GET, Route: /]
in APPPATH\Views\index.php on line 20.
 1 APPPATH\Views\index.php(20): CodeIgniter\Debug\Exceptions->errorHandler(2, 'Undefined variable $member', 'C:\\xampp\\htdocs\\240102048\\app\\Views\\index.php', 20)
 2 SYSTEMPATH\View\View.php(226): include('C:\\xampp\\htdocs\\240102048\\app\\Views\\index.php')
 3 SYSTEMPATH\View\View.php(229): CodeIgniter\View\View->CodeIgniter\View\{closure}()
 4 SYSTEMPATH\Common.php(1167): CodeIgniter\View\View->render('index', [], true)
 5 APPPATH\Controllers\Pages.php(10): view('index')
 6 SYSTEMPATH\CodeIgniter.php(933): App\Controllers\Pages->index()
 7 SYSTEMPATH\CodeIgniter.php(507): CodeIgniter\CodeIgniter->runController(Object(App\Controllers\Pages))
 8 SYSTEMPATH\CodeIgniter.php(354): CodeIgniter\CodeIgniter->handleRequest(null, Object(Config\Cache), false)
 9 SYSTEMPATH\Boot.php(363): CodeIgniter\CodeIgniter->run()
10 SYSTEMPATH\Boot.php(68): CodeIgniter\Boot::runCodeIgniter(Object(CodeIgniter\CodeIgniter))
11 FCPATH\index.php(59): CodeIgniter\Boot::bootWeb(Object(Config\Paths))
12 SYSTEMPATH\rewrite.php(44): require_once('C:\\xampp\\htdocs\\240102048\\public\\index.php')
CRITICAL - 2025-10-01 08:09:38 --> ErrorException: Undefined variable $member
[Method: GET, Route: /]
in APPPATH\Views\index.php on line 20.
 1 APPPATH\Views\index.php(20): CodeIgniter\Debug\Exceptions->errorHandler(2, 'Undefined variable $member', 'C:\\xampp\\htdocs\\240102048\\app\\Views\\index.php', 20)
 2 SYSTEMPATH\View\View.php(226): include('C:\\xampp\\htdocs\\240102048\\app\\Views\\index.php')
 3 SYSTEMPATH\View\View.php(229): CodeIgniter\View\View->CodeIgniter\View\{closure}()
 4 SYSTEMPATH\Common.php(1167): CodeIgniter\View\View->render('index', [], true)
 5 APPPATH\Controllers\Pages.php(10): view('index')
 6 SYSTEMPATH\CodeIgniter.php(933): App\Controllers\Pages->index()
 7 SYSTEMPATH\CodeIgniter.php(507): CodeIgniter\CodeIgniter->runController(Object(App\Controllers\Pages))
 8 SYSTEMPATH\CodeIgniter.php(354): CodeIgniter\CodeIgniter->handleRequest(null, Object(Config\Cache), false)
 9 SYSTEMPATH\Boot.php(363): CodeIgniter\CodeIgniter->run()
10 SYSTEMPATH\Boot.php(68): CodeIgniter\Boot::runCodeIgniter(Object(CodeIgniter\CodeIgniter))
11 FCPATH\index.php(59): CodeIgniter\Boot::bootWeb(Object(Config\Paths))
12 SYSTEMPATH\rewrite.php(44): require_once('C:\\xampp\\htdocs\\240102048\\public\\index.php')
CRITICAL - 2025-10-01 08:09:39 --> ErrorException: Undefined variable $member
[Method: GET, Route: /]
in APPPATH\Views\index.php on line 20.
 1 APPPATH\Views\index.php(20): CodeIgniter\Debug\Exceptions->errorHandler(2, 'Undefined variable $member', 'C:\\xampp\\htdocs\\240102048\\app\\Views\\index.php', 20)
 2 SYSTEMPATH\View\View.php(226): include('C:\\xampp\\htdocs\\240102048\\app\\Views\\index.php')
 3 SYSTEMPATH\View\View.php(229): CodeIgniter\View\View->CodeIgniter\View\{closure}()
 4 SYSTEMPATH\Common.php(1167): CodeIgniter\View\View->render('index', [], true)
 5 APPPATH\Controllers\Pages.php(10): view('index')
 6 SYSTEMPATH\CodeIgniter.php(933): App\Controllers\Pages->index()
 7 SYSTEMPATH\CodeIgniter.php(507): CodeIgniter\CodeIgniter->runController(Object(App\Controllers\Pages))
 8 SYSTEMPATH\CodeIgniter.php(354): CodeIgniter\CodeIgniter->handleRequest(null, Object(Config\Cache), false)
 9 SYSTEMPATH\Boot.php(363): CodeIgniter\CodeIgniter->run()
10 SYSTEMPATH\Boot.php(68): CodeIgniter\Boot::runCodeIgniter(Object(CodeIgniter\CodeIgniter))
11 FCPATH\index.php(59): CodeIgniter\Boot::bootWeb(Object(Config\Paths))
12 SYSTEMPATH\rewrite.php(44): require_once('C:\\xampp\\htdocs\\240102048\\public\\index.php')
CRITICAL - 2025-10-01 08:11:44 --> ErrorException: Undefined variable $member
[Method: GET, Route: /]
in APPPATH\Views\index.php on line 20.
 1 APPPATH\Views\index.php(20): CodeIgniter\Debug\Exceptions->errorHandler(2, 'Undefined variable $member', 'C:\\xampp\\htdocs\\240102048\\app\\Views\\index.php', 20)
 2 SYSTEMPATH\View\View.php(226): include('C:\\xampp\\htdocs\\240102048\\app\\Views\\index.php')
 3 SYSTEMPATH\View\View.php(229): CodeIgniter\View\View->CodeIgniter\View\{closure}()
 4 SYSTEMPATH\Common.php(1167): CodeIgniter\View\View->render('index', [], true)
 5 APPPATH\Controllers\Pages.php(10): view('index')
 6 SYSTEMPATH\CodeIgniter.php(933): App\Controllers\Pages->index()
 7 SYSTEMPATH\CodeIgniter.php(507): CodeIgniter\CodeIgniter->runController(Object(App\Controllers\Pages))
 8 SYSTEMPATH\CodeIgniter.php(354): CodeIgniter\CodeIgniter->handleRequest(null, Object(Config\Cache), false)
 9 SYSTEMPATH\Boot.php(363): CodeIgniter\CodeIgniter->run()
10 SYSTEMPATH\Boot.php(68): CodeIgniter\Boot::runCodeIgniter(Object(CodeIgniter\CodeIgniter))
11 FCPATH\index.php(59): CodeIgniter\Boot::bootWeb(Object(Config\Paths))
12 SYSTEMPATH\rewrite.php(44): require_once('C:\\xampp\\htdocs\\240102048\\public\\index.php')
CRITICAL - 2025-10-01 08:11:45 --> ErrorException: Undefined variable $member
[Method: GET, Route: /]
in APPPATH\Views\index.php on line 20.
 1 APPPATH\Views\index.php(20): CodeIgniter\Debug\Exceptions->errorHandler(2, 'Undefined variable $member', 'C:\\xampp\\htdocs\\240102048\\app\\Views\\index.php', 20)
 2 SYSTEMPATH\View\View.php(226): include('C:\\xampp\\htdocs\\240102048\\app\\Views\\index.php')
 3 SYSTEMPATH\View\View.php(229): CodeIgniter\View\View->CodeIgniter\View\{closure}()
 4 SYSTEMPATH\Common.php(1167): CodeIgniter\View\View->render('index', [], true)
 5 APPPATH\Controllers\Pages.php(10): view('index')
 6 SYSTEMPATH\CodeIgniter.php(933): App\Controllers\Pages->index()
 7 SYSTEMPATH\CodeIgniter.php(507): CodeIgniter\CodeIgniter->runController(Object(App\Controllers\Pages))
 8 SYSTEMPATH\CodeIgniter.php(354): CodeIgniter\CodeIgniter->handleRequest(null, Object(Config\Cache), false)
 9 SYSTEMPATH\Boot.php(363): CodeIgniter\CodeIgniter->run()
10 SYSTEMPATH\Boot.php(68): CodeIgniter\Boot::runCodeIgniter(Object(CodeIgniter\CodeIgniter))
11 FCPATH\index.php(59): CodeIgniter\Boot::bootWeb(Object(Config\Paths))
12 SYSTEMPATH\rewrite.php(44): require_once('C:\\xampp\\htdocs\\240102048\\public\\index.php')
CRITICAL - 2025-10-01 08:11:45 --> ErrorException: Undefined variable $member
[Method: GET, Route: /]
in APPPATH\Views\index.php on line 20.
 1 APPPATH\Views\index.php(20): CodeIgniter\Debug\Exceptions->errorHandler(2, 'Undefined variable $member', 'C:\\xampp\\htdocs\\240102048\\app\\Views\\index.php', 20)
 2 SYSTEMPATH\View\View.php(226): include('C:\\xampp\\htdocs\\240102048\\app\\Views\\index.php')
 3 SYSTEMPATH\View\View.php(229): CodeIgniter\View\View->CodeIgniter\View\{closure}()
 4 SYSTEMPATH\Common.php(1167): CodeIgniter\View\View->render('index', [], true)
 5 APPPATH\Controllers\Pages.php(10): view('index')
 6 SYSTEMPATH\CodeIgniter.php(933): App\Controllers\Pages->index()
 7 SYSTEMPATH\CodeIgniter.php(507): CodeIgniter\CodeIgniter->runController(Object(App\Controllers\Pages))
 8 SYSTEMPATH\CodeIgniter.php(354): CodeIgniter\CodeIgniter->handleRequest(null, Object(Config\Cache), false)
 9 SYSTEMPATH\Boot.php(363): CodeIgniter\CodeIgniter->run()
10 SYSTEMPATH\Boot.php(68): CodeIgniter\Boot::runCodeIgniter(Object(CodeIgniter\CodeIgniter))
11 FCPATH\index.php(59): CodeIgniter\Boot::bootWeb(Object(Config\Paths))
12 SYSTEMPATH\rewrite.php(44): require_once('C:\\xampp\\htdocs\\240102048\\public\\index.php')
CRITICAL - 2025-10-01 08:11:45 --> ErrorException: Undefined variable $member
[Method: GET, Route: /]
in APPPATH\Views\index.php on line 20.
 1 APPPATH\Views\index.php(20): CodeIgniter\Debug\Exceptions->errorHandler(2, 'Undefined variable $member', 'C:\\xampp\\htdocs\\240102048\\app\\Views\\index.php', 20)
 2 SYSTEMPATH\View\View.php(226): include('C:\\xampp\\htdocs\\240102048\\app\\Views\\index.php')
 3 SYSTEMPATH\View\View.php(229): CodeIgniter\View\View->CodeIgniter\View\{closure}()
 4 SYSTEMPATH\Common.php(1167): CodeIgniter\View\View->render('index', [], true)
 5 APPPATH\Controllers\Pages.php(10): view('index')
 6 SYSTEMPATH\CodeIgniter.php(933): App\Controllers\Pages->index()
 7 SYSTEMPATH\CodeIgniter.php(507): CodeIgniter\CodeIgniter->runController(Object(App\Controllers\Pages))
 8 SYSTEMPATH\CodeIgniter.php(354): CodeIgniter\CodeIgniter->handleRequest(null, Object(Config\Cache), false)
 9 SYSTEMPATH\Boot.php(363): CodeIgniter\CodeIgniter->run()
10 SYSTEMPATH\Boot.php(68): CodeIgniter\Boot::runCodeIgniter(Object(CodeIgniter\CodeIgniter))
11 FCPATH\index.php(59): CodeIgniter\Boot::bootWeb(Object(Config\Paths))
12 SYSTEMPATH\rewrite.php(44): require_once('C:\\xampp\\htdocs\\240102048\\public\\index.php')
CRITICAL - 2025-10-01 08:11:45 --> ErrorException: Undefined variable $member
[Method: GET, Route: /]
in APPPATH\Views\index.php on line 20.
 1 APPPATH\Views\index.php(20): CodeIgniter\Debug\Exceptions->errorHandler(2, 'Undefined variable $member', 'C:\\xampp\\htdocs\\240102048\\app\\Views\\index.php', 20)
 2 SYSTEMPATH\View\View.php(226): include('C:\\xampp\\htdocs\\240102048\\app\\Views\\index.php')
 3 SYSTEMPATH\View\View.php(229): CodeIgniter\View\View->CodeIgniter\View\{closure}()
 4 SYSTEMPATH\Common.php(1167): CodeIgniter\View\View->render('index', [], true)
 5 APPPATH\Controllers\Pages.php(10): view('index')
 6 SYSTEMPATH\CodeIgniter.php(933): App\Controllers\Pages->index()
 7 SYSTEMPATH\CodeIgniter.php(507): CodeIgniter\CodeIgniter->runController(Object(App\Controllers\Pages))
 8 SYSTEMPATH\CodeIgniter.php(354): CodeIgniter\CodeIgniter->handleRequest(null, Object(Config\Cache), false)
 9 SYSTEMPATH\Boot.php(363): CodeIgniter\CodeIgniter->run()
10 SYSTEMPATH\Boot.php(68): CodeIgniter\Boot::runCodeIgniter(Object(CodeIgniter\CodeIgniter))
11 FCPATH\index.php(59): CodeIgniter\Boot::bootWeb(Object(Config\Paths))
12 SYSTEMPATH\rewrite.php(44): require_once('C:\\xampp\\htdocs\\240102048\\public\\index.php')
CRITICAL - 2025-10-01 08:11:45 --> ErrorException: Undefined variable $member
[Method: GET, Route: /]
in APPPATH\Views\index.php on line 20.
 1 APPPATH\Views\index.php(20): CodeIgniter\Debug\Exceptions->errorHandler(2, 'Undefined variable $member', 'C:\\xampp\\htdocs\\240102048\\app\\Views\\index.php', 20)
 2 SYSTEMPATH\View\View.php(226): include('C:\\xampp\\htdocs\\240102048\\app\\Views\\index.php')
 3 SYSTEMPATH\View\View.php(229): CodeIgniter\View\View->CodeIgniter\View\{closure}()
 4 SYSTEMPATH\Common.php(1167): CodeIgniter\View\View->render('index', [], true)
 5 APPPATH\Controllers\Pages.php(10): view('index')
 6 SYSTEMPATH\CodeIgniter.php(933): App\Controllers\Pages->index()
 7 SYSTEMPATH\CodeIgniter.php(507): CodeIgniter\CodeIgniter->runController(Object(App\Controllers\Pages))
 8 SYSTEMPATH\CodeIgniter.php(354): CodeIgniter\CodeIgniter->handleRequest(null, Object(Config\Cache), false)
 9 SYSTEMPATH\Boot.php(363): CodeIgniter\CodeIgniter->run()
10 SYSTEMPATH\Boot.php(68): CodeIgniter\Boot::runCodeIgniter(Object(CodeIgniter\CodeIgniter))
11 FCPATH\index.php(59): CodeIgniter\Boot::bootWeb(Object(Config\Paths))
12 SYSTEMPATH\rewrite.php(44): require_once('C:\\xampp\\htdocs\\240102048\\public\\index.php')
CRITICAL - 2025-10-01 08:11:46 --> ErrorException: Undefined variable $member
[Method: GET, Route: /]
in APPPATH\Views\index.php on line 20.
 1 APPPATH\Views\index.php(20): CodeIgniter\Debug\Exceptions->errorHandler(2, 'Undefined variable $member', 'C:\\xampp\\htdocs\\240102048\\app\\Views\\index.php', 20)
 2 SYSTEMPATH\View\View.php(226): include('C:\\xampp\\htdocs\\240102048\\app\\Views\\index.php')
 3 SYSTEMPATH\View\View.php(229): CodeIgniter\View\View->CodeIgniter\View\{closure}()
 4 SYSTEMPATH\Common.php(1167): CodeIgniter\View\View->render('index', [], true)
 5 APPPATH\Controllers\Pages.php(10): view('index')
 6 SYSTEMPATH\CodeIgniter.php(933): App\Controllers\Pages->index()
 7 SYSTEMPATH\CodeIgniter.php(507): CodeIgniter\CodeIgniter->runController(Object(App\Controllers\Pages))
 8 SYSTEMPATH\CodeIgniter.php(354): CodeIgniter\CodeIgniter->handleRequest(null, Object(Config\Cache), false)
 9 SYSTEMPATH\Boot.php(363): CodeIgniter\CodeIgniter->run()
10 SYSTEMPATH\Boot.php(68): CodeIgniter\Boot::runCodeIgniter(Object(CodeIgniter\CodeIgniter))
11 FCPATH\index.php(59): CodeIgniter\Boot::bootWeb(Object(Config\Paths))
12 SYSTEMPATH\rewrite.php(44): require_once('C:\\xampp\\htdocs\\240102048\\public\\index.php')
CRITICAL - 2025-10-01 08:11:46 --> ErrorException: Undefined variable $member
[Method: GET, Route: /]
in APPPATH\Views\index.php on line 20.
 1 APPPATH\Views\index.php(20): CodeIgniter\Debug\Exceptions->errorHandler(2, 'Undefined variable $member', 'C:\\xampp\\htdocs\\240102048\\app\\Views\\index.php', 20)
 2 SYSTEMPATH\View\View.php(226): include('C:\\xampp\\htdocs\\240102048\\app\\Views\\index.php')
 3 SYSTEMPATH\View\View.php(229): CodeIgniter\View\View->CodeIgniter\View\{closure}()
 4 SYSTEMPATH\Common.php(1167): CodeIgniter\View\View->render('index', [], true)
 5 APPPATH\Controllers\Pages.php(10): view('index')
 6 SYSTEMPATH\CodeIgniter.php(933): App\Controllers\Pages->index()
 7 SYSTEMPATH\CodeIgniter.php(507): CodeIgniter\CodeIgniter->runController(Object(App\Controllers\Pages))
 8 SYSTEMPATH\CodeIgniter.php(354): CodeIgniter\CodeIgniter->handleRequest(null, Object(Config\Cache), false)
 9 SYSTEMPATH\Boot.php(363): CodeIgniter\CodeIgniter->run()
10 SYSTEMPATH\Boot.php(68): CodeIgniter\Boot::runCodeIgniter(Object(CodeIgniter\CodeIgniter))
11 FCPATH\index.php(59): CodeIgniter\Boot::bootWeb(Object(Config\Paths))
12 SYSTEMPATH\rewrite.php(44): require_once('C:\\xampp\\htdocs\\240102048\\public\\index.php')
CRITICAL - 2025-10-01 08:11:46 --> ErrorException: Undefined variable $member
[Method: GET, Route: /]
in APPPATH\Views\index.php on line 20.
 1 APPPATH\Views\index.php(20): CodeIgniter\Debug\Exceptions->errorHandler(2, 'Undefined variable $member', 'C:\\xampp\\htdocs\\240102048\\app\\Views\\index.php', 20)
 2 SYSTEMPATH\View\View.php(226): include('C:\\xampp\\htdocs\\240102048\\app\\Views\\index.php')
 3 SYSTEMPATH\View\View.php(229): CodeIgniter\View\View->CodeIgniter\View\{closure}()
 4 SYSTEMPATH\Common.php(1167): CodeIgniter\View\View->render('index', [], true)
 5 APPPATH\Controllers\Pages.php(10): view('index')
 6 SYSTEMPATH\CodeIgniter.php(933): App\Controllers\Pages->index()
 7 SYSTEMPATH\CodeIgniter.php(507): CodeIgniter\CodeIgniter->runController(Object(App\Controllers\Pages))
 8 SYSTEMPATH\CodeIgniter.php(354): CodeIgniter\CodeIgniter->handleRequest(null, Object(Config\Cache), false)
 9 SYSTEMPATH\Boot.php(363): CodeIgniter\CodeIgniter->run()
10 SYSTEMPATH\Boot.php(68): CodeIgniter\Boot::runCodeIgniter(Object(CodeIgniter\CodeIgniter))
11 FCPATH\index.php(59): CodeIgniter\Boot::bootWeb(Object(Config\Paths))
12 SYSTEMPATH\rewrite.php(44): require_once('C:\\xampp\\htdocs\\240102048\\public\\index.php')
CRITICAL - 2025-10-01 08:11:46 --> ErrorException: Undefined variable $member
[Method: GET, Route: /]
in APPPATH\Views\index.php on line 20.
 1 APPPATH\Views\index.php(20): CodeIgniter\Debug\Exceptions->errorHandler(2, 'Undefined variable $member', 'C:\\xampp\\htdocs\\240102048\\app\\Views\\index.php', 20)
 2 SYSTEMPATH\View\View.php(226): include('C:\\xampp\\htdocs\\240102048\\app\\Views\\index.php')
 3 SYSTEMPATH\View\View.php(229): CodeIgniter\View\View->CodeIgniter\View\{closure}()
 4 SYSTEMPATH\Common.php(1167): CodeIgniter\View\View->render('index', [], true)
 5 APPPATH\Controllers\Pages.php(10): view('index')
 6 SYSTEMPATH\CodeIgniter.php(933): App\Controllers\Pages->index()
 7 SYSTEMPATH\CodeIgniter.php(507): CodeIgniter\CodeIgniter->runController(Object(App\Controllers\Pages))
 8 SYSTEMPATH\CodeIgniter.php(354): CodeIgniter\CodeIgniter->handleRequest(null, Object(Config\Cache), false)
 9 SYSTEMPATH\Boot.php(363): CodeIgniter\CodeIgniter->run()
10 SYSTEMPATH\Boot.php(68): CodeIgniter\Boot::runCodeIgniter(Object(CodeIgniter\CodeIgniter))
11 FCPATH\index.php(59): CodeIgniter\Boot::bootWeb(Object(Config\Paths))
12 SYSTEMPATH\rewrite.php(44): require_once('C:\\xampp\\htdocs\\240102048\\public\\index.php')
CRITICAL - 2025-10-01 08:12:28 --> ErrorException: Undefined variable $member
[Method: GET, Route: /]
in APPPATH\Views\index.php on line 20.
 1 APPPATH\Views\index.php(20): CodeIgniter\Debug\Exceptions->errorHandler(2, 'Undefined variable $member', 'C:\\xampp\\htdocs\\240102048\\app\\Views\\index.php', 20)
 2 SYSTEMPATH\View\View.php(226): include('C:\\xampp\\htdocs\\240102048\\app\\Views\\index.php')
 3 SYSTEMPATH\View\View.php(229): CodeIgniter\View\View->CodeIgniter\View\{closure}()
 4 SYSTEMPATH\Common.php(1167): CodeIgniter\View\View->render('index', [], true)
 5 APPPATH\Controllers\Pages.php(10): view('index')
 6 SYSTEMPATH\CodeIgniter.php(933): App\Controllers\Pages->index()
 7 SYSTEMPATH\CodeIgniter.php(507): CodeIgniter\CodeIgniter->runController(Object(App\Controllers\Pages))
 8 SYSTEMPATH\CodeIgniter.php(354): CodeIgniter\CodeIgniter->handleRequest(null, Object(Config\Cache), false)
 9 SYSTEMPATH\Boot.php(363): CodeIgniter\CodeIgniter->run()
10 SYSTEMPATH\Boot.php(68): CodeIgniter\Boot::runCodeIgniter(Object(CodeIgniter\CodeIgniter))
11 FCPATH\index.php(59): CodeIgniter\Boot::bootWeb(Object(Config\Paths))
12 SYSTEMPATH\rewrite.php(44): require_once('C:\\xampp\\htdocs\\240102048\\public\\index.php')
CRITICAL - 2025-10-01 08:12:28 --> ErrorException: Undefined variable $member
[Method: GET, Route: /]
in APPPATH\Views\index.php on line 20.
 1 APPPATH\Views\index.php(20): CodeIgniter\Debug\Exceptions->errorHandler(2, 'Undefined variable $member', 'C:\\xampp\\htdocs\\240102048\\app\\Views\\index.php', 20)
 2 SYSTEMPATH\View\View.php(226): include('C:\\xampp\\htdocs\\240102048\\app\\Views\\index.php')
 3 SYSTEMPATH\View\View.php(229): CodeIgniter\View\View->CodeIgniter\View\{closure}()
 4 SYSTEMPATH\Common.php(1167): CodeIgniter\View\View->render('index', [], true)
 5 APPPATH\Controllers\Pages.php(10): view('index')
 6 SYSTEMPATH\CodeIgniter.php(933): App\Controllers\Pages->index()
 7 SYSTEMPATH\CodeIgniter.php(507): CodeIgniter\CodeIgniter->runController(Object(App\Controllers\Pages))
 8 SYSTEMPATH\CodeIgniter.php(354): CodeIgniter\CodeIgniter->handleRequest(null, Object(Config\Cache), false)
 9 SYSTEMPATH\Boot.php(363): CodeIgniter\CodeIgniter->run()
10 SYSTEMPATH\Boot.php(68): CodeIgniter\Boot::runCodeIgniter(Object(CodeIgniter\CodeIgniter))
11 FCPATH\index.php(59): CodeIgniter\Boot::bootWeb(Object(Config\Paths))
12 SYSTEMPATH\rewrite.php(44): require_once('C:\\xampp\\htdocs\\240102048\\public\\index.php')
CRITICAL - 2025-10-01 08:12:29 --> ErrorException: Undefined variable $member
[Method: GET, Route: /]
in APPPATH\Views\index.php on line 20.
 1 APPPATH\Views\index.php(20): CodeIgniter\Debug\Exceptions->errorHandler(2, 'Undefined variable $member', 'C:\\xampp\\htdocs\\240102048\\app\\Views\\index.php', 20)
 2 SYSTEMPATH\View\View.php(226): include('C:\\xampp\\htdocs\\240102048\\app\\Views\\index.php')
 3 SYSTEMPATH\View\View.php(229): CodeIgniter\View\View->CodeIgniter\View\{closure}()
 4 SYSTEMPATH\Common.php(1167): CodeIgniter\View\View->render('index', [], true)
 5 APPPATH\Controllers\Pages.php(10): view('index')
 6 SYSTEMPATH\CodeIgniter.php(933): App\Controllers\Pages->index()
 7 SYSTEMPATH\CodeIgniter.php(507): CodeIgniter\CodeIgniter->runController(Object(App\Controllers\Pages))
 8 SYSTEMPATH\CodeIgniter.php(354): CodeIgniter\CodeIgniter->handleRequest(null, Object(Config\Cache), false)
 9 SYSTEMPATH\Boot.php(363): CodeIgniter\CodeIgniter->run()
10 SYSTEMPATH\Boot.php(68): CodeIgniter\Boot::runCodeIgniter(Object(CodeIgniter\CodeIgniter))
11 FCPATH\index.php(59): CodeIgniter\Boot::bootWeb(Object(Config\Paths))
12 SYSTEMPATH\rewrite.php(44): require_once('C:\\xampp\\htdocs\\240102048\\public\\index.php')
CRITICAL - 2025-10-01 08:12:29 --> ErrorException: Undefined variable $member
[Method: GET, Route: /]
in APPPATH\Views\index.php on line 20.
 1 APPPATH\Views\index.php(20): CodeIgniter\Debug\Exceptions->errorHandler(2, 'Undefined variable $member', 'C:\\xampp\\htdocs\\240102048\\app\\Views\\index.php', 20)
 2 SYSTEMPATH\View\View.php(226): include('C:\\xampp\\htdocs\\240102048\\app\\Views\\index.php')
 3 SYSTEMPATH\View\View.php(229): CodeIgniter\View\View->CodeIgniter\View\{closure}()
 4 SYSTEMPATH\Common.php(1167): CodeIgniter\View\View->render('index', [], true)
 5 APPPATH\Controllers\Pages.php(10): view('index')
 6 SYSTEMPATH\CodeIgniter.php(933): App\Controllers\Pages->index()
 7 SYSTEMPATH\CodeIgniter.php(507): CodeIgniter\CodeIgniter->runController(Object(App\Controllers\Pages))
 8 SYSTEMPATH\CodeIgniter.php(354): CodeIgniter\CodeIgniter->handleRequest(null, Object(Config\Cache), false)
 9 SYSTEMPATH\Boot.php(363): CodeIgniter\CodeIgniter->run()
10 SYSTEMPATH\Boot.php(68): CodeIgniter\Boot::runCodeIgniter(Object(CodeIgniter\CodeIgniter))
11 FCPATH\index.php(59): CodeIgniter\Boot::bootWeb(Object(Config\Paths))
12 SYSTEMPATH\rewrite.php(44): require_once('C:\\xampp\\htdocs\\240102048\\public\\index.php')
CRITICAL - 2025-10-01 08:12:29 --> ErrorException: Undefined variable $member
[Method: GET, Route: /]
in APPPATH\Views\index.php on line 20.
 1 APPPATH\Views\index.php(20): CodeIgniter\Debug\Exceptions->errorHandler(2, 'Undefined variable $member', 'C:\\xampp\\htdocs\\240102048\\app\\Views\\index.php', 20)
 2 SYSTEMPATH\View\View.php(226): include('C:\\xampp\\htdocs\\240102048\\app\\Views\\index.php')
 3 SYSTEMPATH\View\View.php(229): CodeIgniter\View\View->CodeIgniter\View\{closure}()
 4 SYSTEMPATH\Common.php(1167): CodeIgniter\View\View->render('index', [], true)
 5 APPPATH\Controllers\Pages.php(10): view('index')
 6 SYSTEMPATH\CodeIgniter.php(933): App\Controllers\Pages->index()
 7 SYSTEMPATH\CodeIgniter.php(507): CodeIgniter\CodeIgniter->runController(Object(App\Controllers\Pages))
 8 SYSTEMPATH\CodeIgniter.php(354): CodeIgniter\CodeIgniter->handleRequest(null, Object(Config\Cache), false)
 9 SYSTEMPATH\Boot.php(363): CodeIgniter\CodeIgniter->run()
10 SYSTEMPATH\Boot.php(68): CodeIgniter\Boot::runCodeIgniter(Object(CodeIgniter\CodeIgniter))
11 FCPATH\index.php(59): CodeIgniter\Boot::bootWeb(Object(Config\Paths))
12 SYSTEMPATH\rewrite.php(44): require_once('C:\\xampp\\htdocs\\240102048\\public\\index.php')
CRITICAL - 2025-10-01 08:12:30 --> ErrorException: Undefined variable $member
[Method: GET, Route: /]
in APPPATH\Views\index.php on line 20.
 1 APPPATH\Views\index.php(20): CodeIgniter\Debug\Exceptions->errorHandler(2, 'Undefined variable $member', 'C:\\xampp\\htdocs\\240102048\\app\\Views\\index.php', 20)
 2 SYSTEMPATH\View\View.php(226): include('C:\\xampp\\htdocs\\240102048\\app\\Views\\index.php')
 3 SYSTEMPATH\View\View.php(229): CodeIgniter\View\View->CodeIgniter\View\{closure}()
 4 SYSTEMPATH\Common.php(1167): CodeIgniter\View\View->render('index', [], true)
 5 APPPATH\Controllers\Pages.php(10): view('index')
 6 SYSTEMPATH\CodeIgniter.php(933): App\Controllers\Pages->index()
 7 SYSTEMPATH\CodeIgniter.php(507): CodeIgniter\CodeIgniter->runController(Object(App\Controllers\Pages))
 8 SYSTEMPATH\CodeIgniter.php(354): CodeIgniter\CodeIgniter->handleRequest(null, Object(Config\Cache), false)
 9 SYSTEMPATH\Boot.php(363): CodeIgniter\CodeIgniter->run()
10 SYSTEMPATH\Boot.php(68): CodeIgniter\Boot::runCodeIgniter(Object(CodeIgniter\CodeIgniter))
11 FCPATH\index.php(59): CodeIgniter\Boot::bootWeb(Object(Config\Paths))
12 SYSTEMPATH\rewrite.php(44): require_once('C:\\xampp\\htdocs\\240102048\\public\\index.php')
CRITICAL - 2025-10-01 08:12:30 --> ErrorException: Undefined variable $member
[Method: GET, Route: /]
in APPPATH\Views\index.php on line 20.
 1 APPPATH\Views\index.php(20): CodeIgniter\Debug\Exceptions->errorHandler(2, 'Undefined variable $member', 'C:\\xampp\\htdocs\\240102048\\app\\Views\\index.php', 20)
 2 SYSTEMPATH\View\View.php(226): include('C:\\xampp\\htdocs\\240102048\\app\\Views\\index.php')
 3 SYSTEMPATH\View\View.php(229): CodeIgniter\View\View->CodeIgniter\View\{closure}()
 4 SYSTEMPATH\Common.php(1167): CodeIgniter\View\View->render('index', [], true)
 5 APPPATH\Controllers\Pages.php(10): view('index')
 6 SYSTEMPATH\CodeIgniter.php(933): App\Controllers\Pages->index()
 7 SYSTEMPATH\CodeIgniter.php(507): CodeIgniter\CodeIgniter->runController(Object(App\Controllers\Pages))
 8 SYSTEMPATH\CodeIgniter.php(354): CodeIgniter\CodeIgniter->handleRequest(null, Object(Config\Cache), false)
 9 SYSTEMPATH\Boot.php(363): CodeIgniter\CodeIgniter->run()
10 SYSTEMPATH\Boot.php(68): CodeIgniter\Boot::runCodeIgniter(Object(CodeIgniter\CodeIgniter))
11 FCPATH\index.php(59): CodeIgniter\Boot::bootWeb(Object(Config\Paths))
12 SYSTEMPATH\rewrite.php(44): require_once('C:\\xampp\\htdocs\\240102048\\public\\index.php')
CRITICAL - 2025-10-01 08:12:30 --> ErrorException: Undefined variable $member
[Method: GET, Route: /]
in APPPATH\Views\index.php on line 20.
 1 APPPATH\Views\index.php(20): CodeIgniter\Debug\Exceptions->errorHandler(2, 'Undefined variable $member', 'C:\\xampp\\htdocs\\240102048\\app\\Views\\index.php', 20)
 2 SYSTEMPATH\View\View.php(226): include('C:\\xampp\\htdocs\\240102048\\app\\Views\\index.php')
 3 SYSTEMPATH\View\View.php(229): CodeIgniter\View\View->CodeIgniter\View\{closure}()
 4 SYSTEMPATH\Common.php(1167): CodeIgniter\View\View->render('index', [], true)
 5 APPPATH\Controllers\Pages.php(10): view('index')
 6 SYSTEMPATH\CodeIgniter.php(933): App\Controllers\Pages->index()
 7 SYSTEMPATH\CodeIgniter.php(507): CodeIgniter\CodeIgniter->runController(Object(App\Controllers\Pages))
 8 SYSTEMPATH\CodeIgniter.php(354): CodeIgniter\CodeIgniter->handleRequest(null, Object(Config\Cache), false)
 9 SYSTEMPATH\Boot.php(363): CodeIgniter\CodeIgniter->run()
10 SYSTEMPATH\Boot.php(68): CodeIgniter\Boot::runCodeIgniter(Object(CodeIgniter\CodeIgniter))
11 FCPATH\index.php(59): CodeIgniter\Boot::bootWeb(Object(Config\Paths))
12 SYSTEMPATH\rewrite.php(44): require_once('C:\\xampp\\htdocs\\240102048\\public\\index.php')
CRITICAL - 2025-10-01 08:12:30 --> ErrorException: Undefined variable $member
[Method: GET, Route: /]
in APPPATH\Views\index.php on line 20.
 1 APPPATH\Views\index.php(20): CodeIgniter\Debug\Exceptions->errorHandler(2, 'Undefined variable $member', 'C:\\xampp\\htdocs\\240102048\\app\\Views\\index.php', 20)
 2 SYSTEMPATH\View\View.php(226): include('C:\\xampp\\htdocs\\240102048\\app\\Views\\index.php')
 3 SYSTEMPATH\View\View.php(229): CodeIgniter\View\View->CodeIgniter\View\{closure}()
 4 SYSTEMPATH\Common.php(1167): CodeIgniter\View\View->render('index', [], true)
 5 APPPATH\Controllers\Pages.php(10): view('index')
 6 SYSTEMPATH\CodeIgniter.php(933): App\Controllers\Pages->index()
 7 SYSTEMPATH\CodeIgniter.php(507): CodeIgniter\CodeIgniter->runController(Object(App\Controllers\Pages))
 8 SYSTEMPATH\CodeIgniter.php(354): CodeIgniter\CodeIgniter->handleRequest(null, Object(Config\Cache), false)
 9 SYSTEMPATH\Boot.php(363): CodeIgniter\CodeIgniter->run()
10 SYSTEMPATH\Boot.php(68): CodeIgniter\Boot::runCodeIgniter(Object(CodeIgniter\CodeIgniter))
11 FCPATH\index.php(59): CodeIgniter\Boot::bootWeb(Object(Config\Paths))
12 SYSTEMPATH\rewrite.php(44): require_once('C:\\xampp\\htdocs\\240102048\\public\\index.php')
CRITICAL - 2025-10-01 08:12:30 --> ErrorException: Undefined variable $member
[Method: GET, Route: /]
in APPPATH\Views\index.php on line 20.
 1 APPPATH\Views\index.php(20): CodeIgniter\Debug\Exceptions->errorHandler(2, 'Undefined variable $member', 'C:\\xampp\\htdocs\\240102048\\app\\Views\\index.php', 20)
 2 SYSTEMPATH\View\View.php(226): include('C:\\xampp\\htdocs\\240102048\\app\\Views\\index.php')
 3 SYSTEMPATH\View\View.php(229): CodeIgniter\View\View->CodeIgniter\View\{closure}()
 4 SYSTEMPATH\Common.php(1167): CodeIgniter\View\View->render('index', [], true)
 5 APPPATH\Controllers\Pages.php(10): view('index')
 6 SYSTEMPATH\CodeIgniter.php(933): App\Controllers\Pages->index()
 7 SYSTEMPATH\CodeIgniter.php(507): CodeIgniter\CodeIgniter->runController(Object(App\Controllers\Pages))
 8 SYSTEMPATH\CodeIgniter.php(354): CodeIgniter\CodeIgniter->handleRequest(null, Object(Config\Cache), false)
 9 SYSTEMPATH\Boot.php(363): CodeIgniter\CodeIgniter->run()
10 SYSTEMPATH\Boot.php(68): CodeIgniter\Boot::runCodeIgniter(Object(CodeIgniter\CodeIgniter))
11 FCPATH\index.php(59): CodeIgniter\Boot::bootWeb(Object(Config\Paths))
12 SYSTEMPATH\rewrite.php(44): require_once('C:\\xampp\\htdocs\\240102048\\public\\index.php')
CRITICAL - 2025-10-01 08:12:30 --> ErrorException: Undefined variable $member
[Method: GET, Route: /]
in APPPATH\Views\index.php on line 20.
 1 APPPATH\Views\index.php(20): CodeIgniter\Debug\Exceptions->errorHandler(2, 'Undefined variable $member', 'C:\\xampp\\htdocs\\240102048\\app\\Views\\index.php', 20)
 2 SYSTEMPATH\View\View.php(226): include('C:\\xampp\\htdocs\\240102048\\app\\Views\\index.php')
 3 SYSTEMPATH\View\View.php(229): CodeIgniter\View\View->CodeIgniter\View\{closure}()
 4 SYSTEMPATH\Common.php(1167): CodeIgniter\View\View->render('index', [], true)
 5 APPPATH\Controllers\Pages.php(10): view('index')
 6 SYSTEMPATH\CodeIgniter.php(933): App\Controllers\Pages->index()
 7 SYSTEMPATH\CodeIgniter.php(507): CodeIgniter\CodeIgniter->runController(Object(App\Controllers\Pages))
 8 SYSTEMPATH\CodeIgniter.php(354): CodeIgniter\CodeIgniter->handleRequest(null, Object(Config\Cache), false)
 9 SYSTEMPATH\Boot.php(363): CodeIgniter\CodeIgniter->run()
10 SYSTEMPATH\Boot.php(68): CodeIgniter\Boot::runCodeIgniter(Object(CodeIgniter\CodeIgniter))
11 FCPATH\index.php(59): CodeIgniter\Boot::bootWeb(Object(Config\Paths))
12 SYSTEMPATH\rewrite.php(44): require_once('C:\\xampp\\htdocs\\240102048\\public\\index.php')
CRITICAL - 2025-10-01 08:12:30 --> ErrorException: Undefined variable $member
[Method: GET, Route: /]
in APPPATH\Views\index.php on line 20.
 1 APPPATH\Views\index.php(20): CodeIgniter\Debug\Exceptions->errorHandler(2, 'Undefined variable $member', 'C:\\xampp\\htdocs\\240102048\\app\\Views\\index.php', 20)
 2 SYSTEMPATH\View\View.php(226): include('C:\\xampp\\htdocs\\240102048\\app\\Views\\index.php')
 3 SYSTEMPATH\View\View.php(229): CodeIgniter\View\View->CodeIgniter\View\{closure}()
 4 SYSTEMPATH\Common.php(1167): CodeIgniter\View\View->render('index', [], true)
 5 APPPATH\Controllers\Pages.php(10): view('index')
 6 SYSTEMPATH\CodeIgniter.php(933): App\Controllers\Pages->index()
 7 SYSTEMPATH\CodeIgniter.php(507): CodeIgniter\CodeIgniter->runController(Object(App\Controllers\Pages))
 8 SYSTEMPATH\CodeIgniter.php(354): CodeIgniter\CodeIgniter->handleRequest(null, Object(Config\Cache), false)
 9 SYSTEMPATH\Boot.php(363): CodeIgniter\CodeIgniter->run()
10 SYSTEMPATH\Boot.php(68): CodeIgniter\Boot::runCodeIgniter(Object(CodeIgniter\CodeIgniter))
11 FCPATH\index.php(59): CodeIgniter\Boot::bootWeb(Object(Config\Paths))
12 SYSTEMPATH\rewrite.php(44): require_once('C:\\xampp\\htdocs\\240102048\\public\\index.php')
CRITICAL - 2025-10-01 08:12:31 --> ErrorException: Undefined variable $member
[Method: GET, Route: /]
in APPPATH\Views\index.php on line 20.
 1 APPPATH\Views\index.php(20): CodeIgniter\Debug\Exceptions->errorHandler(2, 'Undefined variable $member', 'C:\\xampp\\htdocs\\240102048\\app\\Views\\index.php', 20)
 2 SYSTEMPATH\View\View.php(226): include('C:\\xampp\\htdocs\\240102048\\app\\Views\\index.php')
 3 SYSTEMPATH\View\View.php(229): CodeIgniter\View\View->CodeIgniter\View\{closure}()
 4 SYSTEMPATH\Common.php(1167): CodeIgniter\View\View->render('index', [], true)
 5 APPPATH\Controllers\Pages.php(10): view('index')
 6 SYSTEMPATH\CodeIgniter.php(933): App\Controllers\Pages->index()
 7 SYSTEMPATH\CodeIgniter.php(507): CodeIgniter\CodeIgniter->runController(Object(App\Controllers\Pages))
 8 SYSTEMPATH\CodeIgniter.php(354): CodeIgniter\CodeIgniter->handleRequest(null, Object(Config\Cache), false)
 9 SYSTEMPATH\Boot.php(363): CodeIgniter\CodeIgniter->run()
10 SYSTEMPATH\Boot.php(68): CodeIgniter\Boot::runCodeIgniter(Object(CodeIgniter\CodeIgniter))
11 FCPATH\index.php(59): CodeIgniter\Boot::bootWeb(Object(Config\Paths))
12 SYSTEMPATH\rewrite.php(44): require_once('C:\\xampp\\htdocs\\240102048\\public\\index.php')
CRITICAL - 2025-10-01 08:12:31 --> ErrorException: Undefined variable $member
[Method: GET, Route: /]
in APPPATH\Views\index.php on line 20.
 1 APPPATH\Views\index.php(20): CodeIgniter\Debug\Exceptions->errorHandler(2, 'Undefined variable $member', 'C:\\xampp\\htdocs\\240102048\\app\\Views\\index.php', 20)
 2 SYSTEMPATH\View\View.php(226): include('C:\\xampp\\htdocs\\240102048\\app\\Views\\index.php')
 3 SYSTEMPATH\View\View.php(229): CodeIgniter\View\View->CodeIgniter\View\{closure}()
 4 SYSTEMPATH\Common.php(1167): CodeIgniter\View\View->render('index', [], true)
 5 APPPATH\Controllers\Pages.php(10): view('index')
 6 SYSTEMPATH\CodeIgniter.php(933): App\Controllers\Pages->index()
 7 SYSTEMPATH\CodeIgniter.php(507): CodeIgniter\CodeIgniter->runController(Object(App\Controllers\Pages))
 8 SYSTEMPATH\CodeIgniter.php(354): CodeIgniter\CodeIgniter->handleRequest(null, Object(Config\Cache), false)
 9 SYSTEMPATH\Boot.php(363): CodeIgniter\CodeIgniter->run()
10 SYSTEMPATH\Boot.php(68): CodeIgniter\Boot::runCodeIgniter(Object(CodeIgniter\CodeIgniter))
11 FCPATH\index.php(59): CodeIgniter\Boot::bootWeb(Object(Config\Paths))
12 SYSTEMPATH\rewrite.php(44): require_once('C:\\xampp\\htdocs\\240102048\\public\\index.php')
CRITICAL - 2025-10-01 08:12:31 --> ErrorException: Undefined variable $member
[Method: GET, Route: /]
in APPPATH\Views\index.php on line 20.
 1 APPPATH\Views\index.php(20): CodeIgniter\Debug\Exceptions->errorHandler(2, 'Undefined variable $member', 'C:\\xampp\\htdocs\\240102048\\app\\Views\\index.php', 20)
 2 SYSTEMPATH\View\View.php(226): include('C:\\xampp\\htdocs\\240102048\\app\\Views\\index.php')
 3 SYSTEMPATH\View\View.php(229): CodeIgniter\View\View->CodeIgniter\View\{closure}()
 4 SYSTEMPATH\Common.php(1167): CodeIgniter\View\View->render('index', [], true)
 5 APPPATH\Controllers\Pages.php(10): view('index')
 6 SYSTEMPATH\CodeIgniter.php(933): App\Controllers\Pages->index()
 7 SYSTEMPATH\CodeIgniter.php(507): CodeIgniter\CodeIgniter->runController(Object(App\Controllers\Pages))
 8 SYSTEMPATH\CodeIgniter.php(354): CodeIgniter\CodeIgniter->handleRequest(null, Object(Config\Cache), false)
 9 SYSTEMPATH\Boot.php(363): CodeIgniter\CodeIgniter->run()
10 SYSTEMPATH\Boot.php(68): CodeIgniter\Boot::runCodeIgniter(Object(CodeIgniter\CodeIgniter))
11 FCPATH\index.php(59): CodeIgniter\Boot::bootWeb(Object(Config\Paths))
12 SYSTEMPATH\rewrite.php(44): require_once('C:\\xampp\\htdocs\\240102048\\public\\index.php')
CRITICAL - 2025-10-01 08:12:31 --> ErrorException: Undefined variable $member
[Method: GET, Route: /]
in APPPATH\Views\index.php on line 20.
 1 APPPATH\Views\index.php(20): CodeIgniter\Debug\Exceptions->errorHandler(2, 'Undefined variable $member', 'C:\\xampp\\htdocs\\240102048\\app\\Views\\index.php', 20)
 2 SYSTEMPATH\View\View.php(226): include('C:\\xampp\\htdocs\\240102048\\app\\Views\\index.php')
 3 SYSTEMPATH\View\View.php(229): CodeIgniter\View\View->CodeIgniter\View\{closure}()
 4 SYSTEMPATH\Common.php(1167): CodeIgniter\View\View->render('index', [], true)
 5 APPPATH\Controllers\Pages.php(10): view('index')
 6 SYSTEMPATH\CodeIgniter.php(933): App\Controllers\Pages->index()
 7 SYSTEMPATH\CodeIgniter.php(507): CodeIgniter\CodeIgniter->runController(Object(App\Controllers\Pages))
 8 SYSTEMPATH\CodeIgniter.php(354): CodeIgniter\CodeIgniter->handleRequest(null, Object(Config\Cache), false)
 9 SYSTEMPATH\Boot.php(363): CodeIgniter\CodeIgniter->run()
10 SYSTEMPATH\Boot.php(68): CodeIgniter\Boot::runCodeIgniter(Object(CodeIgniter\CodeIgniter))
11 FCPATH\index.php(59): CodeIgniter\Boot::bootWeb(Object(Config\Paths))
12 SYSTEMPATH\rewrite.php(44): require_once('C:\\xampp\\htdocs\\240102048\\public\\index.php')
CRITICAL - 2025-10-01 08:13:28 --> ErrorException: Undefined variable $member
[Method: GET, Route: /]
in APPPATH\Views\index.php on line 20.
 1 APPPATH\Views\index.php(20): CodeIgniter\Debug\Exceptions->errorHandler(2, 'Undefined variable $member', 'C:\\xampp\\htdocs\\240102048\\app\\Views\\index.php', 20)
 2 SYSTEMPATH\View\View.php(226): include('C:\\xampp\\htdocs\\240102048\\app\\Views\\index.php')
 3 SYSTEMPATH\View\View.php(229): CodeIgniter\View\View->CodeIgniter\View\{closure}()
 4 SYSTEMPATH\Common.php(1167): CodeIgniter\View\View->render('index', [], true)
 5 APPPATH\Controllers\Pages.php(10): view('index')
 6 SYSTEMPATH\CodeIgniter.php(933): App\Controllers\Pages->index()
 7 SYSTEMPATH\CodeIgniter.php(507): CodeIgniter\CodeIgniter->runController(Object(App\Controllers\Pages))
 8 SYSTEMPATH\CodeIgniter.php(354): CodeIgniter\CodeIgniter->handleRequest(null, Object(Config\Cache), false)
 9 SYSTEMPATH\Boot.php(363): CodeIgniter\CodeIgniter->run()
10 SYSTEMPATH\Boot.php(68): CodeIgniter\Boot::runCodeIgniter(Object(CodeIgniter\CodeIgniter))
11 FCPATH\index.php(59): CodeIgniter\Boot::bootWeb(Object(Config\Paths))
12 SYSTEMPATH\rewrite.php(44): require_once('C:\\xampp\\htdocs\\240102048\\public\\index.php')
CRITICAL - 2025-10-01 08:14:00 --> ErrorException: Undefined variable $member
[Method: GET, Route: /]
in APPPATH\Views\index.php on line 20.
 1 APPPATH\Views\index.php(20): CodeIgniter\Debug\Exceptions->errorHandler(2, 'Undefined variable $member', 'C:\\xampp\\htdocs\\240102048\\app\\Views\\index.php', 20)
 2 SYSTEMPATH\View\View.php(226): include('C:\\xampp\\htdocs\\240102048\\app\\Views\\index.php')
 3 SYSTEMPATH\View\View.php(229): CodeIgniter\View\View->CodeIgniter\View\{closure}()
 4 SYSTEMPATH\Common.php(1167): CodeIgniter\View\View->render('index', [], true)
 5 APPPATH\Controllers\Pages.php(10): view('index')
 6 SYSTEMPATH\CodeIgniter.php(933): App\Controllers\Pages->index()
 7 SYSTEMPATH\CodeIgniter.php(507): CodeIgniter\CodeIgniter->runController(Object(App\Controllers\Pages))
 8 SYSTEMPATH\CodeIgniter.php(354): CodeIgniter\CodeIgniter->handleRequest(null, Object(Config\Cache), false)
 9 SYSTEMPATH\Boot.php(363): CodeIgniter\CodeIgniter->run()
10 SYSTEMPATH\Boot.php(68): CodeIgniter\Boot::runCodeIgniter(Object(CodeIgniter\CodeIgniter))
11 FCPATH\index.php(59): CodeIgniter\Boot::bootWeb(Object(Config\Paths))
12 SYSTEMPATH\rewrite.php(44): require_once('C:\\xampp\\htdocs\\240102048\\public\\index.php')
CRITICAL - 2025-10-01 08:15:05 --> ErrorException: Undefined variable $member
[Method: GET, Route: /]
in APPPATH\Views\index.php on line 20.
 1 APPPATH\Views\index.php(20): CodeIgniter\Debug\Exceptions->errorHandler(2, 'Undefined variable $member', 'C:\\xampp\\htdocs\\240102048\\app\\Views\\index.php', 20)
 2 SYSTEMPATH\View\View.php(226): include('C:\\xampp\\htdocs\\240102048\\app\\Views\\index.php')
 3 SYSTEMPATH\View\View.php(229): CodeIgniter\View\View->CodeIgniter\View\{closure}()
 4 SYSTEMPATH\Common.php(1167): CodeIgniter\View\View->render('index', [], true)
 5 APPPATH\Controllers\Pages.php(10): view('index')
 6 SYSTEMPATH\CodeIgniter.php(933): App\Controllers\Pages->index()
 7 SYSTEMPATH\CodeIgniter.php(507): CodeIgniter\CodeIgniter->runController(Object(App\Controllers\Pages))
 8 SYSTEMPATH\CodeIgniter.php(354): CodeIgniter\CodeIgniter->handleRequest(null, Object(Config\Cache), false)
 9 SYSTEMPATH\Boot.php(363): CodeIgniter\CodeIgniter->run()
10 SYSTEMPATH\Boot.php(68): CodeIgniter\Boot::runCodeIgniter(Object(CodeIgniter\CodeIgniter))
11 FCPATH\index.php(59): CodeIgniter\Boot::bootWeb(Object(Config\Paths))
12 SYSTEMPATH\rewrite.php(44): require_once('C:\\xampp\\htdocs\\240102048\\public\\index.php')
CRITICAL - 2025-10-01 08:17:27 --> ErrorException: Undefined variable $member
[Method: GET, Route: /]
in APPPATH\Views\index.php on line 20.
 1 APPPATH\Views\index.php(20): CodeIgniter\Debug\Exceptions->errorHandler(2, 'Undefined variable $member', 'C:\\xampp\\htdocs\\240102048\\app\\Views\\index.php', 20)
 2 SYSTEMPATH\View\View.php(226): include('C:\\xampp\\htdocs\\240102048\\app\\Views\\index.php')
 3 SYSTEMPATH\View\View.php(229): CodeIgniter\View\View->CodeIgniter\View\{closure}()
 4 SYSTEMPATH\Common.php(1167): CodeIgniter\View\View->render('index', [], true)
 5 APPPATH\Controllers\Pages.php(10): view('index')
 6 SYSTEMPATH\CodeIgniter.php(933): App\Controllers\Pages->index()
 7 SYSTEMPATH\CodeIgniter.php(507): CodeIgniter\CodeIgniter->runController(Object(App\Controllers\Pages))
 8 SYSTEMPATH\CodeIgniter.php(354): CodeIgniter\CodeIgniter->handleRequest(null, Object(Config\Cache), false)
 9 SYSTEMPATH\Boot.php(363): CodeIgniter\CodeIgniter->run()
10 SYSTEMPATH\Boot.php(68): CodeIgniter\Boot::runCodeIgniter(Object(CodeIgniter\CodeIgniter))
11 FCPATH\index.php(59): CodeIgniter\Boot::bootWeb(Object(Config\Paths))
12 SYSTEMPATH\rewrite.php(44): require_once('C:\\xampp\\htdocs\\240102048\\public\\index.php')
CRITICAL - 2025-10-01 08:17:27 --> ErrorException: Undefined variable $member
[Method: GET, Route: /]
in APPPATH\Views\index.php on line 20.
 1 APPPATH\Views\index.php(20): CodeIgniter\Debug\Exceptions->errorHandler(2, 'Undefined variable $member', 'C:\\xampp\\htdocs\\240102048\\app\\Views\\index.php', 20)
 2 SYSTEMPATH\View\View.php(226): include('C:\\xampp\\htdocs\\240102048\\app\\Views\\index.php')
 3 SYSTEMPATH\View\View.php(229): CodeIgniter\View\View->CodeIgniter\View\{closure}()
 4 SYSTEMPATH\Common.php(1167): CodeIgniter\View\View->render('index', [], true)
 5 APPPATH\Controllers\Pages.php(10): view('index')
 6 SYSTEMPATH\CodeIgniter.php(933): App\Controllers\Pages->index()
 7 SYSTEMPATH\CodeIgniter.php(507): CodeIgniter\CodeIgniter->runController(Object(App\Controllers\Pages))
 8 SYSTEMPATH\CodeIgniter.php(354): CodeIgniter\CodeIgniter->handleRequest(null, Object(Config\Cache), false)
 9 SYSTEMPATH\Boot.php(363): CodeIgniter\CodeIgniter->run()
10 SYSTEMPATH\Boot.php(68): CodeIgniter\Boot::runCodeIgniter(Object(CodeIgniter\CodeIgniter))
11 FCPATH\index.php(59): CodeIgniter\Boot::bootWeb(Object(Config\Paths))
12 SYSTEMPATH\rewrite.php(44): require_once('C:\\xampp\\htdocs\\240102048\\public\\index.php')
CRITICAL - 2025-10-01 08:17:27 --> ErrorException: Undefined variable $member
[Method: GET, Route: /]
in APPPATH\Views\index.php on line 20.
 1 APPPATH\Views\index.php(20): CodeIgniter\Debug\Exceptions->errorHandler(2, 'Undefined variable $member', 'C:\\xampp\\htdocs\\240102048\\app\\Views\\index.php', 20)
 2 SYSTEMPATH\View\View.php(226): include('C:\\xampp\\htdocs\\240102048\\app\\Views\\index.php')
 3 SYSTEMPATH\View\View.php(229): CodeIgniter\View\View->CodeIgniter\View\{closure}()
 4 SYSTEMPATH\Common.php(1167): CodeIgniter\View\View->render('index', [], true)
 5 APPPATH\Controllers\Pages.php(10): view('index')
 6 SYSTEMPATH\CodeIgniter.php(933): App\Controllers\Pages->index()
 7 SYSTEMPATH\CodeIgniter.php(507): CodeIgniter\CodeIgniter->runController(Object(App\Controllers\Pages))
 8 SYSTEMPATH\CodeIgniter.php(354): CodeIgniter\CodeIgniter->handleRequest(null, Object(Config\Cache), false)
 9 SYSTEMPATH\Boot.php(363): CodeIgniter\CodeIgniter->run()
10 SYSTEMPATH\Boot.php(68): CodeIgniter\Boot::runCodeIgniter(Object(CodeIgniter\CodeIgniter))
11 FCPATH\index.php(59): CodeIgniter\Boot::bootWeb(Object(Config\Paths))
12 SYSTEMPATH\rewrite.php(44): require_once('C:\\xampp\\htdocs\\240102048\\public\\index.php')
CRITICAL - 2025-10-01 08:17:28 --> ErrorException: Undefined variable $member
[Method: GET, Route: /]
in APPPATH\Views\index.php on line 20.
 1 APPPATH\Views\index.php(20): CodeIgniter\Debug\Exceptions->errorHandler(2, 'Undefined variable $member', 'C:\\xampp\\htdocs\\240102048\\app\\Views\\index.php', 20)
 2 SYSTEMPATH\View\View.php(226): include('C:\\xampp\\htdocs\\240102048\\app\\Views\\index.php')
 3 SYSTEMPATH\View\View.php(229): CodeIgniter\View\View->CodeIgniter\View\{closure}()
 4 SYSTEMPATH\Common.php(1167): CodeIgniter\View\View->render('index', [], true)
 5 APPPATH\Controllers\Pages.php(10): view('index')
 6 SYSTEMPATH\CodeIgniter.php(933): App\Controllers\Pages->index()
 7 SYSTEMPATH\CodeIgniter.php(507): CodeIgniter\CodeIgniter->runController(Object(App\Controllers\Pages))
 8 SYSTEMPATH\CodeIgniter.php(354): CodeIgniter\CodeIgniter->handleRequest(null, Object(Config\Cache), false)
 9 SYSTEMPATH\Boot.php(363): CodeIgniter\CodeIgniter->run()
10 SYSTEMPATH\Boot.php(68): CodeIgniter\Boot::runCodeIgniter(Object(CodeIgniter\CodeIgniter))
11 FCPATH\index.php(59): CodeIgniter\Boot::bootWeb(Object(Config\Paths))
12 SYSTEMPATH\rewrite.php(44): require_once('C:\\xampp\\htdocs\\240102048\\public\\index.php')
CRITICAL - 2025-10-01 08:17:28 --> ErrorException: Undefined variable $member
[Method: GET, Route: /]
in APPPATH\Views\index.php on line 20.
 1 APPPATH\Views\index.php(20): CodeIgniter\Debug\Exceptions->errorHandler(2, 'Undefined variable $member', 'C:\\xampp\\htdocs\\240102048\\app\\Views\\index.php', 20)
 2 SYSTEMPATH\View\View.php(226): include('C:\\xampp\\htdocs\\240102048\\app\\Views\\index.php')
 3 SYSTEMPATH\View\View.php(229): CodeIgniter\View\View->CodeIgniter\View\{closure}()
 4 SYSTEMPATH\Common.php(1167): CodeIgniter\View\View->render('index', [], true)
 5 APPPATH\Controllers\Pages.php(10): view('index')
 6 SYSTEMPATH\CodeIgniter.php(933): App\Controllers\Pages->index()
 7 SYSTEMPATH\CodeIgniter.php(507): CodeIgniter\CodeIgniter->runController(Object(App\Controllers\Pages))
 8 SYSTEMPATH\CodeIgniter.php(354): CodeIgniter\CodeIgniter->handleRequest(null, Object(Config\Cache), false)
 9 SYSTEMPATH\Boot.php(363): CodeIgniter\CodeIgniter->run()
10 SYSTEMPATH\Boot.php(68): CodeIgniter\Boot::runCodeIgniter(Object(CodeIgniter\CodeIgniter))
11 FCPATH\index.php(59): CodeIgniter\Boot::bootWeb(Object(Config\Paths))
12 SYSTEMPATH\rewrite.php(44): require_once('C:\\xampp\\htdocs\\240102048\\public\\index.php')
CRITICAL - 2025-10-01 08:18:13 --> ErrorException: Undefined variable $member
[Method: GET, Route: /]
in APPPATH\Views\index.php on line 20.
 1 APPPATH\Views\index.php(20): CodeIgniter\Debug\Exceptions->errorHandler(2, 'Undefined variable $member', 'C:\\xampp\\htdocs\\240102048\\app\\Views\\index.php', 20)
 2 SYSTEMPATH\View\View.php(226): include('C:\\xampp\\htdocs\\240102048\\app\\Views\\index.php')
 3 SYSTEMPATH\View\View.php(229): CodeIgniter\View\View->CodeIgniter\View\{closure}()
 4 SYSTEMPATH\Common.php(1167): CodeIgniter\View\View->render('index', [], true)
 5 APPPATH\Controllers\Pages.php(10): view('index')
 6 SYSTEMPATH\CodeIgniter.php(933): App\Controllers\Pages->index()
 7 SYSTEMPATH\CodeIgniter.php(507): CodeIgniter\CodeIgniter->runController(Object(App\Controllers\Pages))
 8 SYSTEMPATH\CodeIgniter.php(354): CodeIgniter\CodeIgniter->handleRequest(null, Object(Config\Cache), false)
 9 SYSTEMPATH\Boot.php(363): CodeIgniter\CodeIgniter->run()
10 SYSTEMPATH\Boot.php(68): CodeIgniter\Boot::runCodeIgniter(Object(CodeIgniter\CodeIgniter))
11 FCPATH\index.php(59): CodeIgniter\Boot::bootWeb(Object(Config\Paths))
12 SYSTEMPATH\rewrite.php(44): require_once('C:\\xampp\\htdocs\\240102048\\public\\index.php')
CRITICAL - 2025-10-01 08:18:13 --> ErrorException: Undefined variable $member
[Method: GET, Route: /]
in APPPATH\Views\index.php on line 20.
 1 APPPATH\Views\index.php(20): CodeIgniter\Debug\Exceptions->errorHandler(2, 'Undefined variable $member', 'C:\\xampp\\htdocs\\240102048\\app\\Views\\index.php', 20)
 2 SYSTEMPATH\View\View.php(226): include('C:\\xampp\\htdocs\\240102048\\app\\Views\\index.php')
 3 SYSTEMPATH\View\View.php(229): CodeIgniter\View\View->CodeIgniter\View\{closure}()
 4 SYSTEMPATH\Common.php(1167): CodeIgniter\View\View->render('index', [], true)
 5 APPPATH\Controllers\Pages.php(10): view('index')
 6 SYSTEMPATH\CodeIgniter.php(933): App\Controllers\Pages->index()
 7 SYSTEMPATH\CodeIgniter.php(507): CodeIgniter\CodeIgniter->runController(Object(App\Controllers\Pages))
 8 SYSTEMPATH\CodeIgniter.php(354): CodeIgniter\CodeIgniter->handleRequest(null, Object(Config\Cache), false)
 9 SYSTEMPATH\Boot.php(363): CodeIgniter\CodeIgniter->run()
10 SYSTEMPATH\Boot.php(68): CodeIgniter\Boot::runCodeIgniter(Object(CodeIgniter\CodeIgniter))
11 FCPATH\index.php(59): CodeIgniter\Boot::bootWeb(Object(Config\Paths))
12 SYSTEMPATH\rewrite.php(44): require_once('C:\\xampp\\htdocs\\240102048\\public\\index.php')
CRITICAL - 2025-10-01 08:18:14 --> ErrorException: Undefined variable $member
[Method: GET, Route: /]
in APPPATH\Views\index.php on line 20.
 1 APPPATH\Views\index.php(20): CodeIgniter\Debug\Exceptions->errorHandler(2, 'Undefined variable $member', 'C:\\xampp\\htdocs\\240102048\\app\\Views\\index.php', 20)
 2 SYSTEMPATH\View\View.php(226): include('C:\\xampp\\htdocs\\240102048\\app\\Views\\index.php')
 3 SYSTEMPATH\View\View.php(229): CodeIgniter\View\View->CodeIgniter\View\{closure}()
 4 SYSTEMPATH\Common.php(1167): CodeIgniter\View\View->render('index', [], true)
 5 APPPATH\Controllers\Pages.php(10): view('index')
 6 SYSTEMPATH\CodeIgniter.php(933): App\Controllers\Pages->index()
 7 SYSTEMPATH\CodeIgniter.php(507): CodeIgniter\CodeIgniter->runController(Object(App\Controllers\Pages))
 8 SYSTEMPATH\CodeIgniter.php(354): CodeIgniter\CodeIgniter->handleRequest(null, Object(Config\Cache), false)
 9 SYSTEMPATH\Boot.php(363): CodeIgniter\CodeIgniter->run()
10 SYSTEMPATH\Boot.php(68): CodeIgniter\Boot::runCodeIgniter(Object(CodeIgniter\CodeIgniter))
11 FCPATH\index.php(59): CodeIgniter\Boot::bootWeb(Object(Config\Paths))
12 SYSTEMPATH\rewrite.php(44): require_once('C:\\xampp\\htdocs\\240102048\\public\\index.php')
CRITICAL - 2025-10-01 08:18:14 --> ErrorException: Undefined variable $member
[Method: GET, Route: /]
in APPPATH\Views\index.php on line 20.
 1 APPPATH\Views\index.php(20): CodeIgniter\Debug\Exceptions->errorHandler(2, 'Undefined variable $member', 'C:\\xampp\\htdocs\\240102048\\app\\Views\\index.php', 20)
 2 SYSTEMPATH\View\View.php(226): include('C:\\xampp\\htdocs\\240102048\\app\\Views\\index.php')
 3 SYSTEMPATH\View\View.php(229): CodeIgniter\View\View->CodeIgniter\View\{closure}()
 4 SYSTEMPATH\Common.php(1167): CodeIgniter\View\View->render('index', [], true)
 5 APPPATH\Controllers\Pages.php(10): view('index')
 6 SYSTEMPATH\CodeIgniter.php(933): App\Controllers\Pages->index()
 7 SYSTEMPATH\CodeIgniter.php(507): CodeIgniter\CodeIgniter->runController(Object(App\Controllers\Pages))
 8 SYSTEMPATH\CodeIgniter.php(354): CodeIgniter\CodeIgniter->handleRequest(null, Object(Config\Cache), false)
 9 SYSTEMPATH\Boot.php(363): CodeIgniter\CodeIgniter->run()
10 SYSTEMPATH\Boot.php(68): CodeIgniter\Boot::runCodeIgniter(Object(CodeIgniter\CodeIgniter))
11 FCPATH\index.php(59): CodeIgniter\Boot::bootWeb(Object(Config\Paths))
12 SYSTEMPATH\rewrite.php(44): require_once('C:\\xampp\\htdocs\\240102048\\public\\index.php')
CRITICAL - 2025-10-01 08:18:14 --> ErrorException: Undefined variable $member
[Method: GET, Route: /]
in APPPATH\Views\index.php on line 20.
 1 APPPATH\Views\index.php(20): CodeIgniter\Debug\Exceptions->errorHandler(2, 'Undefined variable $member', 'C:\\xampp\\htdocs\\240102048\\app\\Views\\index.php', 20)
 2 SYSTEMPATH\View\View.php(226): include('C:\\xampp\\htdocs\\240102048\\app\\Views\\index.php')
 3 SYSTEMPATH\View\View.php(229): CodeIgniter\View\View->CodeIgniter\View\{closure}()
 4 SYSTEMPATH\Common.php(1167): CodeIgniter\View\View->render('index', [], true)
 5 APPPATH\Controllers\Pages.php(10): view('index')
 6 SYSTEMPATH\CodeIgniter.php(933): App\Controllers\Pages->index()
 7 SYSTEMPATH\CodeIgniter.php(507): CodeIgniter\CodeIgniter->runController(Object(App\Controllers\Pages))
 8 SYSTEMPATH\CodeIgniter.php(354): CodeIgniter\CodeIgniter->handleRequest(null, Object(Config\Cache), false)
 9 SYSTEMPATH\Boot.php(363): CodeIgniter\CodeIgniter->run()
10 SYSTEMPATH\Boot.php(68): CodeIgniter\Boot::runCodeIgniter(Object(CodeIgniter\CodeIgniter))
11 FCPATH\index.php(59): CodeIgniter\Boot::bootWeb(Object(Config\Paths))
12 SYSTEMPATH\rewrite.php(44): require_once('C:\\xampp\\htdocs\\240102048\\public\\index.php')
CRITICAL - 2025-10-01 08:18:14 --> ErrorException: Undefined variable $member
[Method: GET, Route: /]
in APPPATH\Views\index.php on line 20.
 1 APPPATH\Views\index.php(20): CodeIgniter\Debug\Exceptions->errorHandler(2, 'Undefined variable $member', 'C:\\xampp\\htdocs\\240102048\\app\\Views\\index.php', 20)
 2 SYSTEMPATH\View\View.php(226): include('C:\\xampp\\htdocs\\240102048\\app\\Views\\index.php')
 3 SYSTEMPATH\View\View.php(229): CodeIgniter\View\View->CodeIgniter\View\{closure}()
 4 SYSTEMPATH\Common.php(1167): CodeIgniter\View\View->render('index', [], true)
 5 APPPATH\Controllers\Pages.php(10): view('index')
 6 SYSTEMPATH\CodeIgniter.php(933): App\Controllers\Pages->index()
 7 SYSTEMPATH\CodeIgniter.php(507): CodeIgniter\CodeIgniter->runController(Object(App\Controllers\Pages))
 8 SYSTEMPATH\CodeIgniter.php(354): CodeIgniter\CodeIgniter->handleRequest(null, Object(Config\Cache), false)
 9 SYSTEMPATH\Boot.php(363): CodeIgniter\CodeIgniter->run()
10 SYSTEMPATH\Boot.php(68): CodeIgniter\Boot::runCodeIgniter(Object(CodeIgniter\CodeIgniter))
11 FCPATH\index.php(59): CodeIgniter\Boot::bootWeb(Object(Config\Paths))
12 SYSTEMPATH\rewrite.php(44): require_once('C:\\xampp\\htdocs\\240102048\\public\\index.php')
CRITICAL - 2025-10-01 08:22:21 --> ErrorException: Undefined variable $member
[Method: GET, Route: /]
in APPPATH\Views\index.php on line 20.
 1 APPPATH\Views\index.php(20): CodeIgniter\Debug\Exceptions->errorHandler(2, 'Undefined variable $member', 'C:\\xampp\\htdocs\\240102048\\app\\Views\\index.php', 20)
 2 SYSTEMPATH\View\View.php(226): include('C:\\xampp\\htdocs\\240102048\\app\\Views\\index.php')
 3 SYSTEMPATH\View\View.php(229): CodeIgniter\View\View->CodeIgniter\View\{closure}()
 4 SYSTEMPATH\Common.php(1167): CodeIgniter\View\View->render('index', [], true)
 5 APPPATH\Controllers\Pages.php(10): view('index')
 6 SYSTEMPATH\CodeIgniter.php(933): App\Controllers\Pages->index()
 7 SYSTEMPATH\CodeIgniter.php(507): CodeIgniter\CodeIgniter->runController(Object(App\Controllers\Pages))
 8 SYSTEMPATH\CodeIgniter.php(354): CodeIgniter\CodeIgniter->handleRequest(null, Object(Config\Cache), false)
 9 SYSTEMPATH\Boot.php(363): CodeIgniter\CodeIgniter->run()
10 SYSTEMPATH\Boot.php(68): CodeIgniter\Boot::runCodeIgniter(Object(CodeIgniter\CodeIgniter))
11 FCPATH\index.php(59): CodeIgniter\Boot::bootWeb(Object(Config\Paths))
12 SYSTEMPATH\rewrite.php(44): require_once('C:\\xampp\\htdocs\\240102048\\public\\index.php')
CRITICAL - 2025-10-01 08:23:09 --> ErrorException: Undefined variable $member
[Method: GET, Route: /]
in APPPATH\Views\index.php on line 20.
 1 APPPATH\Views\index.php(20): CodeIgniter\Debug\Exceptions->errorHandler(2, 'Undefined variable $member', 'C:\\xampp\\htdocs\\240102048\\app\\Views\\index.php', 20)
 2 SYSTEMPATH\View\View.php(226): include('C:\\xampp\\htdocs\\240102048\\app\\Views\\index.php')
 3 SYSTEMPATH\View\View.php(229): CodeIgniter\View\View->CodeIgniter\View\{closure}()
 4 SYSTEMPATH\Common.php(1167): CodeIgniter\View\View->render('index', [], true)
 5 APPPATH\Controllers\Pages.php(10): view('index')
 6 SYSTEMPATH\CodeIgniter.php(933): App\Controllers\Pages->index()
 7 SYSTEMPATH\CodeIgniter.php(507): CodeIgniter\CodeIgniter->runController(Object(App\Controllers\Pages))
 8 SYSTEMPATH\CodeIgniter.php(354): CodeIgniter\CodeIgniter->handleRequest(null, Object(Config\Cache), false)
 9 SYSTEMPATH\Boot.php(363): CodeIgniter\CodeIgniter->run()
10 SYSTEMPATH\Boot.php(68): CodeIgniter\Boot::runCodeIgniter(Object(CodeIgniter\CodeIgniter))
11 FCPATH\index.php(59): CodeIgniter\Boot::bootWeb(Object(Config\Paths))
12 SYSTEMPATH\rewrite.php(44): require_once('C:\\xampp\\htdocs\\240102048\\public\\index.php')
CRITICAL - 2025-10-01 08:23:09 --> ErrorException: Undefined variable $member
[Method: GET, Route: /]
in APPPATH\Views\index.php on line 20.
 1 APPPATH\Views\index.php(20): CodeIgniter\Debug\Exceptions->errorHandler(2, 'Undefined variable $member', 'C:\\xampp\\htdocs\\240102048\\app\\Views\\index.php', 20)
 2 SYSTEMPATH\View\View.php(226): include('C:\\xampp\\htdocs\\240102048\\app\\Views\\index.php')
 3 SYSTEMPATH\View\View.php(229): CodeIgniter\View\View->CodeIgniter\View\{closure}()
 4 SYSTEMPATH\Common.php(1167): CodeIgniter\View\View->render('index', [], true)
 5 APPPATH\Controllers\Pages.php(10): view('index')
 6 SYSTEMPATH\CodeIgniter.php(933): App\Controllers\Pages->index()
 7 SYSTEMPATH\CodeIgniter.php(507): CodeIgniter\CodeIgniter->runController(Object(App\Controllers\Pages))
 8 SYSTEMPATH\CodeIgniter.php(354): CodeIgniter\CodeIgniter->handleRequest(null, Object(Config\Cache), false)
 9 SYSTEMPATH\Boot.php(363): CodeIgniter\CodeIgniter->run()
10 SYSTEMPATH\Boot.php(68): CodeIgniter\Boot::runCodeIgniter(Object(CodeIgniter\CodeIgniter))
11 FCPATH\index.php(59): CodeIgniter\Boot::bootWeb(Object(Config\Paths))
12 SYSTEMPATH\rewrite.php(44): require_once('C:\\xampp\\htdocs\\240102048\\public\\index.php')
CRITICAL - 2025-10-01 08:23:10 --> ErrorException: Undefined variable $member
[Method: GET, Route: /]
in APPPATH\Views\index.php on line 20.
 1 APPPATH\Views\index.php(20): CodeIgniter\Debug\Exceptions->errorHandler(2, 'Undefined variable $member', 'C:\\xampp\\htdocs\\240102048\\app\\Views\\index.php', 20)
 2 SYSTEMPATH\View\View.php(226): include('C:\\xampp\\htdocs\\240102048\\app\\Views\\index.php')
 3 SYSTEMPATH\View\View.php(229): CodeIgniter\View\View->CodeIgniter\View\{closure}()
 4 SYSTEMPATH\Common.php(1167): CodeIgniter\View\View->render('index', [], true)
 5 APPPATH\Controllers\Pages.php(10): view('index')
 6 SYSTEMPATH\CodeIgniter.php(933): App\Controllers\Pages->index()
 7 SYSTEMPATH\CodeIgniter.php(507): CodeIgniter\CodeIgniter->runController(Object(App\Controllers\Pages))
 8 SYSTEMPATH\CodeIgniter.php(354): CodeIgniter\CodeIgniter->handleRequest(null, Object(Config\Cache), false)
 9 SYSTEMPATH\Boot.php(363): CodeIgniter\CodeIgniter->run()
10 SYSTEMPATH\Boot.php(68): CodeIgniter\Boot::runCodeIgniter(Object(CodeIgniter\CodeIgniter))
11 FCPATH\index.php(59): CodeIgniter\Boot::bootWeb(Object(Config\Paths))
12 SYSTEMPATH\rewrite.php(44): require_once('C:\\xampp\\htdocs\\240102048\\public\\index.php')
CRITICAL - 2025-10-01 08:23:10 --> ErrorException: Undefined variable $member
[Method: GET, Route: /]
in APPPATH\Views\index.php on line 20.
 1 APPPATH\Views\index.php(20): CodeIgniter\Debug\Exceptions->errorHandler(2, 'Undefined variable $member', 'C:\\xampp\\htdocs\\240102048\\app\\Views\\index.php', 20)
 2 SYSTEMPATH\View\View.php(226): include('C:\\xampp\\htdocs\\240102048\\app\\Views\\index.php')
 3 SYSTEMPATH\View\View.php(229): CodeIgniter\View\View->CodeIgniter\View\{closure}()
 4 SYSTEMPATH\Common.php(1167): CodeIgniter\View\View->render('index', [], true)
 5 APPPATH\Controllers\Pages.php(10): view('index')
 6 SYSTEMPATH\CodeIgniter.php(933): App\Controllers\Pages->index()
 7 SYSTEMPATH\CodeIgniter.php(507): CodeIgniter\CodeIgniter->runController(Object(App\Controllers\Pages))
 8 SYSTEMPATH\CodeIgniter.php(354): CodeIgniter\CodeIgniter->handleRequest(null, Object(Config\Cache), false)
 9 SYSTEMPATH\Boot.php(363): CodeIgniter\CodeIgniter->run()
10 SYSTEMPATH\Boot.php(68): CodeIgniter\Boot::runCodeIgniter(Object(CodeIgniter\CodeIgniter))
11 FCPATH\index.php(59): CodeIgniter\Boot::bootWeb(Object(Config\Paths))
12 SYSTEMPATH\rewrite.php(44): require_once('C:\\xampp\\htdocs\\240102048\\public\\index.php')
CRITICAL - 2025-10-01 08:25:51 --> ErrorException: Undefined variable $member
[Method: GET, Route: /]
in APPPATH\Views\index.php on line 20.
 1 APPPATH\Views\index.php(20): CodeIgniter\Debug\Exceptions->errorHandler(2, 'Undefined variable $member', 'C:\\xampp\\htdocs\\240102048\\app\\Views\\index.php', 20)
 2 SYSTEMPATH\View\View.php(226): include('C:\\xampp\\htdocs\\240102048\\app\\Views\\index.php')
 3 SYSTEMPATH\View\View.php(229): CodeIgniter\View\View->CodeIgniter\View\{closure}()
 4 SYSTEMPATH\Common.php(1167): CodeIgniter\View\View->render('index', [], true)
 5 APPPATH\Controllers\Pages.php(10): view('index')
 6 SYSTEMPATH\CodeIgniter.php(933): App\Controllers\Pages->index()
 7 SYSTEMPATH\CodeIgniter.php(507): CodeIgniter\CodeIgniter->runController(Object(App\Controllers\Pages))
 8 SYSTEMPATH\CodeIgniter.php(354): CodeIgniter\CodeIgniter->handleRequest(null, Object(Config\Cache), false)
 9 SYSTEMPATH\Boot.php(363): CodeIgniter\CodeIgniter->run()
10 SYSTEMPATH\Boot.php(68): CodeIgniter\Boot::runCodeIgniter(Object(CodeIgniter\CodeIgniter))
11 FCPATH\index.php(59): CodeIgniter\Boot::bootWeb(Object(Config\Paths))
12 SYSTEMPATH\rewrite.php(44): require_once('C:\\xampp\\htdocs\\240102048\\public\\index.php')
CRITICAL - 2025-10-01 08:25:52 --> ErrorException: Undefined variable $member
[Method: GET, Route: /]
in APPPATH\Views\index.php on line 20.
 1 APPPATH\Views\index.php(20): CodeIgniter\Debug\Exceptions->errorHandler(2, 'Undefined variable $member', 'C:\\xampp\\htdocs\\240102048\\app\\Views\\index.php', 20)
 2 SYSTEMPATH\View\View.php(226): include('C:\\xampp\\htdocs\\240102048\\app\\Views\\index.php')
 3 SYSTEMPATH\View\View.php(229): CodeIgniter\View\View->CodeIgniter\View\{closure}()
 4 SYSTEMPATH\Common.php(1167): CodeIgniter\View\View->render('index', [], true)
 5 APPPATH\Controllers\Pages.php(10): view('index')
 6 SYSTEMPATH\CodeIgniter.php(933): App\Controllers\Pages->index()
 7 SYSTEMPATH\CodeIgniter.php(507): CodeIgniter\CodeIgniter->runController(Object(App\Controllers\Pages))
 8 SYSTEMPATH\CodeIgniter.php(354): CodeIgniter\CodeIgniter->handleRequest(null, Object(Config\Cache), false)
 9 SYSTEMPATH\Boot.php(363): CodeIgniter\CodeIgniter->run()
10 SYSTEMPATH\Boot.php(68): CodeIgniter\Boot::runCodeIgniter(Object(CodeIgniter\CodeIgniter))
11 FCPATH\index.php(59): CodeIgniter\Boot::bootWeb(Object(Config\Paths))
12 SYSTEMPATH\rewrite.php(44): require_once('C:\\xampp\\htdocs\\240102048\\public\\index.php')
CRITICAL - 2025-10-01 08:25:52 --> ErrorException: Undefined variable $member
[Method: GET, Route: /]
in APPPATH\Views\index.php on line 20.
 1 APPPATH\Views\index.php(20): CodeIgniter\Debug\Exceptions->errorHandler(2, 'Undefined variable $member', 'C:\\xampp\\htdocs\\240102048\\app\\Views\\index.php', 20)
 2 SYSTEMPATH\View\View.php(226): include('C:\\xampp\\htdocs\\240102048\\app\\Views\\index.php')
 3 SYSTEMPATH\View\View.php(229): CodeIgniter\View\View->CodeIgniter\View\{closure}()
 4 SYSTEMPATH\Common.php(1167): CodeIgniter\View\View->render('index', [], true)
 5 APPPATH\Controllers\Pages.php(10): view('index')
 6 SYSTEMPATH\CodeIgniter.php(933): App\Controllers\Pages->index()
 7 SYSTEMPATH\CodeIgniter.php(507): CodeIgniter\CodeIgniter->runController(Object(App\Controllers\Pages))
 8 SYSTEMPATH\CodeIgniter.php(354): CodeIgniter\CodeIgniter->handleRequest(null, Object(Config\Cache), false)
 9 SYSTEMPATH\Boot.php(363): CodeIgniter\CodeIgniter->run()
10 SYSTEMPATH\Boot.php(68): CodeIgniter\Boot::runCodeIgniter(Object(CodeIgniter\CodeIgniter))
11 FCPATH\index.php(59): CodeIgniter\Boot::bootWeb(Object(Config\Paths))
12 SYSTEMPATH\rewrite.php(44): require_once('C:\\xampp\\htdocs\\240102048\\public\\index.php')
CRITICAL - 2025-10-01 08:29:20 --> ErrorException: Undefined variable $member
[Method: GET, Route: /]
in APPPATH\Views\index.php on line 20.
 1 APPPATH\Views\index.php(20): CodeIgniter\Debug\Exceptions->errorHandler(2, 'Undefined variable $member', 'C:\\xampp\\htdocs\\240102048\\app\\Views\\index.php', 20)
 2 SYSTEMPATH\View\View.php(226): include('C:\\xampp\\htdocs\\240102048\\app\\Views\\index.php')
 3 SYSTEMPATH\View\View.php(229): CodeIgniter\View\View->CodeIgniter\View\{closure}()
 4 SYSTEMPATH\Common.php(1167): CodeIgniter\View\View->render('index', [], true)
 5 APPPATH\Controllers\Pages.php(10): view('index')
 6 SYSTEMPATH\CodeIgniter.php(933): App\Controllers\Pages->index()
 7 SYSTEMPATH\CodeIgniter.php(507): CodeIgniter\CodeIgniter->runController(Object(App\Controllers\Pages))
 8 SYSTEMPATH\CodeIgniter.php(354): CodeIgniter\CodeIgniter->handleRequest(null, Object(Config\Cache), false)
 9 SYSTEMPATH\Boot.php(363): CodeIgniter\CodeIgniter->run()
10 SYSTEMPATH\Boot.php(68): CodeIgniter\Boot::runCodeIgniter(Object(CodeIgniter\CodeIgniter))
11 FCPATH\index.php(59): CodeIgniter\Boot::bootWeb(Object(Config\Paths))
12 SYSTEMPATH\rewrite.php(44): require_once('C:\\xampp\\htdocs\\240102048\\public\\index.php')
CRITICAL - 2025-10-01 08:29:20 --> ErrorException: Undefined variable $member
[Method: GET, Route: /]
in APPPATH\Views\index.php on line 20.
 1 APPPATH\Views\index.php(20): CodeIgniter\Debug\Exceptions->errorHandler(2, 'Undefined variable $member', 'C:\\xampp\\htdocs\\240102048\\app\\Views\\index.php', 20)
 2 SYSTEMPATH\View\View.php(226): include('C:\\xampp\\htdocs\\240102048\\app\\Views\\index.php')
 3 SYSTEMPATH\View\View.php(229): CodeIgniter\View\View->CodeIgniter\View\{closure}()
 4 SYSTEMPATH\Common.php(1167): CodeIgniter\View\View->render('index', [], true)
 5 APPPATH\Controllers\Pages.php(10): view('index')
 6 SYSTEMPATH\CodeIgniter.php(933): App\Controllers\Pages->index()
 7 SYSTEMPATH\CodeIgniter.php(507): CodeIgniter\CodeIgniter->runController(Object(App\Controllers\Pages))
 8 SYSTEMPATH\CodeIgniter.php(354): CodeIgniter\CodeIgniter->handleRequest(null, Object(Config\Cache), false)
 9 SYSTEMPATH\Boot.php(363): CodeIgniter\CodeIgniter->run()
10 SYSTEMPATH\Boot.php(68): CodeIgniter\Boot::runCodeIgniter(Object(CodeIgniter\CodeIgniter))
11 FCPATH\index.php(59): CodeIgniter\Boot::bootWeb(Object(Config\Paths))
12 SYSTEMPATH\rewrite.php(44): require_once('C:\\xampp\\htdocs\\240102048\\public\\index.php')
CRITICAL - 2025-10-01 08:29:20 --> ErrorException: Undefined variable $member
[Method: GET, Route: /]
in APPPATH\Views\index.php on line 20.
 1 APPPATH\Views\index.php(20): CodeIgniter\Debug\Exceptions->errorHandler(2, 'Undefined variable $member', 'C:\\xampp\\htdocs\\240102048\\app\\Views\\index.php', 20)
 2 SYSTEMPATH\View\View.php(226): include('C:\\xampp\\htdocs\\240102048\\app\\Views\\index.php')
 3 SYSTEMPATH\View\View.php(229): CodeIgniter\View\View->CodeIgniter\View\{closure}()
 4 SYSTEMPATH\Common.php(1167): CodeIgniter\View\View->render('index', [], true)
 5 APPPATH\Controllers\Pages.php(10): view('index')
 6 SYSTEMPATH\CodeIgniter.php(933): App\Controllers\Pages->index()
 7 SYSTEMPATH\CodeIgniter.php(507): CodeIgniter\CodeIgniter->runController(Object(App\Controllers\Pages))
 8 SYSTEMPATH\CodeIgniter.php(354): CodeIgniter\CodeIgniter->handleRequest(null, Object(Config\Cache), false)
 9 SYSTEMPATH\Boot.php(363): CodeIgniter\CodeIgniter->run()
10 SYSTEMPATH\Boot.php(68): CodeIgniter\Boot::runCodeIgniter(Object(CodeIgniter\CodeIgniter))
11 FCPATH\index.php(59): CodeIgniter\Boot::bootWeb(Object(Config\Paths))
12 SYSTEMPATH\rewrite.php(44): require_once('C:\\xampp\\htdocs\\240102048\\public\\index.php')
CRITICAL - 2025-10-01 08:29:20 --> ErrorException: Undefined variable $member
[Method: GET, Route: /]
in APPPATH\Views\index.php on line 20.
 1 APPPATH\Views\index.php(20): CodeIgniter\Debug\Exceptions->errorHandler(2, 'Undefined variable $member', 'C:\\xampp\\htdocs\\240102048\\app\\Views\\index.php', 20)
 2 SYSTEMPATH\View\View.php(226): include('C:\\xampp\\htdocs\\240102048\\app\\Views\\index.php')
 3 SYSTEMPATH\View\View.php(229): CodeIgniter\View\View->CodeIgniter\View\{closure}()
 4 SYSTEMPATH\Common.php(1167): CodeIgniter\View\View->render('index', [], true)
 5 APPPATH\Controllers\Pages.php(10): view('index')
 6 SYSTEMPATH\CodeIgniter.php(933): App\Controllers\Pages->index()
 7 SYSTEMPATH\CodeIgniter.php(507): CodeIgniter\CodeIgniter->runController(Object(App\Controllers\Pages))
 8 SYSTEMPATH\CodeIgniter.php(354): CodeIgniter\CodeIgniter->handleRequest(null, Object(Config\Cache), false)
 9 SYSTEMPATH\Boot.php(363): CodeIgniter\CodeIgniter->run()
10 SYSTEMPATH\Boot.php(68): CodeIgniter\Boot::runCodeIgniter(Object(CodeIgniter\CodeIgniter))
11 FCPATH\index.php(59): CodeIgniter\Boot::bootWeb(Object(Config\Paths))
12 SYSTEMPATH\rewrite.php(44): require_once('C:\\xampp\\htdocs\\240102048\\public\\index.php')
CRITICAL - 2025-10-01 08:29:20 --> ErrorException: Undefined variable $member
[Method: GET, Route: /]
in APPPATH\Views\index.php on line 20.
 1 APPPATH\Views\index.php(20): CodeIgniter\Debug\Exceptions->errorHandler(2, 'Undefined variable $member', 'C:\\xampp\\htdocs\\240102048\\app\\Views\\index.php', 20)
 2 SYSTEMPATH\View\View.php(226): include('C:\\xampp\\htdocs\\240102048\\app\\Views\\index.php')
 3 SYSTEMPATH\View\View.php(229): CodeIgniter\View\View->CodeIgniter\View\{closure}()
 4 SYSTEMPATH\Common.php(1167): CodeIgniter\View\View->render('index', [], true)
 5 APPPATH\Controllers\Pages.php(10): view('index')
 6 SYSTEMPATH\CodeIgniter.php(933): App\Controllers\Pages->index()
 7 SYSTEMPATH\CodeIgniter.php(507): CodeIgniter\CodeIgniter->runController(Object(App\Controllers\Pages))
 8 SYSTEMPATH\CodeIgniter.php(354): CodeIgniter\CodeIgniter->handleRequest(null, Object(Config\Cache), false)
 9 SYSTEMPATH\Boot.php(363): CodeIgniter\CodeIgniter->run()
10 SYSTEMPATH\Boot.php(68): CodeIgniter\Boot::runCodeIgniter(Object(CodeIgniter\CodeIgniter))
11 FCPATH\index.php(59): CodeIgniter\Boot::bootWeb(Object(Config\Paths))
12 SYSTEMPATH\rewrite.php(44): require_once('C:\\xampp\\htdocs\\240102048\\public\\index.php')
CRITICAL - 2025-10-01 08:29:21 --> ErrorException: Undefined variable $member
[Method: GET, Route: /]
in APPPATH\Views\index.php on line 20.
 1 APPPATH\Views\index.php(20): CodeIgniter\Debug\Exceptions->errorHandler(2, 'Undefined variable $member', 'C:\\xampp\\htdocs\\240102048\\app\\Views\\index.php', 20)
 2 SYSTEMPATH\View\View.php(226): include('C:\\xampp\\htdocs\\240102048\\app\\Views\\index.php')
 3 SYSTEMPATH\View\View.php(229): CodeIgniter\View\View->CodeIgniter\View\{closure}()
 4 SYSTEMPATH\Common.php(1167): CodeIgniter\View\View->render('index', [], true)
 5 APPPATH\Controllers\Pages.php(10): view('index')
 6 SYSTEMPATH\CodeIgniter.php(933): App\Controllers\Pages->index()
 7 SYSTEMPATH\CodeIgniter.php(507): CodeIgniter\CodeIgniter->runController(Object(App\Controllers\Pages))
 8 SYSTEMPATH\CodeIgniter.php(354): CodeIgniter\CodeIgniter->handleRequest(null, Object(Config\Cache), false)
 9 SYSTEMPATH\Boot.php(363): CodeIgniter\CodeIgniter->run()
10 SYSTEMPATH\Boot.php(68): CodeIgniter\Boot::runCodeIgniter(Object(CodeIgniter\CodeIgniter))
11 FCPATH\index.php(59): CodeIgniter\Boot::bootWeb(Object(Config\Paths))
12 SYSTEMPATH\rewrite.php(44): require_once('C:\\xampp\\htdocs\\240102048\\public\\index.php')
CRITICAL - 2025-10-01 08:29:21 --> ErrorException: Undefined variable $member
[Method: GET, Route: /]
in APPPATH\Views\index.php on line 20.
 1 APPPATH\Views\index.php(20): CodeIgniter\Debug\Exceptions->errorHandler(2, 'Undefined variable $member', 'C:\\xampp\\htdocs\\240102048\\app\\Views\\index.php', 20)
 2 SYSTEMPATH\View\View.php(226): include('C:\\xampp\\htdocs\\240102048\\app\\Views\\index.php')
 3 SYSTEMPATH\View\View.php(229): CodeIgniter\View\View->CodeIgniter\View\{closure}()
 4 SYSTEMPATH\Common.php(1167): CodeIgniter\View\View->render('index', [], true)
 5 APPPATH\Controllers\Pages.php(10): view('index')
 6 SYSTEMPATH\CodeIgniter.php(933): App\Controllers\Pages->index()
 7 SYSTEMPATH\CodeIgniter.php(507): CodeIgniter\CodeIgniter->runController(Object(App\Controllers\Pages))
 8 SYSTEMPATH\CodeIgniter.php(354): CodeIgniter\CodeIgniter->handleRequest(null, Object(Config\Cache), false)
 9 SYSTEMPATH\Boot.php(363): CodeIgniter\CodeIgniter->run()
10 SYSTEMPATH\Boot.php(68): CodeIgniter\Boot::runCodeIgniter(Object(CodeIgniter\CodeIgniter))
11 FCPATH\index.php(59): CodeIgniter\Boot::bootWeb(Object(Config\Paths))
12 SYSTEMPATH\rewrite.php(44): require_once('C:\\xampp\\htdocs\\240102048\\public\\index.php')
CRITICAL - 2025-10-01 08:29:25 --> CodeIgniter\View\Exceptions\ViewException: Invalid file: "member/index.php"
[Method: GET, Route: member]
in SYSTEMPATH\Exceptions\FrameworkException.php on line 39.
 1 SYSTEMPATH\View\View.php(214): CodeIgniter\Exceptions\FrameworkException::forInvalidFile('member/index.php')
 2 SYSTEMPATH\Common.php(1167): CodeIgniter\View\View->render('member/index', [], true)
 3 APPPATH\Controllers\Member.php(21): view('member/index', [...])
 4 SYSTEMPATH\CodeIgniter.php(933): App\Controllers\Member->index()
 5 SYSTEMPATH\CodeIgniter.php(507): CodeIgniter\CodeIgniter->runController(Object(App\Controllers\Member))
 6 SYSTEMPATH\CodeIgniter.php(354): CodeIgniter\CodeIgniter->handleRequest(null, Object(Config\Cache), false)
 7 SYSTEMPATH\Boot.php(363): CodeIgniter\CodeIgniter->run()
 8 SYSTEMPATH\Boot.php(68): CodeIgniter\Boot::runCodeIgniter(Object(CodeIgniter\CodeIgniter))
 9 FCPATH\index.php(59): CodeIgniter\Boot::bootWeb(Object(Config\Paths))
10 SYSTEMPATH\rewrite.php(44): require_once('C:\\xampp\\htdocs\\240102048\\public\\index.php')
CRITICAL - 2025-10-01 08:31:20 --> ErrorException: Undefined variable $member
[Method: GET, Route: /]
in APPPATH\Views\index.php on line 20.
 1 APPPATH\Views\index.php(20): CodeIgniter\Debug\Exceptions->errorHandler(2, 'Undefined variable $member', 'C:\\xampp\\htdocs\\240102048\\app\\Views\\index.php', 20)
 2 SYSTEMPATH\View\View.php(226): include('C:\\xampp\\htdocs\\240102048\\app\\Views\\index.php')
 3 SYSTEMPATH\View\View.php(229): CodeIgniter\View\View->CodeIgniter\View\{closure}()
 4 SYSTEMPATH\Common.php(1167): CodeIgniter\View\View->render('index', [], true)
 5 APPPATH\Controllers\Pages.php(10): view('index')
 6 SYSTEMPATH\CodeIgniter.php(933): App\Controllers\Pages->index()
 7 SYSTEMPATH\CodeIgniter.php(507): CodeIgniter\CodeIgniter->runController(Object(App\Controllers\Pages))
 8 SYSTEMPATH\CodeIgniter.php(354): CodeIgniter\CodeIgniter->handleRequest(null, Object(Config\Cache), false)
 9 SYSTEMPATH\Boot.php(363): CodeIgniter\CodeIgniter->run()
10 SYSTEMPATH\Boot.php(68): CodeIgniter\Boot::runCodeIgniter(Object(CodeIgniter\CodeIgniter))
11 FCPATH\index.php(59): CodeIgniter\Boot::bootWeb(Object(Config\Paths))
12 SYSTEMPATH\rewrite.php(44): require_once('C:\\xampp\\htdocs\\240102048\\public\\index.php')
CRITICAL - 2025-10-01 08:31:21 --> ErrorException: Undefined variable $member
[Method: GET, Route: /]
in APPPATH\Views\index.php on line 20.
 1 APPPATH\Views\index.php(20): CodeIgniter\Debug\Exceptions->errorHandler(2, 'Undefined variable $member', 'C:\\xampp\\htdocs\\240102048\\app\\Views\\index.php', 20)
 2 SYSTEMPATH\View\View.php(226): include('C:\\xampp\\htdocs\\240102048\\app\\Views\\index.php')
 3 SYSTEMPATH\View\View.php(229): CodeIgniter\View\View->CodeIgniter\View\{closure}()
 4 SYSTEMPATH\Common.php(1167): CodeIgniter\View\View->render('index', [], true)
 5 APPPATH\Controllers\Pages.php(10): view('index')
 6 SYSTEMPATH\CodeIgniter.php(933): App\Controllers\Pages->index()
 7 SYSTEMPATH\CodeIgniter.php(507): CodeIgniter\CodeIgniter->runController(Object(App\Controllers\Pages))
 8 SYSTEMPATH\CodeIgniter.php(354): CodeIgniter\CodeIgniter->handleRequest(null, Object(Config\Cache), false)
 9 SYSTEMPATH\Boot.php(363): CodeIgniter\CodeIgniter->run()
10 SYSTEMPATH\Boot.php(68): CodeIgniter\Boot::runCodeIgniter(Object(CodeIgniter\CodeIgniter))
11 FCPATH\index.php(59): CodeIgniter\Boot::bootWeb(Object(Config\Paths))
12 SYSTEMPATH\rewrite.php(44): require_once('C:\\xampp\\htdocs\\240102048\\public\\index.php')
CRITICAL - 2025-10-01 08:31:21 --> ErrorException: Undefined variable $member
[Method: GET, Route: /]
in APPPATH\Views\index.php on line 20.
 1 APPPATH\Views\index.php(20): CodeIgniter\Debug\Exceptions->errorHandler(2, 'Undefined variable $member', 'C:\\xampp\\htdocs\\240102048\\app\\Views\\index.php', 20)
 2 SYSTEMPATH\View\View.php(226): include('C:\\xampp\\htdocs\\240102048\\app\\Views\\index.php')
 3 SYSTEMPATH\View\View.php(229): CodeIgniter\View\View->CodeIgniter\View\{closure}()
 4 SYSTEMPATH\Common.php(1167): CodeIgniter\View\View->render('index', [], true)
 5 APPPATH\Controllers\Pages.php(10): view('index')
 6 SYSTEMPATH\CodeIgniter.php(933): App\Controllers\Pages->index()
 7 SYSTEMPATH\CodeIgniter.php(507): CodeIgniter\CodeIgniter->runController(Object(App\Controllers\Pages))
 8 SYSTEMPATH\CodeIgniter.php(354): CodeIgniter\CodeIgniter->handleRequest(null, Object(Config\Cache), false)
 9 SYSTEMPATH\Boot.php(363): CodeIgniter\CodeIgniter->run()
10 SYSTEMPATH\Boot.php(68): CodeIgniter\Boot::runCodeIgniter(Object(CodeIgniter\CodeIgniter))
11 FCPATH\index.php(59): CodeIgniter\Boot::bootWeb(Object(Config\Paths))
12 SYSTEMPATH\rewrite.php(44): require_once('C:\\xampp\\htdocs\\240102048\\public\\index.php')
CRITICAL - 2025-10-01 08:31:21 --> ErrorException: Undefined variable $member
[Method: GET, Route: /]
in APPPATH\Views\index.php on line 20.
 1 APPPATH\Views\index.php(20): CodeIgniter\Debug\Exceptions->errorHandler(2, 'Undefined variable $member', 'C:\\xampp\\htdocs\\240102048\\app\\Views\\index.php', 20)
 2 SYSTEMPATH\View\View.php(226): include('C:\\xampp\\htdocs\\240102048\\app\\Views\\index.php')
 3 SYSTEMPATH\View\View.php(229): CodeIgniter\View\View->CodeIgniter\View\{closure}()
 4 SYSTEMPATH\Common.php(1167): CodeIgniter\View\View->render('index', [], true)
 5 APPPATH\Controllers\Pages.php(10): view('index')
 6 SYSTEMPATH\CodeIgniter.php(933): App\Controllers\Pages->index()
 7 SYSTEMPATH\CodeIgniter.php(507): CodeIgniter\CodeIgniter->runController(Object(App\Controllers\Pages))
 8 SYSTEMPATH\CodeIgniter.php(354): CodeIgniter\CodeIgniter->handleRequest(null, Object(Config\Cache), false)
 9 SYSTEMPATH\Boot.php(363): CodeIgniter\CodeIgniter->run()
10 SYSTEMPATH\Boot.php(68): CodeIgniter\Boot::runCodeIgniter(Object(CodeIgniter\CodeIgniter))
11 FCPATH\index.php(59): CodeIgniter\Boot::bootWeb(Object(Config\Paths))
12 SYSTEMPATH\rewrite.php(44): require_once('C:\\xampp\\htdocs\\240102048\\public\\index.php')
CRITICAL - 2025-10-01 08:31:40 --> ErrorException: Undefined variable $buku
[Method: GET, Route: /]
in APPPATH\Views\index.php on line 20.
 1 APPPATH\Views\index.php(20): CodeIgniter\Debug\Exceptions->errorHandler(2, 'Undefined variable $buku', 'C:\\xampp\\htdocs\\240102048\\app\\Views\\index.php', 20)
 2 SYSTEMPATH\View\View.php(226): include('C:\\xampp\\htdocs\\240102048\\app\\Views\\index.php')
 3 SYSTEMPATH\View\View.php(229): CodeIgniter\View\View->CodeIgniter\View\{closure}()
 4 SYSTEMPATH\Common.php(1167): CodeIgniter\View\View->render('index', [], true)
 5 APPPATH\Controllers\Pages.php(10): view('index')
 6 SYSTEMPATH\CodeIgniter.php(933): App\Controllers\Pages->index()
 7 SYSTEMPATH\CodeIgniter.php(507): CodeIgniter\CodeIgniter->runController(Object(App\Controllers\Pages))
 8 SYSTEMPATH\CodeIgniter.php(354): CodeIgniter\CodeIgniter->handleRequest(null, Object(Config\Cache), false)
 9 SYSTEMPATH\Boot.php(363): CodeIgniter\CodeIgniter->run()
10 SYSTEMPATH\Boot.php(68): CodeIgniter\Boot::runCodeIgniter(Object(CodeIgniter\CodeIgniter))
11 FCPATH\index.php(59): CodeIgniter\Boot::bootWeb(Object(Config\Paths))
12 SYSTEMPATH\rewrite.php(44): require_once('C:\\xampp\\htdocs\\240102048\\public\\index.php')
CRITICAL - 2025-10-01 08:31:40 --> ErrorException: Undefined variable $buku
[Method: GET, Route: /]
in APPPATH\Views\index.php on line 20.
 1 APPPATH\Views\index.php(20): CodeIgniter\Debug\Exceptions->errorHandler(2, 'Undefined variable $buku', 'C:\\xampp\\htdocs\\240102048\\app\\Views\\index.php', 20)
 2 SYSTEMPATH\View\View.php(226): include('C:\\xampp\\htdocs\\240102048\\app\\Views\\index.php')
 3 SYSTEMPATH\View\View.php(229): CodeIgniter\View\View->CodeIgniter\View\{closure}()
 4 SYSTEMPATH\Common.php(1167): CodeIgniter\View\View->render('index', [], true)
 5 APPPATH\Controllers\Pages.php(10): view('index')
 6 SYSTEMPATH\CodeIgniter.php(933): App\Controllers\Pages->index()
 7 SYSTEMPATH\CodeIgniter.php(507): CodeIgniter\CodeIgniter->runController(Object(App\Controllers\Pages))
 8 SYSTEMPATH\CodeIgniter.php(354): CodeIgniter\CodeIgniter->handleRequest(null, Object(Config\Cache), false)
 9 SYSTEMPATH\Boot.php(363): CodeIgniter\CodeIgniter->run()
10 SYSTEMPATH\Boot.php(68): CodeIgniter\Boot::runCodeIgniter(Object(CodeIgniter\CodeIgniter))
11 FCPATH\index.php(59): CodeIgniter\Boot::bootWeb(Object(Config\Paths))
12 SYSTEMPATH\rewrite.php(44): require_once('C:\\xampp\\htdocs\\240102048\\public\\index.php')
CRITICAL - 2025-10-01 08:31:47 --> ErrorException: Undefined variable $member
[Method: GET, Route: /]
in APPPATH\Views\index.php on line 20.
 1 APPPATH\Views\index.php(20): CodeIgniter\Debug\Exceptions->errorHandler(2, 'Undefined variable $member', 'C:\\xampp\\htdocs\\240102048\\app\\Views\\index.php', 20)
 2 SYSTEMPATH\View\View.php(226): include('C:\\xampp\\htdocs\\240102048\\app\\Views\\index.php')
 3 SYSTEMPATH\View\View.php(229): CodeIgniter\View\View->CodeIgniter\View\{closure}()
 4 SYSTEMPATH\Common.php(1167): CodeIgniter\View\View->render('index', [], true)
 5 APPPATH\Controllers\Pages.php(10): view('index')
 6 SYSTEMPATH\CodeIgniter.php(933): App\Controllers\Pages->index()
 7 SYSTEMPATH\CodeIgniter.php(507): CodeIgniter\CodeIgniter->runController(Object(App\Controllers\Pages))
 8 SYSTEMPATH\CodeIgniter.php(354): CodeIgniter\CodeIgniter->handleRequest(null, Object(Config\Cache), false)
 9 SYSTEMPATH\Boot.php(363): CodeIgniter\CodeIgniter->run()
10 SYSTEMPATH\Boot.php(68): CodeIgniter\Boot::runCodeIgniter(Object(CodeIgniter\CodeIgniter))
11 FCPATH\index.php(59): CodeIgniter\Boot::bootWeb(Object(Config\Paths))
12 SYSTEMPATH\rewrite.php(44): require_once('C:\\xampp\\htdocs\\240102048\\public\\index.php')
CRITICAL - 2025-10-01 08:31:48 --> ErrorException: Undefined variable $member
[Method: GET, Route: /]
in APPPATH\Views\index.php on line 20.
 1 APPPATH\Views\index.php(20): CodeIgniter\Debug\Exceptions->errorHandler(2, 'Undefined variable $member', 'C:\\xampp\\htdocs\\240102048\\app\\Views\\index.php', 20)
 2 SYSTEMPATH\View\View.php(226): include('C:\\xampp\\htdocs\\240102048\\app\\Views\\index.php')
 3 SYSTEMPATH\View\View.php(229): CodeIgniter\View\View->CodeIgniter\View\{closure}()
 4 SYSTEMPATH\Common.php(1167): CodeIgniter\View\View->render('index', [], true)
 5 APPPATH\Controllers\Pages.php(10): view('index')
 6 SYSTEMPATH\CodeIgniter.php(933): App\Controllers\Pages->index()
 7 SYSTEMPATH\CodeIgniter.php(507): CodeIgniter\CodeIgniter->runController(Object(App\Controllers\Pages))
 8 SYSTEMPATH\CodeIgniter.php(354): CodeIgniter\CodeIgniter->handleRequest(null, Object(Config\Cache), false)
 9 SYSTEMPATH\Boot.php(363): CodeIgniter\CodeIgniter->run()
10 SYSTEMPATH\Boot.php(68): CodeIgniter\Boot::runCodeIgniter(Object(CodeIgniter\CodeIgniter))
11 FCPATH\index.php(59): CodeIgniter\Boot::bootWeb(Object(Config\Paths))
12 SYSTEMPATH\rewrite.php(44): require_once('C:\\xampp\\htdocs\\240102048\\public\\index.php')
DEBUG - 2025-10-01 08:32:15 --> Session: Class initialized using 'CodeIgniter\Session\Handlers\FileHandler' driver.
CRITICAL - 2025-10-01 08:32:15 --> ErrorException: Undefined variable $current
[Method: GET, Route: /]
in APPPATH\Views\index.php on line 30.
 1 APPPATH\Views\index.php(30): CodeIgniter\Debug\Exceptions->errorHandler(2, 'Undefined variable $current', 'C:\\xampp\\htdocs\\240102048\\app\\Views\\index.php', 30)
 2 SYSTEMPATH\View\View.php(226): include('C:\\xampp\\htdocs\\240102048\\app\\Views\\index.php')
 3 SYSTEMPATH\View\View.php(229): CodeIgniter\View\View->CodeIgniter\View\{closure}()
 4 SYSTEMPATH\Common.php(1167): CodeIgniter\View\View->render('index', [], true)
 5 APPPATH\Controllers\Pages.php(10): view('index')
 6 SYSTEMPATH\CodeIgniter.php(933): App\Controllers\Pages->index()
 7 SYSTEMPATH\CodeIgniter.php(507): CodeIgniter\CodeIgniter->runController(Object(App\Controllers\Pages))
 8 SYSTEMPATH\CodeIgniter.php(354): CodeIgniter\CodeIgniter->handleRequest(null, Object(Config\Cache), false)
 9 SYSTEMPATH\Boot.php(363): CodeIgniter\CodeIgniter->run()
10 SYSTEMPATH\Boot.php(68): CodeIgniter\Boot::runCodeIgniter(Object(CodeIgniter\CodeIgniter))
11 FCPATH\index.php(59): CodeIgniter\Boot::bootWeb(Object(Config\Paths))
12 SYSTEMPATH\rewrite.php(44): require_once('C:\\xampp\\htdocs\\240102048\\public\\index.php')
DEBUG - 2025-10-01 08:32:21 --> Session: Class initialized using 'CodeIgniter\Session\Handlers\FileHandler' driver.
CRITICAL - 2025-10-01 08:32:21 --> ErrorException: Undefined variable $member
[Method: GET, Route: /]
in APPPATH\Views\index.php on line 30.
 1 APPPATH\Views\index.php(30): CodeIgniter\Debug\Exceptions->errorHandler(2, 'Undefined variable $member', 'C:\\xampp\\htdocs\\240102048\\app\\Views\\index.php', 30)
 2 SYSTEMPATH\View\View.php(226): include('C:\\xampp\\htdocs\\240102048\\app\\Views\\index.php')
 3 SYSTEMPATH\View\View.php(229): CodeIgniter\View\View->CodeIgniter\View\{closure}()
 4 SYSTEMPATH\Common.php(1167): CodeIgniter\View\View->render('index', [], true)
 5 APPPATH\Controllers\Pages.php(10): view('index')
 6 SYSTEMPATH\CodeIgniter.php(933): App\Controllers\Pages->index()
 7 SYSTEMPATH\CodeIgniter.php(507): CodeIgniter\CodeIgniter->runController(Object(App\Controllers\Pages))
 8 SYSTEMPATH\CodeIgniter.php(354): CodeIgniter\CodeIgniter->handleRequest(null, Object(Config\Cache), false)
 9 SYSTEMPATH\Boot.php(363): CodeIgniter\CodeIgniter->run()
10 SYSTEMPATH\Boot.php(68): CodeIgniter\Boot::runCodeIgniter(Object(CodeIgniter\CodeIgniter))
11 FCPATH\index.php(59): CodeIgniter\Boot::bootWeb(Object(Config\Paths))
12 SYSTEMPATH\rewrite.php(44): require_once('C:\\xampp\\htdocs\\240102048\\public\\index.php')
DEBUG - 2025-10-01 08:32:22 --> Session: Class initialized using 'CodeIgniter\Session\Handlers\FileHandler' driver.
CRITICAL - 2025-10-01 08:32:22 --> ErrorException: Undefined variable $member
[Method: GET, Route: /]
in APPPATH\Views\index.php on line 30.
 1 APPPATH\Views\index.php(30): CodeIgniter\Debug\Exceptions->errorHandler(2, 'Undefined variable $member', 'C:\\xampp\\htdocs\\240102048\\app\\Views\\index.php', 30)
 2 SYSTEMPATH\View\View.php(226): include('C:\\xampp\\htdocs\\240102048\\app\\Views\\index.php')
 3 SYSTEMPATH\View\View.php(229): CodeIgniter\View\View->CodeIgniter\View\{closure}()
 4 SYSTEMPATH\Common.php(1167): CodeIgniter\View\View->render('index', [], true)
 5 APPPATH\Controllers\Pages.php(10): view('index')
 6 SYSTEMPATH\CodeIgniter.php(933): App\Controllers\Pages->index()
 7 SYSTEMPATH\CodeIgniter.php(507): CodeIgniter\CodeIgniter->runController(Object(App\Controllers\Pages))
 8 SYSTEMPATH\CodeIgniter.php(354): CodeIgniter\CodeIgniter->handleRequest(null, Object(Config\Cache), false)
 9 SYSTEMPATH\Boot.php(363): CodeIgniter\CodeIgniter->run()
10 SYSTEMPATH\Boot.php(68): CodeIgniter\Boot::runCodeIgniter(Object(CodeIgniter\CodeIgniter))
11 FCPATH\index.php(59): CodeIgniter\Boot::bootWeb(Object(Config\Paths))
12 SYSTEMPATH\rewrite.php(44): require_once('C:\\xampp\\htdocs\\240102048\\public\\index.php')
DEBUG - 2025-10-01 08:32:22 --> Session: Class initialized using 'CodeIgniter\Session\Handlers\FileHandler' driver.
CRITICAL - 2025-10-01 08:32:22 --> ErrorException: Undefined variable $member
[Method: GET, Route: /]
in APPPATH\Views\index.php on line 30.
 1 APPPATH\Views\index.php(30): CodeIgniter\Debug\Exceptions->errorHandler(2, 'Undefined variable $member', 'C:\\xampp\\htdocs\\240102048\\app\\Views\\index.php', 30)
 2 SYSTEMPATH\View\View.php(226): include('C:\\xampp\\htdocs\\240102048\\app\\Views\\index.php')
 3 SYSTEMPATH\View\View.php(229): CodeIgniter\View\View->CodeIgniter\View\{closure}()
 4 SYSTEMPATH\Common.php(1167): CodeIgniter\View\View->render('index', [], true)
 5 APPPATH\Controllers\Pages.php(10): view('index')
 6 SYSTEMPATH\CodeIgniter.php(933): App\Controllers\Pages->index()
 7 SYSTEMPATH\CodeIgniter.php(507): CodeIgniter\CodeIgniter->runController(Object(App\Controllers\Pages))
 8 SYSTEMPATH\CodeIgniter.php(354): CodeIgniter\CodeIgniter->handleRequest(null, Object(Config\Cache), false)
 9 SYSTEMPATH\Boot.php(363): CodeIgniter\CodeIgniter->run()
10 SYSTEMPATH\Boot.php(68): CodeIgniter\Boot::runCodeIgniter(Object(CodeIgniter\CodeIgniter))
11 FCPATH\index.php(59): CodeIgniter\Boot::bootWeb(Object(Config\Paths))
12 SYSTEMPATH\rewrite.php(44): require_once('C:\\xampp\\htdocs\\240102048\\public\\index.php')
DEBUG - 2025-10-01 08:32:22 --> Session: Class initialized using 'CodeIgniter\Session\Handlers\FileHandler' driver.
CRITICAL - 2025-10-01 08:32:22 --> ErrorException: Undefined variable $member
[Method: GET, Route: /]
in APPPATH\Views\index.php on line 30.
 1 APPPATH\Views\index.php(30): CodeIgniter\Debug\Exceptions->errorHandler(2, 'Undefined variable $member', 'C:\\xampp\\htdocs\\240102048\\app\\Views\\index.php', 30)
 2 SYSTEMPATH\View\View.php(226): include('C:\\xampp\\htdocs\\240102048\\app\\Views\\index.php')
 3 SYSTEMPATH\View\View.php(229): CodeIgniter\View\View->CodeIgniter\View\{closure}()
 4 SYSTEMPATH\Common.php(1167): CodeIgniter\View\View->render('index', [], true)
 5 APPPATH\Controllers\Pages.php(10): view('index')
 6 SYSTEMPATH\CodeIgniter.php(933): App\Controllers\Pages->index()
 7 SYSTEMPATH\CodeIgniter.php(507): CodeIgniter\CodeIgniter->runController(Object(App\Controllers\Pages))
 8 SYSTEMPATH\CodeIgniter.php(354): CodeIgniter\CodeIgniter->handleRequest(null, Object(Config\Cache), false)
 9 SYSTEMPATH\Boot.php(363): CodeIgniter\CodeIgniter->run()
10 SYSTEMPATH\Boot.php(68): CodeIgniter\Boot::runCodeIgniter(Object(CodeIgniter\CodeIgniter))
11 FCPATH\index.php(59): CodeIgniter\Boot::bootWeb(Object(Config\Paths))
12 SYSTEMPATH\rewrite.php(44): require_once('C:\\xampp\\htdocs\\240102048\\public\\index.php')
DEBUG - 2025-10-01 08:32:22 --> Session: Class initialized using 'CodeIgniter\Session\Handlers\FileHandler' driver.
CRITICAL - 2025-10-01 08:32:22 --> ErrorException: Undefined variable $member
[Method: GET, Route: /]
in APPPATH\Views\index.php on line 30.
 1 APPPATH\Views\index.php(30): CodeIgniter\Debug\Exceptions->errorHandler(2, 'Undefined variable $member', 'C:\\xampp\\htdocs\\240102048\\app\\Views\\index.php', 30)
 2 SYSTEMPATH\View\View.php(226): include('C:\\xampp\\htdocs\\240102048\\app\\Views\\index.php')
 3 SYSTEMPATH\View\View.php(229): CodeIgniter\View\View->CodeIgniter\View\{closure}()
 4 SYSTEMPATH\Common.php(1167): CodeIgniter\View\View->render('index', [], true)
 5 APPPATH\Controllers\Pages.php(10): view('index')
 6 SYSTEMPATH\CodeIgniter.php(933): App\Controllers\Pages->index()
 7 SYSTEMPATH\CodeIgniter.php(507): CodeIgniter\CodeIgniter->runController(Object(App\Controllers\Pages))
 8 SYSTEMPATH\CodeIgniter.php(354): CodeIgniter\CodeIgniter->handleRequest(null, Object(Config\Cache), false)
 9 SYSTEMPATH\Boot.php(363): CodeIgniter\CodeIgniter->run()
10 SYSTEMPATH\Boot.php(68): CodeIgniter\Boot::runCodeIgniter(Object(CodeIgniter\CodeIgniter))
11 FCPATH\index.php(59): CodeIgniter\Boot::bootWeb(Object(Config\Paths))
12 SYSTEMPATH\rewrite.php(44): require_once('C:\\xampp\\htdocs\\240102048\\public\\index.php')
CRITICAL - 2025-10-01 08:34:42 --> ErrorException: Undefined variable $member
[Method: GET, Route: /]
in APPPATH\Views\index.php on line 20.
 1 APPPATH\Views\index.php(20): CodeIgniter\Debug\Exceptions->errorHandler(2, 'Undefined variable $member', 'C:\\xampp\\htdocs\\240102048\\app\\Views\\index.php', 20)
 2 SYSTEMPATH\View\View.php(226): include('C:\\xampp\\htdocs\\240102048\\app\\Views\\index.php')
 3 SYSTEMPATH\View\View.php(229): CodeIgniter\View\View->CodeIgniter\View\{closure}()
 4 SYSTEMPATH\Common.php(1167): CodeIgniter\View\View->render('index', [], true)
 5 APPPATH\Controllers\Pages.php(10): view('index')
 6 SYSTEMPATH\CodeIgniter.php(933): App\Controllers\Pages->index()
 7 SYSTEMPATH\CodeIgniter.php(507): CodeIgniter\CodeIgniter->runController(Object(App\Controllers\Pages))
 8 SYSTEMPATH\CodeIgniter.php(354): CodeIgniter\CodeIgniter->handleRequest(null, Object(Config\Cache), false)
 9 SYSTEMPATH\Boot.php(363): CodeIgniter\CodeIgniter->run()
10 SYSTEMPATH\Boot.php(68): CodeIgniter\Boot::runCodeIgniter(Object(CodeIgniter\CodeIgniter))
11 FCPATH\index.php(59): CodeIgniter\Boot::bootWeb(Object(Config\Paths))
12 SYSTEMPATH\rewrite.php(44): require_once('C:\\xampp\\htdocs\\240102048\\public\\index.php')
CRITICAL - 2025-10-01 08:34:42 --> ErrorException: Undefined variable $member
[Method: GET, Route: /]
in APPPATH\Views\index.php on line 20.
 1 APPPATH\Views\index.php(20): CodeIgniter\Debug\Exceptions->errorHandler(2, 'Undefined variable $member', 'C:\\xampp\\htdocs\\240102048\\app\\Views\\index.php', 20)
 2 SYSTEMPATH\View\View.php(226): include('C:\\xampp\\htdocs\\240102048\\app\\Views\\index.php')
 3 SYSTEMPATH\View\View.php(229): CodeIgniter\View\View->CodeIgniter\View\{closure}()
 4 SYSTEMPATH\Common.php(1167): CodeIgniter\View\View->render('index', [], true)
 5 APPPATH\Controllers\Pages.php(10): view('index')
 6 SYSTEMPATH\CodeIgniter.php(933): App\Controllers\Pages->index()
 7 SYSTEMPATH\CodeIgniter.php(507): CodeIgniter\CodeIgniter->runController(Object(App\Controllers\Pages))
 8 SYSTEMPATH\CodeIgniter.php(354): CodeIgniter\CodeIgniter->handleRequest(null, Object(Config\Cache), false)
 9 SYSTEMPATH\Boot.php(363): CodeIgniter\CodeIgniter->run()
10 SYSTEMPATH\Boot.php(68): CodeIgniter\Boot::runCodeIgniter(Object(CodeIgniter\CodeIgniter))
11 FCPATH\index.php(59): CodeIgniter\Boot::bootWeb(Object(Config\Paths))
12 SYSTEMPATH\rewrite.php(44): require_once('C:\\xampp\\htdocs\\240102048\\public\\index.php')
CRITICAL - 2025-10-01 08:34:43 --> ErrorException: Undefined variable $member
[Method: GET, Route: /]
in APPPATH\Views\index.php on line 20.
 1 APPPATH\Views\index.php(20): CodeIgniter\Debug\Exceptions->errorHandler(2, 'Undefined variable $member', 'C:\\xampp\\htdocs\\240102048\\app\\Views\\index.php', 20)
 2 SYSTEMPATH\View\View.php(226): include('C:\\xampp\\htdocs\\240102048\\app\\Views\\index.php')
 3 SYSTEMPATH\View\View.php(229): CodeIgniter\View\View->CodeIgniter\View\{closure}()
 4 SYSTEMPATH\Common.php(1167): CodeIgniter\View\View->render('index', [], true)
 5 APPPATH\Controllers\Pages.php(10): view('index')
 6 SYSTEMPATH\CodeIgniter.php(933): App\Controllers\Pages->index()
 7 SYSTEMPATH\CodeIgniter.php(507): CodeIgniter\CodeIgniter->runController(Object(App\Controllers\Pages))
 8 SYSTEMPATH\CodeIgniter.php(354): CodeIgniter\CodeIgniter->handleRequest(null, Object(Config\Cache), false)
 9 SYSTEMPATH\Boot.php(363): CodeIgniter\CodeIgniter->run()
10 SYSTEMPATH\Boot.php(68): CodeIgniter\Boot::runCodeIgniter(Object(CodeIgniter\CodeIgniter))
11 FCPATH\index.php(59): CodeIgniter\Boot::bootWeb(Object(Config\Paths))
12 SYSTEMPATH\rewrite.php(44): require_once('C:\\xampp\\htdocs\\240102048\\public\\index.php')
CRITICAL - 2025-10-01 08:35:39 --> ErrorException: Undefined variable $member
[Method: GET, Route: /]
in APPPATH\Views\index.php on line 20.
 1 APPPATH\Views\index.php(20): CodeIgniter\Debug\Exceptions->errorHandler(2, 'Undefined variable $member', 'C:\\xampp\\htdocs\\240102048\\app\\Views\\index.php', 20)
 2 SYSTEMPATH\View\View.php(226): include('C:\\xampp\\htdocs\\240102048\\app\\Views\\index.php')
 3 SYSTEMPATH\View\View.php(229): CodeIgniter\View\View->CodeIgniter\View\{closure}()
 4 SYSTEMPATH\Common.php(1167): CodeIgniter\View\View->render('index', [], true)
 5 APPPATH\Controllers\Pages.php(10): view('index')
 6 SYSTEMPATH\CodeIgniter.php(933): App\Controllers\Pages->index()
 7 SYSTEMPATH\CodeIgniter.php(507): CodeIgniter\CodeIgniter->runController(Object(App\Controllers\Pages))
 8 SYSTEMPATH\CodeIgniter.php(354): CodeIgniter\CodeIgniter->handleRequest(null, Object(Config\Cache), false)
 9 SYSTEMPATH\Boot.php(363): CodeIgniter\CodeIgniter->run()
10 SYSTEMPATH\Boot.php(68): CodeIgniter\Boot::runCodeIgniter(Object(CodeIgniter\CodeIgniter))
11 FCPATH\index.php(59): CodeIgniter\Boot::bootWeb(Object(Config\Paths))
12 SYSTEMPATH\rewrite.php(44): require_once('C:\\xampp\\htdocs\\240102048\\public\\index.php')
CRITICAL - 2025-10-01 08:35:40 --> ErrorException: Undefined variable $member
[Method: GET, Route: /]
in APPPATH\Views\index.php on line 20.
 1 APPPATH\Views\index.php(20): CodeIgniter\Debug\Exceptions->errorHandler(2, 'Undefined variable $member', 'C:\\xampp\\htdocs\\240102048\\app\\Views\\index.php', 20)
 2 SYSTEMPATH\View\View.php(226): include('C:\\xampp\\htdocs\\240102048\\app\\Views\\index.php')
 3 SYSTEMPATH\View\View.php(229): CodeIgniter\View\View->CodeIgniter\View\{closure}()
 4 SYSTEMPATH\Common.php(1167): CodeIgniter\View\View->render('index', [], true)
 5 APPPATH\Controllers\Pages.php(10): view('index')
 6 SYSTEMPATH\CodeIgniter.php(933): App\Controllers\Pages->index()
 7 SYSTEMPATH\CodeIgniter.php(507): CodeIgniter\CodeIgniter->runController(Object(App\Controllers\Pages))
 8 SYSTEMPATH\CodeIgniter.php(354): CodeIgniter\CodeIgniter->handleRequest(null, Object(Config\Cache), false)
 9 SYSTEMPATH\Boot.php(363): CodeIgniter\CodeIgniter->run()
10 SYSTEMPATH\Boot.php(68): CodeIgniter\Boot::runCodeIgniter(Object(CodeIgniter\CodeIgniter))
11 FCPATH\index.php(59): CodeIgniter\Boot::bootWeb(Object(Config\Paths))
12 SYSTEMPATH\rewrite.php(44): require_once('C:\\xampp\\htdocs\\240102048\\public\\index.php')
CRITICAL - 2025-10-01 08:35:40 --> ErrorException: Undefined variable $member
[Method: GET, Route: /]
in APPPATH\Views\index.php on line 20.
 1 APPPATH\Views\index.php(20): CodeIgniter\Debug\Exceptions->errorHandler(2, 'Undefined variable $member', 'C:\\xampp\\htdocs\\240102048\\app\\Views\\index.php', 20)
 2 SYSTEMPATH\View\View.php(226): include('C:\\xampp\\htdocs\\240102048\\app\\Views\\index.php')
 3 SYSTEMPATH\View\View.php(229): CodeIgniter\View\View->CodeIgniter\View\{closure}()
 4 SYSTEMPATH\Common.php(1167): CodeIgniter\View\View->render('index', [], true)
 5 APPPATH\Controllers\Pages.php(10): view('index')
 6 SYSTEMPATH\CodeIgniter.php(933): App\Controllers\Pages->index()
 7 SYSTEMPATH\CodeIgniter.php(507): CodeIgniter\CodeIgniter->runController(Object(App\Controllers\Pages))
 8 SYSTEMPATH\CodeIgniter.php(354): CodeIgniter\CodeIgniter->handleRequest(null, Object(Config\Cache), false)
 9 SYSTEMPATH\Boot.php(363): CodeIgniter\CodeIgniter->run()
10 SYSTEMPATH\Boot.php(68): CodeIgniter\Boot::runCodeIgniter(Object(CodeIgniter\CodeIgniter))
11 FCPATH\index.php(59): CodeIgniter\Boot::bootWeb(Object(Config\Paths))
12 SYSTEMPATH\rewrite.php(44): require_once('C:\\xampp\\htdocs\\240102048\\public\\index.php')
CRITICAL - 2025-10-01 08:35:40 --> ErrorException: Undefined variable $member
[Method: GET, Route: /]
in APPPATH\Views\index.php on line 20.
 1 APPPATH\Views\index.php(20): CodeIgniter\Debug\Exceptions->errorHandler(2, 'Undefined variable $member', 'C:\\xampp\\htdocs\\240102048\\app\\Views\\index.php', 20)
 2 SYSTEMPATH\View\View.php(226): include('C:\\xampp\\htdocs\\240102048\\app\\Views\\index.php')
 3 SYSTEMPATH\View\View.php(229): CodeIgniter\View\View->CodeIgniter\View\{closure}()
 4 SYSTEMPATH\Common.php(1167): CodeIgniter\View\View->render('index', [], true)
 5 APPPATH\Controllers\Pages.php(10): view('index')
 6 SYSTEMPATH\CodeIgniter.php(933): App\Controllers\Pages->index()
 7 SYSTEMPATH\CodeIgniter.php(507): CodeIgniter\CodeIgniter->runController(Object(App\Controllers\Pages))
 8 SYSTEMPATH\CodeIgniter.php(354): CodeIgniter\CodeIgniter->handleRequest(null, Object(Config\Cache), false)
 9 SYSTEMPATH\Boot.php(363): CodeIgniter\CodeIgniter->run()
10 SYSTEMPATH\Boot.php(68): CodeIgniter\Boot::runCodeIgniter(Object(CodeIgniter\CodeIgniter))
11 FCPATH\index.php(59): CodeIgniter\Boot::bootWeb(Object(Config\Paths))
12 SYSTEMPATH\rewrite.php(44): require_once('C:\\xampp\\htdocs\\240102048\\public\\index.php')
CRITICAL - 2025-10-01 08:35:41 --> ErrorException: Undefined variable $member
[Method: GET, Route: /]
in APPPATH\Views\index.php on line 20.
 1 APPPATH\Views\index.php(20): CodeIgniter\Debug\Exceptions->errorHandler(2, 'Undefined variable $member', 'C:\\xampp\\htdocs\\240102048\\app\\Views\\index.php', 20)
 2 SYSTEMPATH\View\View.php(226): include('C:\\xampp\\htdocs\\240102048\\app\\Views\\index.php')
 3 SYSTEMPATH\View\View.php(229): CodeIgniter\View\View->CodeIgniter\View\{closure}()
 4 SYSTEMPATH\Common.php(1167): CodeIgniter\View\View->render('index', [], true)
 5 APPPATH\Controllers\Pages.php(10): view('index')
 6 SYSTEMPATH\CodeIgniter.php(933): App\Controllers\Pages->index()
 7 SYSTEMPATH\CodeIgniter.php(507): CodeIgniter\CodeIgniter->runController(Object(App\Controllers\Pages))
 8 SYSTEMPATH\CodeIgniter.php(354): CodeIgniter\CodeIgniter->handleRequest(null, Object(Config\Cache), false)
 9 SYSTEMPATH\Boot.php(363): CodeIgniter\CodeIgniter->run()
10 SYSTEMPATH\Boot.php(68): CodeIgniter\Boot::runCodeIgniter(Object(CodeIgniter\CodeIgniter))
11 FCPATH\index.php(59): CodeIgniter\Boot::bootWeb(Object(Config\Paths))
12 SYSTEMPATH\rewrite.php(44): require_once('C:\\xampp\\htdocs\\240102048\\public\\index.php')
CRITICAL - 2025-10-01 08:36:10 --> ErrorException: Undefined variable $member
[Method: GET, Route: /]
in APPPATH\Views\index.php on line 20.
 1 APPPATH\Views\index.php(20): CodeIgniter\Debug\Exceptions->errorHandler(2, 'Undefined variable $member', 'C:\\xampp\\htdocs\\240102048\\app\\Views\\index.php', 20)
 2 SYSTEMPATH\View\View.php(226): include('C:\\xampp\\htdocs\\240102048\\app\\Views\\index.php')
 3 SYSTEMPATH\View\View.php(229): CodeIgniter\View\View->CodeIgniter\View\{closure}()
 4 SYSTEMPATH\Common.php(1167): CodeIgniter\View\View->render('index', [], true)
 5 APPPATH\Controllers\Pages.php(10): view('index')
 6 SYSTEMPATH\CodeIgniter.php(933): App\Controllers\Pages->index()
 7 SYSTEMPATH\CodeIgniter.php(507): CodeIgniter\CodeIgniter->runController(Object(App\Controllers\Pages))
 8 SYSTEMPATH\CodeIgniter.php(354): CodeIgniter\CodeIgniter->handleRequest(null, Object(Config\Cache), false)
 9 SYSTEMPATH\Boot.php(363): CodeIgniter\CodeIgniter->run()
10 SYSTEMPATH\Boot.php(68): CodeIgniter\Boot::runCodeIgniter(Object(CodeIgniter\CodeIgniter))
11 FCPATH\index.php(59): CodeIgniter\Boot::bootWeb(Object(Config\Paths))
12 SYSTEMPATH\rewrite.php(44): require_once('C:\\xampp\\htdocs\\240102048\\public\\index.php')
CRITICAL - 2025-10-01 08:36:11 --> ErrorException: Undefined variable $member
[Method: GET, Route: /]
in APPPATH\Views\index.php on line 20.
 1 APPPATH\Views\index.php(20): CodeIgniter\Debug\Exceptions->errorHandler(2, 'Undefined variable $member', 'C:\\xampp\\htdocs\\240102048\\app\\Views\\index.php', 20)
 2 SYSTEMPATH\View\View.php(226): include('C:\\xampp\\htdocs\\240102048\\app\\Views\\index.php')
 3 SYSTEMPATH\View\View.php(229): CodeIgniter\View\View->CodeIgniter\View\{closure}()
 4 SYSTEMPATH\Common.php(1167): CodeIgniter\View\View->render('index', [], true)
 5 APPPATH\Controllers\Pages.php(10): view('index')
 6 SYSTEMPATH\CodeIgniter.php(933): App\Controllers\Pages->index()
 7 SYSTEMPATH\CodeIgniter.php(507): CodeIgniter\CodeIgniter->runController(Object(App\Controllers\Pages))
 8 SYSTEMPATH\CodeIgniter.php(354): CodeIgniter\CodeIgniter->handleRequest(null, Object(Config\Cache), false)
 9 SYSTEMPATH\Boot.php(363): CodeIgniter\CodeIgniter->run()
10 SYSTEMPATH\Boot.php(68): CodeIgniter\Boot::runCodeIgniter(Object(CodeIgniter\CodeIgniter))
11 FCPATH\index.php(59): CodeIgniter\Boot::bootWeb(Object(Config\Paths))
12 SYSTEMPATH\rewrite.php(44): require_once('C:\\xampp\\htdocs\\240102048\\public\\index.php')
CRITICAL - 2025-10-01 08:36:11 --> ErrorException: Undefined variable $member
[Method: GET, Route: /]
in APPPATH\Views\index.php on line 20.
 1 APPPATH\Views\index.php(20): CodeIgniter\Debug\Exceptions->errorHandler(2, 'Undefined variable $member', 'C:\\xampp\\htdocs\\240102048\\app\\Views\\index.php', 20)
 2 SYSTEMPATH\View\View.php(226): include('C:\\xampp\\htdocs\\240102048\\app\\Views\\index.php')
 3 SYSTEMPATH\View\View.php(229): CodeIgniter\View\View->CodeIgniter\View\{closure}()
 4 SYSTEMPATH\Common.php(1167): CodeIgniter\View\View->render('index', [], true)
 5 APPPATH\Controllers\Pages.php(10): view('index')
 6 SYSTEMPATH\CodeIgniter.php(933): App\Controllers\Pages->index()
 7 SYSTEMPATH\CodeIgniter.php(507): CodeIgniter\CodeIgniter->runController(Object(App\Controllers\Pages))
 8 SYSTEMPATH\CodeIgniter.php(354): CodeIgniter\CodeIgniter->handleRequest(null, Object(Config\Cache), false)
 9 SYSTEMPATH\Boot.php(363): CodeIgniter\CodeIgniter->run()
10 SYSTEMPATH\Boot.php(68): CodeIgniter\Boot::runCodeIgniter(Object(CodeIgniter\CodeIgniter))
11 FCPATH\index.php(59): CodeIgniter\Boot::bootWeb(Object(Config\Paths))
12 SYSTEMPATH\rewrite.php(44): require_once('C:\\xampp\\htdocs\\240102048\\public\\index.php')
CRITICAL - 2025-10-01 08:36:11 --> ErrorException: Undefined variable $member
[Method: GET, Route: /]
in APPPATH\Views\index.php on line 20.
 1 APPPATH\Views\index.php(20): CodeIgniter\Debug\Exceptions->errorHandler(2, 'Undefined variable $member', 'C:\\xampp\\htdocs\\240102048\\app\\Views\\index.php', 20)
 2 SYSTEMPATH\View\View.php(226): include('C:\\xampp\\htdocs\\240102048\\app\\Views\\index.php')
 3 SYSTEMPATH\View\View.php(229): CodeIgniter\View\View->CodeIgniter\View\{closure}()
 4 SYSTEMPATH\Common.php(1167): CodeIgniter\View\View->render('index', [], true)
 5 APPPATH\Controllers\Pages.php(10): view('index')
 6 SYSTEMPATH\CodeIgniter.php(933): App\Controllers\Pages->index()
 7 SYSTEMPATH\CodeIgniter.php(507): CodeIgniter\CodeIgniter->runController(Object(App\Controllers\Pages))
 8 SYSTEMPATH\CodeIgniter.php(354): CodeIgniter\CodeIgniter->handleRequest(null, Object(Config\Cache), false)
 9 SYSTEMPATH\Boot.php(363): CodeIgniter\CodeIgniter->run()
10 SYSTEMPATH\Boot.php(68): CodeIgniter\Boot::runCodeIgniter(Object(CodeIgniter\CodeIgniter))
11 FCPATH\index.php(59): CodeIgniter\Boot::bootWeb(Object(Config\Paths))
12 SYSTEMPATH\rewrite.php(44): require_once('C:\\xampp\\htdocs\\240102048\\public\\index.php')
CRITICAL - 2025-10-01 08:36:11 --> ErrorException: Undefined variable $member
[Method: GET, Route: /]
in APPPATH\Views\index.php on line 20.
 1 APPPATH\Views\index.php(20): CodeIgniter\Debug\Exceptions->errorHandler(2, 'Undefined variable $member', 'C:\\xampp\\htdocs\\240102048\\app\\Views\\index.php', 20)
 2 SYSTEMPATH\View\View.php(226): include('C:\\xampp\\htdocs\\240102048\\app\\Views\\index.php')
 3 SYSTEMPATH\View\View.php(229): CodeIgniter\View\View->CodeIgniter\View\{closure}()
 4 SYSTEMPATH\Common.php(1167): CodeIgniter\View\View->render('index', [], true)
 5 APPPATH\Controllers\Pages.php(10): view('index')
 6 SYSTEMPATH\CodeIgniter.php(933): App\Controllers\Pages->index()
 7 SYSTEMPATH\CodeIgniter.php(507): CodeIgniter\CodeIgniter->runController(Object(App\Controllers\Pages))
 8 SYSTEMPATH\CodeIgniter.php(354): CodeIgniter\CodeIgniter->handleRequest(null, Object(Config\Cache), false)
 9 SYSTEMPATH\Boot.php(363): CodeIgniter\CodeIgniter->run()
10 SYSTEMPATH\Boot.php(68): CodeIgniter\Boot::runCodeIgniter(Object(CodeIgniter\CodeIgniter))
11 FCPATH\index.php(59): CodeIgniter\Boot::bootWeb(Object(Config\Paths))
12 SYSTEMPATH\rewrite.php(44): require_once('C:\\xampp\\htdocs\\240102048\\public\\index.php')
CRITICAL - 2025-10-01 08:36:11 --> ErrorException: Undefined variable $member
[Method: GET, Route: /]
in APPPATH\Views\index.php on line 20.
 1 APPPATH\Views\index.php(20): CodeIgniter\Debug\Exceptions->errorHandler(2, 'Undefined variable $member', 'C:\\xampp\\htdocs\\240102048\\app\\Views\\index.php', 20)
 2 SYSTEMPATH\View\View.php(226): include('C:\\xampp\\htdocs\\240102048\\app\\Views\\index.php')
 3 SYSTEMPATH\View\View.php(229): CodeIgniter\View\View->CodeIgniter\View\{closure}()
 4 SYSTEMPATH\Common.php(1167): CodeIgniter\View\View->render('index', [], true)
 5 APPPATH\Controllers\Pages.php(10): view('index')
 6 SYSTEMPATH\CodeIgniter.php(933): App\Controllers\Pages->index()
 7 SYSTEMPATH\CodeIgniter.php(507): CodeIgniter\CodeIgniter->runController(Object(App\Controllers\Pages))
 8 SYSTEMPATH\CodeIgniter.php(354): CodeIgniter\CodeIgniter->handleRequest(null, Object(Config\Cache), false)
 9 SYSTEMPATH\Boot.php(363): CodeIgniter\CodeIgniter->run()
10 SYSTEMPATH\Boot.php(68): CodeIgniter\Boot::runCodeIgniter(Object(CodeIgniter\CodeIgniter))
11 FCPATH\index.php(59): CodeIgniter\Boot::bootWeb(Object(Config\Paths))
12 SYSTEMPATH\rewrite.php(44): require_once('C:\\xampp\\htdocs\\240102048\\public\\index.php')
CRITICAL - 2025-10-01 08:36:12 --> ErrorException: Undefined variable $member
[Method: GET, Route: /]
in APPPATH\Views\index.php on line 20.
 1 APPPATH\Views\index.php(20): CodeIgniter\Debug\Exceptions->errorHandler(2, 'Undefined variable $member', 'C:\\xampp\\htdocs\\240102048\\app\\Views\\index.php', 20)
 2 SYSTEMPATH\View\View.php(226): include('C:\\xampp\\htdocs\\240102048\\app\\Views\\index.php')
 3 SYSTEMPATH\View\View.php(229): CodeIgniter\View\View->CodeIgniter\View\{closure}()
 4 SYSTEMPATH\Common.php(1167): CodeIgniter\View\View->render('index', [], true)
 5 APPPATH\Controllers\Pages.php(10): view('index')
 6 SYSTEMPATH\CodeIgniter.php(933): App\Controllers\Pages->index()
 7 SYSTEMPATH\CodeIgniter.php(507): CodeIgniter\CodeIgniter->runController(Object(App\Controllers\Pages))
 8 SYSTEMPATH\CodeIgniter.php(354): CodeIgniter\CodeIgniter->handleRequest(null, Object(Config\Cache), false)
 9 SYSTEMPATH\Boot.php(363): CodeIgniter\CodeIgniter->run()
10 SYSTEMPATH\Boot.php(68): CodeIgniter\Boot::runCodeIgniter(Object(CodeIgniter\CodeIgniter))
11 FCPATH\index.php(59): CodeIgniter\Boot::bootWeb(Object(Config\Paths))
12 SYSTEMPATH\rewrite.php(44): require_once('C:\\xampp\\htdocs\\240102048\\public\\index.php')
CRITICAL - 2025-10-01 08:36:12 --> ErrorException: Undefined variable $member
[Method: GET, Route: /]
in APPPATH\Views\index.php on line 20.
 1 APPPATH\Views\index.php(20): CodeIgniter\Debug\Exceptions->errorHandler(2, 'Undefined variable $member', 'C:\\xampp\\htdocs\\240102048\\app\\Views\\index.php', 20)
 2 SYSTEMPATH\View\View.php(226): include('C:\\xampp\\htdocs\\240102048\\app\\Views\\index.php')
 3 SYSTEMPATH\View\View.php(229): CodeIgniter\View\View->CodeIgniter\View\{closure}()
 4 SYSTEMPATH\Common.php(1167): CodeIgniter\View\View->render('index', [], true)
 5 APPPATH\Controllers\Pages.php(10): view('index')
 6 SYSTEMPATH\CodeIgniter.php(933): App\Controllers\Pages->index()
 7 SYSTEMPATH\CodeIgniter.php(507): CodeIgniter\CodeIgniter->runController(Object(App\Controllers\Pages))
 8 SYSTEMPATH\CodeIgniter.php(354): CodeIgniter\CodeIgniter->handleRequest(null, Object(Config\Cache), false)
 9 SYSTEMPATH\Boot.php(363): CodeIgniter\CodeIgniter->run()
10 SYSTEMPATH\Boot.php(68): CodeIgniter\Boot::runCodeIgniter(Object(CodeIgniter\CodeIgniter))
11 FCPATH\index.php(59): CodeIgniter\Boot::bootWeb(Object(Config\Paths))
12 SYSTEMPATH\rewrite.php(44): require_once('C:\\xampp\\htdocs\\240102048\\public\\index.php')
CRITICAL - 2025-10-01 08:36:12 --> ErrorException: Undefined variable $member
[Method: GET, Route: /]
in APPPATH\Views\index.php on line 20.
 1 APPPATH\Views\index.php(20): CodeIgniter\Debug\Exceptions->errorHandler(2, 'Undefined variable $member', 'C:\\xampp\\htdocs\\240102048\\app\\Views\\index.php', 20)
 2 SYSTEMPATH\View\View.php(226): include('C:\\xampp\\htdocs\\240102048\\app\\Views\\index.php')
 3 SYSTEMPATH\View\View.php(229): CodeIgniter\View\View->CodeIgniter\View\{closure}()
 4 SYSTEMPATH\Common.php(1167): CodeIgniter\View\View->render('index', [], true)
 5 APPPATH\Controllers\Pages.php(10): view('index')
 6 SYSTEMPATH\CodeIgniter.php(933): App\Controllers\Pages->index()
 7 SYSTEMPATH\CodeIgniter.php(507): CodeIgniter\CodeIgniter->runController(Object(App\Controllers\Pages))
 8 SYSTEMPATH\CodeIgniter.php(354): CodeIgniter\CodeIgniter->handleRequest(null, Object(Config\Cache), false)
 9 SYSTEMPATH\Boot.php(363): CodeIgniter\CodeIgniter->run()
10 SYSTEMPATH\Boot.php(68): CodeIgniter\Boot::runCodeIgniter(Object(CodeIgniter\CodeIgniter))
11 FCPATH\index.php(59): CodeIgniter\Boot::bootWeb(Object(Config\Paths))
12 SYSTEMPATH\rewrite.php(44): require_once('C:\\xampp\\htdocs\\240102048\\public\\index.php')
CRITICAL - 2025-10-01 08:36:12 --> ErrorException: Undefined variable $member
[Method: GET, Route: /]
in APPPATH\Views\index.php on line 20.
 1 APPPATH\Views\index.php(20): CodeIgniter\Debug\Exceptions->errorHandler(2, 'Undefined variable $member', 'C:\\xampp\\htdocs\\240102048\\app\\Views\\index.php', 20)
 2 SYSTEMPATH\View\View.php(226): include('C:\\xampp\\htdocs\\240102048\\app\\Views\\index.php')
 3 SYSTEMPATH\View\View.php(229): CodeIgniter\View\View->CodeIgniter\View\{closure}()
 4 SYSTEMPATH\Common.php(1167): CodeIgniter\View\View->render('index', [], true)
 5 APPPATH\Controllers\Pages.php(10): view('index')
 6 SYSTEMPATH\CodeIgniter.php(933): App\Controllers\Pages->index()
 7 SYSTEMPATH\CodeIgniter.php(507): CodeIgniter\CodeIgniter->runController(Object(App\Controllers\Pages))
 8 SYSTEMPATH\CodeIgniter.php(354): CodeIgniter\CodeIgniter->handleRequest(null, Object(Config\Cache), false)
 9 SYSTEMPATH\Boot.php(363): CodeIgniter\CodeIgniter->run()
10 SYSTEMPATH\Boot.php(68): CodeIgniter\Boot::runCodeIgniter(Object(CodeIgniter\CodeIgniter))
11 FCPATH\index.php(59): CodeIgniter\Boot::bootWeb(Object(Config\Paths))
12 SYSTEMPATH\rewrite.php(44): require_once('C:\\xampp\\htdocs\\240102048\\public\\index.php')
CRITICAL - 2025-10-01 08:36:12 --> ErrorException: Undefined variable $member
[Method: GET, Route: /]
in APPPATH\Views\index.php on line 20.
 1 APPPATH\Views\index.php(20): CodeIgniter\Debug\Exceptions->errorHandler(2, 'Undefined variable $member', 'C:\\xampp\\htdocs\\240102048\\app\\Views\\index.php', 20)
 2 SYSTEMPATH\View\View.php(226): include('C:\\xampp\\htdocs\\240102048\\app\\Views\\index.php')
 3 SYSTEMPATH\View\View.php(229): CodeIgniter\View\View->CodeIgniter\View\{closure}()
 4 SYSTEMPATH\Common.php(1167): CodeIgniter\View\View->render('index', [], true)
 5 APPPATH\Controllers\Pages.php(10): view('index')
 6 SYSTEMPATH\CodeIgniter.php(933): App\Controllers\Pages->index()
 7 SYSTEMPATH\CodeIgniter.php(507): CodeIgniter\CodeIgniter->runController(Object(App\Controllers\Pages))
 8 SYSTEMPATH\CodeIgniter.php(354): CodeIgniter\CodeIgniter->handleRequest(null, Object(Config\Cache), false)
 9 SYSTEMPATH\Boot.php(363): CodeIgniter\CodeIgniter->run()
10 SYSTEMPATH\Boot.php(68): CodeIgniter\Boot::runCodeIgniter(Object(CodeIgniter\CodeIgniter))
11 FCPATH\index.php(59): CodeIgniter\Boot::bootWeb(Object(Config\Paths))
12 SYSTEMPATH\rewrite.php(44): require_once('C:\\xampp\\htdocs\\240102048\\public\\index.php')
CRITICAL - 2025-10-01 08:36:12 --> ErrorException: Undefined variable $member
[Method: GET, Route: /]
in APPPATH\Views\index.php on line 20.
 1 APPPATH\Views\index.php(20): CodeIgniter\Debug\Exceptions->errorHandler(2, 'Undefined variable $member', 'C:\\xampp\\htdocs\\240102048\\app\\Views\\index.php', 20)
 2 SYSTEMPATH\View\View.php(226): include('C:\\xampp\\htdocs\\240102048\\app\\Views\\index.php')
 3 SYSTEMPATH\View\View.php(229): CodeIgniter\View\View->CodeIgniter\View\{closure}()
 4 SYSTEMPATH\Common.php(1167): CodeIgniter\View\View->render('index', [], true)
 5 APPPATH\Controllers\Pages.php(10): view('index')
 6 SYSTEMPATH\CodeIgniter.php(933): App\Controllers\Pages->index()
 7 SYSTEMPATH\CodeIgniter.php(507): CodeIgniter\CodeIgniter->runController(Object(App\Controllers\Pages))
 8 SYSTEMPATH\CodeIgniter.php(354): CodeIgniter\CodeIgniter->handleRequest(null, Object(Config\Cache), false)
 9 SYSTEMPATH\Boot.php(363): CodeIgniter\CodeIgniter->run()
10 SYSTEMPATH\Boot.php(68): CodeIgniter\Boot::runCodeIgniter(Object(CodeIgniter\CodeIgniter))
11 FCPATH\index.php(59): CodeIgniter\Boot::bootWeb(Object(Config\Paths))
12 SYSTEMPATH\rewrite.php(44): require_once('C:\\xampp\\htdocs\\240102048\\public\\index.php')
CRITICAL - 2025-10-01 08:36:13 --> ErrorException: Undefined variable $member
[Method: GET, Route: /]
in APPPATH\Views\index.php on line 20.
 1 APPPATH\Views\index.php(20): CodeIgniter\Debug\Exceptions->errorHandler(2, 'Undefined variable $member', 'C:\\xampp\\htdocs\\240102048\\app\\Views\\index.php', 20)
 2 SYSTEMPATH\View\View.php(226): include('C:\\xampp\\htdocs\\240102048\\app\\Views\\index.php')
 3 SYSTEMPATH\View\View.php(229): CodeIgniter\View\View->CodeIgniter\View\{closure}()
 4 SYSTEMPATH\Common.php(1167): CodeIgniter\View\View->render('index', [], true)
 5 APPPATH\Controllers\Pages.php(10): view('index')
 6 SYSTEMPATH\CodeIgniter.php(933): App\Controllers\Pages->index()
 7 SYSTEMPATH\CodeIgniter.php(507): CodeIgniter\CodeIgniter->runController(Object(App\Controllers\Pages))
 8 SYSTEMPATH\CodeIgniter.php(354): CodeIgniter\CodeIgniter->handleRequest(null, Object(Config\Cache), false)
 9 SYSTEMPATH\Boot.php(363): CodeIgniter\CodeIgniter->run()
10 SYSTEMPATH\Boot.php(68): CodeIgniter\Boot::runCodeIgniter(Object(CodeIgniter\CodeIgniter))
11 FCPATH\index.php(59): CodeIgniter\Boot::bootWeb(Object(Config\Paths))
12 SYSTEMPATH\rewrite.php(44): require_once('C:\\xampp\\htdocs\\240102048\\public\\index.php')
CRITICAL - 2025-10-01 08:36:13 --> ErrorException: Undefined variable $member
[Method: GET, Route: /]
in APPPATH\Views\index.php on line 20.
 1 APPPATH\Views\index.php(20): CodeIgniter\Debug\Exceptions->errorHandler(2, 'Undefined variable $member', 'C:\\xampp\\htdocs\\240102048\\app\\Views\\index.php', 20)
 2 SYSTEMPATH\View\View.php(226): include('C:\\xampp\\htdocs\\240102048\\app\\Views\\index.php')
 3 SYSTEMPATH\View\View.php(229): CodeIgniter\View\View->CodeIgniter\View\{closure}()
 4 SYSTEMPATH\Common.php(1167): CodeIgniter\View\View->render('index', [], true)
 5 APPPATH\Controllers\Pages.php(10): view('index')
 6 SYSTEMPATH\CodeIgniter.php(933): App\Controllers\Pages->index()
 7 SYSTEMPATH\CodeIgniter.php(507): CodeIgniter\CodeIgniter->runController(Object(App\Controllers\Pages))
 8 SYSTEMPATH\CodeIgniter.php(354): CodeIgniter\CodeIgniter->handleRequest(null, Object(Config\Cache), false)
 9 SYSTEMPATH\Boot.php(363): CodeIgniter\CodeIgniter->run()
10 SYSTEMPATH\Boot.php(68): CodeIgniter\Boot::runCodeIgniter(Object(CodeIgniter\CodeIgniter))
11 FCPATH\index.php(59): CodeIgniter\Boot::bootWeb(Object(Config\Paths))
12 SYSTEMPATH\rewrite.php(44): require_once('C:\\xampp\\htdocs\\240102048\\public\\index.php')
CRITICAL - 2025-10-01 08:36:50 --> ErrorException: Undefined variable $member
[Method: GET, Route: /]
in APPPATH\Views\index.php on line 20.
 1 APPPATH\Views\index.php(20): CodeIgniter\Debug\Exceptions->errorHandler(2, 'Undefined variable $member', 'C:\\xampp\\htdocs\\240102048\\app\\Views\\index.php', 20)
 2 SYSTEMPATH\View\View.php(226): include('C:\\xampp\\htdocs\\240102048\\app\\Views\\index.php')
 3 SYSTEMPATH\View\View.php(229): CodeIgniter\View\View->CodeIgniter\View\{closure}()
 4 SYSTEMPATH\Common.php(1167): CodeIgniter\View\View->render('index', [], true)
 5 APPPATH\Controllers\Pages.php(10): view('index')
 6 SYSTEMPATH\CodeIgniter.php(933): App\Controllers\Pages->index()
 7 SYSTEMPATH\CodeIgniter.php(507): CodeIgniter\CodeIgniter->runController(Object(App\Controllers\Pages))
 8 SYSTEMPATH\CodeIgniter.php(354): CodeIgniter\CodeIgniter->handleRequest(null, Object(Config\Cache), false)
 9 SYSTEMPATH\Boot.php(363): CodeIgniter\CodeIgniter->run()
10 SYSTEMPATH\Boot.php(68): CodeIgniter\Boot::runCodeIgniter(Object(CodeIgniter\CodeIgniter))
11 FCPATH\index.php(59): CodeIgniter\Boot::bootWeb(Object(Config\Paths))
12 SYSTEMPATH\rewrite.php(44): require_once('C:\\xampp\\htdocs\\240102048\\public\\index.php')
CRITICAL - 2025-10-01 08:40:27 --> ErrorException: Undefined variable $koperasi
[Method: GET, Route: /]
in APPPATH\Views\index.php on line 20.
 1 APPPATH\Views\index.php(20): CodeIgniter\Debug\Exceptions->errorHandler(2, 'Undefined variable $koperasi', 'C:\\xampp\\htdocs\\240102048\\app\\Views\\index.php', 20)
 2 SYSTEMPATH\View\View.php(226): include('C:\\xampp\\htdocs\\240102048\\app\\Views\\index.php')
 3 SYSTEMPATH\View\View.php(229): CodeIgniter\View\View->CodeIgniter\View\{closure}()
 4 SYSTEMPATH\Common.php(1167): CodeIgniter\View\View->render('index', [], true)
 5 APPPATH\Controllers\Pages.php(10): view('index')
 6 SYSTEMPATH\CodeIgniter.php(933): App\Controllers\Pages->index()
 7 SYSTEMPATH\CodeIgniter.php(507): CodeIgniter\CodeIgniter->runController(Object(App\Controllers\Pages))
 8 SYSTEMPATH\CodeIgniter.php(354): CodeIgniter\CodeIgniter->handleRequest(null, Object(Config\Cache), false)
 9 SYSTEMPATH\Boot.php(363): CodeIgniter\CodeIgniter->run()
10 SYSTEMPATH\Boot.php(68): CodeIgniter\Boot::runCodeIgniter(Object(CodeIgniter\CodeIgniter))
11 FCPATH\index.php(59): CodeIgniter\Boot::bootWeb(Object(Config\Paths))
12 SYSTEMPATH\rewrite.php(44): require_once('C:\\xampp\\htdocs\\240102048\\public\\index.php')
CRITICAL - 2025-10-01 08:40:28 --> ErrorException: Undefined variable $koperasi
[Method: GET, Route: /]
in APPPATH\Views\index.php on line 20.
 1 APPPATH\Views\index.php(20): CodeIgniter\Debug\Exceptions->errorHandler(2, 'Undefined variable $koperasi', 'C:\\xampp\\htdocs\\240102048\\app\\Views\\index.php', 20)
 2 SYSTEMPATH\View\View.php(226): include('C:\\xampp\\htdocs\\240102048\\app\\Views\\index.php')
 3 SYSTEMPATH\View\View.php(229): CodeIgniter\View\View->CodeIgniter\View\{closure}()
 4 SYSTEMPATH\Common.php(1167): CodeIgniter\View\View->render('index', [], true)
 5 APPPATH\Controllers\Pages.php(10): view('index')
 6 SYSTEMPATH\CodeIgniter.php(933): App\Controllers\Pages->index()
 7 SYSTEMPATH\CodeIgniter.php(507): CodeIgniter\CodeIgniter->runController(Object(App\Controllers\Pages))
 8 SYSTEMPATH\CodeIgniter.php(354): CodeIgniter\CodeIgniter->handleRequest(null, Object(Config\Cache), false)
 9 SYSTEMPATH\Boot.php(363): CodeIgniter\CodeIgniter->run()
10 SYSTEMPATH\Boot.php(68): CodeIgniter\Boot::runCodeIgniter(Object(CodeIgniter\CodeIgniter))
11 FCPATH\index.php(59): CodeIgniter\Boot::bootWeb(Object(Config\Paths))
12 SYSTEMPATH\rewrite.php(44): require_once('C:\\xampp\\htdocs\\240102048\\public\\index.php')
CRITICAL - 2025-10-01 08:40:33 --> ErrorException: Undefined variable $idkoperasi
[Method: GET, Route: /]
in APPPATH\Views\index.php on line 20.
 1 APPPATH\Views\index.php(20): CodeIgniter\Debug\Exceptions->errorHandler(2, 'Undefined variable $idkoperasi', 'C:\\xampp\\htdocs\\240102048\\app\\Views\\index.php', 20)
 2 SYSTEMPATH\View\View.php(226): include('C:\\xampp\\htdocs\\240102048\\app\\Views\\index.php')
 3 SYSTEMPATH\View\View.php(229): CodeIgniter\View\View->CodeIgniter\View\{closure}()
 4 SYSTEMPATH\Common.php(1167): CodeIgniter\View\View->render('index', [], true)
 5 APPPATH\Controllers\Pages.php(10): view('index')
 6 SYSTEMPATH\CodeIgniter.php(933): App\Controllers\Pages->index()
 7 SYSTEMPATH\CodeIgniter.php(507): CodeIgniter\CodeIgniter->runController(Object(App\Controllers\Pages))
 8 SYSTEMPATH\CodeIgniter.php(354): CodeIgniter\CodeIgniter->handleRequest(null, Object(Config\Cache), false)
 9 SYSTEMPATH\Boot.php(363): CodeIgniter\CodeIgniter->run()
10 SYSTEMPATH\Boot.php(68): CodeIgniter\Boot::runCodeIgniter(Object(CodeIgniter\CodeIgniter))
11 FCPATH\index.php(59): CodeIgniter\Boot::bootWeb(Object(Config\Paths))
12 SYSTEMPATH\rewrite.php(44): require_once('C:\\xampp\\htdocs\\240102048\\public\\index.php')
CRITICAL - 2025-10-01 08:40:33 --> ErrorException: Undefined variable $idkoperasi
[Method: GET, Route: /]
in APPPATH\Views\index.php on line 20.
 1 APPPATH\Views\index.php(20): CodeIgniter\Debug\Exceptions->errorHandler(2, 'Undefined variable $idkoperasi', 'C:\\xampp\\htdocs\\240102048\\app\\Views\\index.php', 20)
 2 SYSTEMPATH\View\View.php(226): include('C:\\xampp\\htdocs\\240102048\\app\\Views\\index.php')
 3 SYSTEMPATH\View\View.php(229): CodeIgniter\View\View->CodeIgniter\View\{closure}()
 4 SYSTEMPATH\Common.php(1167): CodeIgniter\View\View->render('index', [], true)
 5 APPPATH\Controllers\Pages.php(10): view('index')
 6 SYSTEMPATH\CodeIgniter.php(933): App\Controllers\Pages->index()
 7 SYSTEMPATH\CodeIgniter.php(507): CodeIgniter\CodeIgniter->runController(Object(App\Controllers\Pages))
 8 SYSTEMPATH\CodeIgniter.php(354): CodeIgniter\CodeIgniter->handleRequest(null, Object(Config\Cache), false)
 9 SYSTEMPATH\Boot.php(363): CodeIgniter\CodeIgniter->run()
10 SYSTEMPATH\Boot.php(68): CodeIgniter\Boot::runCodeIgniter(Object(CodeIgniter\CodeIgniter))
11 FCPATH\index.php(59): CodeIgniter\Boot::bootWeb(Object(Config\Paths))
12 SYSTEMPATH\rewrite.php(44): require_once('C:\\xampp\\htdocs\\240102048\\public\\index.php')
CRITICAL - 2025-10-01 08:42:00 --> ErrorException: Undefined variable $koperasi
[Method: GET, Route: /]
in APPPATH\Views\index.php on line 20.
 1 APPPATH\Views\index.php(20): CodeIgniter\Debug\Exceptions->errorHandler(2, 'Undefined variable $koperasi', 'C:\\xampp\\htdocs\\240102048\\app\\Views\\index.php', 20)
 2 SYSTEMPATH\View\View.php(226): include('C:\\xampp\\htdocs\\240102048\\app\\Views\\index.php')
 3 SYSTEMPATH\View\View.php(229): CodeIgniter\View\View->CodeIgniter\View\{closure}()
 4 SYSTEMPATH\Common.php(1167): CodeIgniter\View\View->render('index', [], true)
 5 APPPATH\Controllers\Pages.php(10): view('index')
 6 SYSTEMPATH\CodeIgniter.php(933): App\Controllers\Pages->index()
 7 SYSTEMPATH\CodeIgniter.php(507): CodeIgniter\CodeIgniter->runController(Object(App\Controllers\Pages))
 8 SYSTEMPATH\CodeIgniter.php(354): CodeIgniter\CodeIgniter->handleRequest(null, Object(Config\Cache), false)
 9 SYSTEMPATH\Boot.php(363): CodeIgniter\CodeIgniter->run()
10 SYSTEMPATH\Boot.php(68): CodeIgniter\Boot::runCodeIgniter(Object(CodeIgniter\CodeIgniter))
11 FCPATH\index.php(59): CodeIgniter\Boot::bootWeb(Object(Config\Paths))
12 SYSTEMPATH\rewrite.php(44): require_once('C:\\xampp\\htdocs\\240102048\\public\\index.php')
CRITICAL - 2025-10-01 08:42:00 --> ErrorException: Undefined variable $koperasi
[Method: GET, Route: /]
in APPPATH\Views\index.php on line 20.
 1 APPPATH\Views\index.php(20): CodeIgniter\Debug\Exceptions->errorHandler(2, 'Undefined variable $koperasi', 'C:\\xampp\\htdocs\\240102048\\app\\Views\\index.php', 20)
 2 SYSTEMPATH\View\View.php(226): include('C:\\xampp\\htdocs\\240102048\\app\\Views\\index.php')
 3 SYSTEMPATH\View\View.php(229): CodeIgniter\View\View->CodeIgniter\View\{closure}()
 4 SYSTEMPATH\Common.php(1167): CodeIgniter\View\View->render('index', [], true)
 5 APPPATH\Controllers\Pages.php(10): view('index')
 6 SYSTEMPATH\CodeIgniter.php(933): App\Controllers\Pages->index()
 7 SYSTEMPATH\CodeIgniter.php(507): CodeIgniter\CodeIgniter->runController(Object(App\Controllers\Pages))
 8 SYSTEMPATH\CodeIgniter.php(354): CodeIgniter\CodeIgniter->handleRequest(null, Object(Config\Cache), false)
 9 SYSTEMPATH\Boot.php(363): CodeIgniter\CodeIgniter->run()
10 SYSTEMPATH\Boot.php(68): CodeIgniter\Boot::runCodeIgniter(Object(CodeIgniter\CodeIgniter))
11 FCPATH\index.php(59): CodeIgniter\Boot::bootWeb(Object(Config\Paths))
12 SYSTEMPATH\rewrite.php(44): require_once('C:\\xampp\\htdocs\\240102048\\public\\index.php')
CRITICAL - 2025-10-01 08:42:00 --> ErrorException: Undefined variable $koperasi
[Method: GET, Route: /]
in APPPATH\Views\index.php on line 20.
 1 APPPATH\Views\index.php(20): CodeIgniter\Debug\Exceptions->errorHandler(2, 'Undefined variable $koperasi', 'C:\\xampp\\htdocs\\240102048\\app\\Views\\index.php', 20)
 2 SYSTEMPATH\View\View.php(226): include('C:\\xampp\\htdocs\\240102048\\app\\Views\\index.php')
 3 SYSTEMPATH\View\View.php(229): CodeIgniter\View\View->CodeIgniter\View\{closure}()
 4 SYSTEMPATH\Common.php(1167): CodeIgniter\View\View->render('index', [], true)
 5 APPPATH\Controllers\Pages.php(10): view('index')
 6 SYSTEMPATH\CodeIgniter.php(933): App\Controllers\Pages->index()
 7 SYSTEMPATH\CodeIgniter.php(507): CodeIgniter\CodeIgniter->runController(Object(App\Controllers\Pages))
 8 SYSTEMPATH\CodeIgniter.php(354): CodeIgniter\CodeIgniter->handleRequest(null, Object(Config\Cache), false)
 9 SYSTEMPATH\Boot.php(363): CodeIgniter\CodeIgniter->run()
10 SYSTEMPATH\Boot.php(68): CodeIgniter\Boot::runCodeIgniter(Object(CodeIgniter\CodeIgniter))
11 FCPATH\index.php(59): CodeIgniter\Boot::bootWeb(Object(Config\Paths))
12 SYSTEMPATH\rewrite.php(44): require_once('C:\\xampp\\htdocs\\240102048\\public\\index.php')
CRITICAL - 2025-10-01 08:42:00 --> ErrorException: Undefined variable $koperasi
[Method: GET, Route: /]
in APPPATH\Views\index.php on line 20.
 1 APPPATH\Views\index.php(20): CodeIgniter\Debug\Exceptions->errorHandler(2, 'Undefined variable $koperasi', 'C:\\xampp\\htdocs\\240102048\\app\\Views\\index.php', 20)
 2 SYSTEMPATH\View\View.php(226): include('C:\\xampp\\htdocs\\240102048\\app\\Views\\index.php')
 3 SYSTEMPATH\View\View.php(229): CodeIgniter\View\View->CodeIgniter\View\{closure}()
 4 SYSTEMPATH\Common.php(1167): CodeIgniter\View\View->render('index', [], true)
 5 APPPATH\Controllers\Pages.php(10): view('index')
 6 SYSTEMPATH\CodeIgniter.php(933): App\Controllers\Pages->index()
 7 SYSTEMPATH\CodeIgniter.php(507): CodeIgniter\CodeIgniter->runController(Object(App\Controllers\Pages))
 8 SYSTEMPATH\CodeIgniter.php(354): CodeIgniter\CodeIgniter->handleRequest(null, Object(Config\Cache), false)
 9 SYSTEMPATH\Boot.php(363): CodeIgniter\CodeIgniter->run()
10 SYSTEMPATH\Boot.php(68): CodeIgniter\Boot::runCodeIgniter(Object(CodeIgniter\CodeIgniter))
11 FCPATH\index.php(59): CodeIgniter\Boot::bootWeb(Object(Config\Paths))
12 SYSTEMPATH\rewrite.php(44): require_once('C:\\xampp\\htdocs\\240102048\\public\\index.php')
CRITICAL - 2025-10-01 08:42:00 --> ErrorException: Undefined variable $koperasi
[Method: GET, Route: /]
in APPPATH\Views\index.php on line 20.
 1 APPPATH\Views\index.php(20): CodeIgniter\Debug\Exceptions->errorHandler(2, 'Undefined variable $koperasi', 'C:\\xampp\\htdocs\\240102048\\app\\Views\\index.php', 20)
 2 SYSTEMPATH\View\View.php(226): include('C:\\xampp\\htdocs\\240102048\\app\\Views\\index.php')
 3 SYSTEMPATH\View\View.php(229): CodeIgniter\View\View->CodeIgniter\View\{closure}()
 4 SYSTEMPATH\Common.php(1167): CodeIgniter\View\View->render('index', [], true)
 5 APPPATH\Controllers\Pages.php(10): view('index')
 6 SYSTEMPATH\CodeIgniter.php(933): App\Controllers\Pages->index()
 7 SYSTEMPATH\CodeIgniter.php(507): CodeIgniter\CodeIgniter->runController(Object(App\Controllers\Pages))
 8 SYSTEMPATH\CodeIgniter.php(354): CodeIgniter\CodeIgniter->handleRequest(null, Object(Config\Cache), false)
 9 SYSTEMPATH\Boot.php(363): CodeIgniter\CodeIgniter->run()
10 SYSTEMPATH\Boot.php(68): CodeIgniter\Boot::runCodeIgniter(Object(CodeIgniter\CodeIgniter))
11 FCPATH\index.php(59): CodeIgniter\Boot::bootWeb(Object(Config\Paths))
12 SYSTEMPATH\rewrite.php(44): require_once('C:\\xampp\\htdocs\\240102048\\public\\index.php')
CRITICAL - 2025-10-01 08:42:00 --> ErrorException: Undefined variable $koperasi
[Method: GET, Route: /]
in APPPATH\Views\index.php on line 20.
 1 APPPATH\Views\index.php(20): CodeIgniter\Debug\Exceptions->errorHandler(2, 'Undefined variable $koperasi', 'C:\\xampp\\htdocs\\240102048\\app\\Views\\index.php', 20)
 2 SYSTEMPATH\View\View.php(226): include('C:\\xampp\\htdocs\\240102048\\app\\Views\\index.php')
 3 SYSTEMPATH\View\View.php(229): CodeIgniter\View\View->CodeIgniter\View\{closure}()
 4 SYSTEMPATH\Common.php(1167): CodeIgniter\View\View->render('index', [], true)
 5 APPPATH\Controllers\Pages.php(10): view('index')
 6 SYSTEMPATH\CodeIgniter.php(933): App\Controllers\Pages->index()
 7 SYSTEMPATH\CodeIgniter.php(507): CodeIgniter\CodeIgniter->runController(Object(App\Controllers\Pages))
 8 SYSTEMPATH\CodeIgniter.php(354): CodeIgniter\CodeIgniter->handleRequest(null, Object(Config\Cache), false)
 9 SYSTEMPATH\Boot.php(363): CodeIgniter\CodeIgniter->run()
10 SYSTEMPATH\Boot.php(68): CodeIgniter\Boot::runCodeIgniter(Object(CodeIgniter\CodeIgniter))
11 FCPATH\index.php(59): CodeIgniter\Boot::bootWeb(Object(Config\Paths))
12 SYSTEMPATH\rewrite.php(44): require_once('C:\\xampp\\htdocs\\240102048\\public\\index.php')
CRITICAL - 2025-10-01 08:42:00 --> ErrorException: Undefined variable $koperasi
[Method: GET, Route: /]
in APPPATH\Views\index.php on line 20.
 1 APPPATH\Views\index.php(20): CodeIgniter\Debug\Exceptions->errorHandler(2, 'Undefined variable $koperasi', 'C:\\xampp\\htdocs\\240102048\\app\\Views\\index.php', 20)
 2 SYSTEMPATH\View\View.php(226): include('C:\\xampp\\htdocs\\240102048\\app\\Views\\index.php')
 3 SYSTEMPATH\View\View.php(229): CodeIgniter\View\View->CodeIgniter\View\{closure}()
 4 SYSTEMPATH\Common.php(1167): CodeIgniter\View\View->render('index', [], true)
 5 APPPATH\Controllers\Pages.php(10): view('index')
 6 SYSTEMPATH\CodeIgniter.php(933): App\Controllers\Pages->index()
 7 SYSTEMPATH\CodeIgniter.php(507): CodeIgniter\CodeIgniter->runController(Object(App\Controllers\Pages))
 8 SYSTEMPATH\CodeIgniter.php(354): CodeIgniter\CodeIgniter->handleRequest(null, Object(Config\Cache), false)
 9 SYSTEMPATH\Boot.php(363): CodeIgniter\CodeIgniter->run()
10 SYSTEMPATH\Boot.php(68): CodeIgniter\Boot::runCodeIgniter(Object(CodeIgniter\CodeIgniter))
11 FCPATH\index.php(59): CodeIgniter\Boot::bootWeb(Object(Config\Paths))
12 SYSTEMPATH\rewrite.php(44): require_once('C:\\xampp\\htdocs\\240102048\\public\\index.php')
CRITICAL - 2025-10-01 08:42:32 --> ErrorException: Undefined variable $koperasi
[Method: GET, Route: /]
in APPPATH\Views\index.php on line 20.
 1 APPPATH\Views\index.php(20): CodeIgniter\Debug\Exceptions->errorHandler(2, 'Undefined variable $koperasi', 'C:\\xampp\\htdocs\\240102048\\app\\Views\\index.php', 20)
 2 SYSTEMPATH\View\View.php(226): include('C:\\xampp\\htdocs\\240102048\\app\\Views\\index.php')
 3 SYSTEMPATH\View\View.php(229): CodeIgniter\View\View->CodeIgniter\View\{closure}()
 4 SYSTEMPATH\Common.php(1167): CodeIgniter\View\View->render('index', [], true)
 5 APPPATH\Controllers\Pages.php(10): view('index')
 6 SYSTEMPATH\CodeIgniter.php(933): App\Controllers\Pages->index()
 7 SYSTEMPATH\CodeIgniter.php(507): CodeIgniter\CodeIgniter->runController(Object(App\Controllers\Pages))
 8 SYSTEMPATH\CodeIgniter.php(354): CodeIgniter\CodeIgniter->handleRequest(null, Object(Config\Cache), false)
 9 SYSTEMPATH\Boot.php(363): CodeIgniter\CodeIgniter->run()
10 SYSTEMPATH\Boot.php(68): CodeIgniter\Boot::runCodeIgniter(Object(CodeIgniter\CodeIgniter))
11 FCPATH\index.php(59): CodeIgniter\Boot::bootWeb(Object(Config\Paths))
12 SYSTEMPATH\rewrite.php(44): require_once('C:\\xampp\\htdocs\\240102048\\public\\index.php')
CRITICAL - 2025-10-01 08:42:33 --> ErrorException: Undefined variable $koperasi
[Method: GET, Route: /]
in APPPATH\Views\index.php on line 20.
 1 APPPATH\Views\index.php(20): CodeIgniter\Debug\Exceptions->errorHandler(2, 'Undefined variable $koperasi', 'C:\\xampp\\htdocs\\240102048\\app\\Views\\index.php', 20)
 2 SYSTEMPATH\View\View.php(226): include('C:\\xampp\\htdocs\\240102048\\app\\Views\\index.php')
 3 SYSTEMPATH\View\View.php(229): CodeIgniter\View\View->CodeIgniter\View\{closure}()
 4 SYSTEMPATH\Common.php(1167): CodeIgniter\View\View->render('index', [], true)
 5 APPPATH\Controllers\Pages.php(10): view('index')
 6 SYSTEMPATH\CodeIgniter.php(933): App\Controllers\Pages->index()
 7 SYSTEMPATH\CodeIgniter.php(507): CodeIgniter\CodeIgniter->runController(Object(App\Controllers\Pages))
 8 SYSTEMPATH\CodeIgniter.php(354): CodeIgniter\CodeIgniter->handleRequest(null, Object(Config\Cache), false)
 9 SYSTEMPATH\Boot.php(363): CodeIgniter\CodeIgniter->run()
10 SYSTEMPATH\Boot.php(68): CodeIgniter\Boot::runCodeIgniter(Object(CodeIgniter\CodeIgniter))
11 FCPATH\index.php(59): CodeIgniter\Boot::bootWeb(Object(Config\Paths))
12 SYSTEMPATH\rewrite.php(44): require_once('C:\\xampp\\htdocs\\240102048\\public\\index.php')
CRITICAL - 2025-10-01 08:42:33 --> ErrorException: Undefined variable $koperasi
[Method: GET, Route: /]
in APPPATH\Views\index.php on line 20.
 1 APPPATH\Views\index.php(20): CodeIgniter\Debug\Exceptions->errorHandler(2, 'Undefined variable $koperasi', 'C:\\xampp\\htdocs\\240102048\\app\\Views\\index.php', 20)
 2 SYSTEMPATH\View\View.php(226): include('C:\\xampp\\htdocs\\240102048\\app\\Views\\index.php')
 3 SYSTEMPATH\View\View.php(229): CodeIgniter\View\View->CodeIgniter\View\{closure}()
 4 SYSTEMPATH\Common.php(1167): CodeIgniter\View\View->render('index', [], true)
 5 APPPATH\Controllers\Pages.php(10): view('index')
 6 SYSTEMPATH\CodeIgniter.php(933): App\Controllers\Pages->index()
 7 SYSTEMPATH\CodeIgniter.php(507): CodeIgniter\CodeIgniter->runController(Object(App\Controllers\Pages))
 8 SYSTEMPATH\CodeIgniter.php(354): CodeIgniter\CodeIgniter->handleRequest(null, Object(Config\Cache), false)
 9 SYSTEMPATH\Boot.php(363): CodeIgniter\CodeIgniter->run()
10 SYSTEMPATH\Boot.php(68): CodeIgniter\Boot::runCodeIgniter(Object(CodeIgniter\CodeIgniter))
11 FCPATH\index.php(59): CodeIgniter\Boot::bootWeb(Object(Config\Paths))
12 SYSTEMPATH\rewrite.php(44): require_once('C:\\xampp\\htdocs\\240102048\\public\\index.php')
CRITICAL - 2025-10-01 08:42:33 --> ErrorException: Undefined variable $koperasi
[Method: GET, Route: /]
in APPPATH\Views\index.php on line 20.
 1 APPPATH\Views\index.php(20): CodeIgniter\Debug\Exceptions->errorHandler(2, 'Undefined variable $koperasi', 'C:\\xampp\\htdocs\\240102048\\app\\Views\\index.php', 20)
 2 SYSTEMPATH\View\View.php(226): include('C:\\xampp\\htdocs\\240102048\\app\\Views\\index.php')
 3 SYSTEMPATH\View\View.php(229): CodeIgniter\View\View->CodeIgniter\View\{closure}()
 4 SYSTEMPATH\Common.php(1167): CodeIgniter\View\View->render('index', [], true)
 5 APPPATH\Controllers\Pages.php(10): view('index')
 6 SYSTEMPATH\CodeIgniter.php(933): App\Controllers\Pages->index()
 7 SYSTEMPATH\CodeIgniter.php(507): CodeIgniter\CodeIgniter->runController(Object(App\Controllers\Pages))
 8 SYSTEMPATH\CodeIgniter.php(354): CodeIgniter\CodeIgniter->handleRequest(null, Object(Config\Cache), false)
 9 SYSTEMPATH\Boot.php(363): CodeIgniter\CodeIgniter->run()
10 SYSTEMPATH\Boot.php(68): CodeIgniter\Boot::runCodeIgniter(Object(CodeIgniter\CodeIgniter))
11 FCPATH\index.php(59): CodeIgniter\Boot::bootWeb(Object(Config\Paths))
12 SYSTEMPATH\rewrite.php(44): require_once('C:\\xampp\\htdocs\\240102048\\public\\index.php')
CRITICAL - 2025-10-01 08:42:44 --> ErrorException: Undefined variable $koperasi
[Method: GET, Route: /]
in APPPATH\Views\index.php on line 20.
 1 APPPATH\Views\index.php(20): CodeIgniter\Debug\Exceptions->errorHandler(2, 'Undefined variable $koperasi', 'C:\\xampp\\htdocs\\240102048\\app\\Views\\index.php', 20)
 2 SYSTEMPATH\View\View.php(226): include('C:\\xampp\\htdocs\\240102048\\app\\Views\\index.php')
 3 SYSTEMPATH\View\View.php(229): CodeIgniter\View\View->CodeIgniter\View\{closure}()
 4 SYSTEMPATH\Common.php(1167): CodeIgniter\View\View->render('index', [], true)
 5 APPPATH\Controllers\Pages.php(10): view('index')
 6 SYSTEMPATH\CodeIgniter.php(933): App\Controllers\Pages->index()
 7 SYSTEMPATH\CodeIgniter.php(507): CodeIgniter\CodeIgniter->runController(Object(App\Controllers\Pages))
 8 SYSTEMPATH\CodeIgniter.php(354): CodeIgniter\CodeIgniter->handleRequest(null, Object(Config\Cache), false)
 9 SYSTEMPATH\Boot.php(363): CodeIgniter\CodeIgniter->run()
10 SYSTEMPATH\Boot.php(68): CodeIgniter\Boot::runCodeIgniter(Object(CodeIgniter\CodeIgniter))
11 FCPATH\index.php(59): CodeIgniter\Boot::bootWeb(Object(Config\Paths))
12 SYSTEMPATH\rewrite.php(44): require_once('C:\\xampp\\htdocs\\240102048\\public\\index.php')
CRITICAL - 2025-10-01 08:43:09 --> ErrorException: Undefined variable $koperasi
[Method: GET, Route: /]
in APPPATH\Views\index.php on line 20.
 1 APPPATH\Views\index.php(20): CodeIgniter\Debug\Exceptions->errorHandler(2, 'Undefined variable $koperasi', 'C:\\xampp\\htdocs\\240102048\\app\\Views\\index.php', 20)
 2 SYSTEMPATH\View\View.php(226): include('C:\\xampp\\htdocs\\240102048\\app\\Views\\index.php')
 3 SYSTEMPATH\View\View.php(229): CodeIgniter\View\View->CodeIgniter\View\{closure}()
 4 SYSTEMPATH\Common.php(1167): CodeIgniter\View\View->render('index', [], true)
 5 APPPATH\Controllers\Pages.php(10): view('index')
 6 SYSTEMPATH\CodeIgniter.php(933): App\Controllers\Pages->index()
 7 SYSTEMPATH\CodeIgniter.php(507): CodeIgniter\CodeIgniter->runController(Object(App\Controllers\Pages))
 8 SYSTEMPATH\CodeIgniter.php(354): CodeIgniter\CodeIgniter->handleRequest(null, Object(Config\Cache), false)
 9 SYSTEMPATH\Boot.php(363): CodeIgniter\CodeIgniter->run()
10 SYSTEMPATH\Boot.php(68): CodeIgniter\Boot::runCodeIgniter(Object(CodeIgniter\CodeIgniter))
11 FCPATH\index.php(59): CodeIgniter\Boot::bootWeb(Object(Config\Paths))
12 SYSTEMPATH\rewrite.php(44): require_once('C:\\xampp\\htdocs\\240102048\\public\\index.php')
CRITICAL - 2025-10-01 08:43:12 --> ErrorException: Undefined variable $koperasi
[Method: GET, Route: /]
in APPPATH\Views\index.php on line 20.
 1 APPPATH\Views\index.php(20): CodeIgniter\Debug\Exceptions->errorHandler(2, 'Undefined variable $koperasi', 'C:\\xampp\\htdocs\\240102048\\app\\Views\\index.php', 20)
 2 SYSTEMPATH\View\View.php(226): include('C:\\xampp\\htdocs\\240102048\\app\\Views\\index.php')
 3 SYSTEMPATH\View\View.php(229): CodeIgniter\View\View->CodeIgniter\View\{closure}()
 4 SYSTEMPATH\Common.php(1167): CodeIgniter\View\View->render('index', [], true)
 5 APPPATH\Controllers\Pages.php(10): view('index')
 6 SYSTEMPATH\CodeIgniter.php(933): App\Controllers\Pages->index()
 7 SYSTEMPATH\CodeIgniter.php(507): CodeIgniter\CodeIgniter->runController(Object(App\Controllers\Pages))
 8 SYSTEMPATH\CodeIgniter.php(354): CodeIgniter\CodeIgniter->handleRequest(null, Object(Config\Cache), false)
 9 SYSTEMPATH\Boot.php(363): CodeIgniter\CodeIgniter->run()
10 SYSTEMPATH\Boot.php(68): CodeIgniter\Boot::runCodeIgniter(Object(CodeIgniter\CodeIgniter))
11 FCPATH\index.php(59): CodeIgniter\Boot::bootWeb(Object(Config\Paths))
12 SYSTEMPATH\rewrite.php(44): require_once('C:\\xampp\\htdocs\\240102048\\public\\index.php')
CRITICAL - 2025-10-01 08:44:12 --> ErrorException: Undefined variable $koperasi
[Method: GET, Route: /]
in APPPATH\Views\index.php on line 20.
 1 APPPATH\Views\index.php(20): CodeIgniter\Debug\Exceptions->errorHandler(2, 'Undefined variable $koperasi', 'C:\\xampp\\htdocs\\240102048\\app\\Views\\index.php', 20)
 2 SYSTEMPATH\View\View.php(226): include('C:\\xampp\\htdocs\\240102048\\app\\Views\\index.php')
 3 SYSTEMPATH\View\View.php(229): CodeIgniter\View\View->CodeIgniter\View\{closure}()
 4 SYSTEMPATH\Common.php(1167): CodeIgniter\View\View->render('index', [], true)
 5 APPPATH\Controllers\Pages.php(10): view('index')
 6 SYSTEMPATH\CodeIgniter.php(933): App\Controllers\Pages->index()
 7 SYSTEMPATH\CodeIgniter.php(507): CodeIgniter\CodeIgniter->runController(Object(App\Controllers\Pages))
 8 SYSTEMPATH\CodeIgniter.php(354): CodeIgniter\CodeIgniter->handleRequest(null, Object(Config\Cache), false)
 9 SYSTEMPATH\Boot.php(363): CodeIgniter\CodeIgniter->run()
10 SYSTEMPATH\Boot.php(68): CodeIgniter\Boot::runCodeIgniter(Object(CodeIgniter\CodeIgniter))
11 FCPATH\index.php(59): CodeIgniter\Boot::bootWeb(Object(Config\Paths))
12 SYSTEMPATH\rewrite.php(44): require_once('C:\\xampp\\htdocs\\240102048\\public\\index.php')
CRITICAL - 2025-10-01 08:44:13 --> ErrorException: Undefined variable $koperasi
[Method: GET, Route: /]
in APPPATH\Views\index.php on line 20.
 1 APPPATH\Views\index.php(20): CodeIgniter\Debug\Exceptions->errorHandler(2, 'Undefined variable $koperasi', 'C:\\xampp\\htdocs\\240102048\\app\\Views\\index.php', 20)
 2 SYSTEMPATH\View\View.php(226): include('C:\\xampp\\htdocs\\240102048\\app\\Views\\index.php')
 3 SYSTEMPATH\View\View.php(229): CodeIgniter\View\View->CodeIgniter\View\{closure}()
 4 SYSTEMPATH\Common.php(1167): CodeIgniter\View\View->render('index', [], true)
 5 APPPATH\Controllers\Pages.php(10): view('index')
 6 SYSTEMPATH\CodeIgniter.php(933): App\Controllers\Pages->index()
 7 SYSTEMPATH\CodeIgniter.php(507): CodeIgniter\CodeIgniter->runController(Object(App\Controllers\Pages))
 8 SYSTEMPATH\CodeIgniter.php(354): CodeIgniter\CodeIgniter->handleRequest(null, Object(Config\Cache), false)
 9 SYSTEMPATH\Boot.php(363): CodeIgniter\CodeIgniter->run()
10 SYSTEMPATH\Boot.php(68): CodeIgniter\Boot::runCodeIgniter(Object(CodeIgniter\CodeIgniter))
11 FCPATH\index.php(59): CodeIgniter\Boot::bootWeb(Object(Config\Paths))
12 SYSTEMPATH\rewrite.php(44): require_once('C:\\xampp\\htdocs\\240102048\\public\\index.php')
CRITICAL - 2025-10-01 08:47:57 --> ErrorException: Undefined variable $i
[Method: GET, Route: /]
in APPPATH\Views\index.php on line 19.
 1 APPPATH\Views\index.php(19): CodeIgniter\Debug\Exceptions->errorHandler(2, 'Undefined variable $i', 'C:\\xampp\\htdocs\\240102048\\app\\Views\\index.php', 19)
 2 SYSTEMPATH\View\View.php(226): include('C:\\xampp\\htdocs\\240102048\\app\\Views\\index.php')
 3 SYSTEMPATH\View\View.php(229): CodeIgniter\View\View->CodeIgniter\View\{closure}()
 4 SYSTEMPATH\Common.php(1167): CodeIgniter\View\View->render('index', [], true)
 5 APPPATH\Controllers\Pages.php(10): view('index')
 6 SYSTEMPATH\CodeIgniter.php(933): App\Controllers\Pages->index()
 7 SYSTEMPATH\CodeIgniter.php(507): CodeIgniter\CodeIgniter->runController(Object(App\Controllers\Pages))
 8 SYSTEMPATH\CodeIgniter.php(354): CodeIgniter\CodeIgniter->handleRequest(null, Object(Config\Cache), false)
 9 SYSTEMPATH\Boot.php(363): CodeIgniter\CodeIgniter->run()
10 SYSTEMPATH\Boot.php(68): CodeIgniter\Boot::runCodeIgniter(Object(CodeIgniter\CodeIgniter))
11 FCPATH\index.php(59): CodeIgniter\Boot::bootWeb(Object(Config\Paths))
12 SYSTEMPATH\rewrite.php(44): require_once('C:\\xampp\\htdocs\\240102048\\public\\index.php')
CRITICAL - 2025-10-01 08:47:58 --> ErrorException: Undefined variable $i
[Method: GET, Route: /]
in APPPATH\Views\index.php on line 19.
 1 APPPATH\Views\index.php(19): CodeIgniter\Debug\Exceptions->errorHandler(2, 'Undefined variable $i', 'C:\\xampp\\htdocs\\240102048\\app\\Views\\index.php', 19)
 2 SYSTEMPATH\View\View.php(226): include('C:\\xampp\\htdocs\\240102048\\app\\Views\\index.php')
 3 SYSTEMPATH\View\View.php(229): CodeIgniter\View\View->CodeIgniter\View\{closure}()
 4 SYSTEMPATH\Common.php(1167): CodeIgniter\View\View->render('index', [], true)
 5 APPPATH\Controllers\Pages.php(10): view('index')
 6 SYSTEMPATH\CodeIgniter.php(933): App\Controllers\Pages->index()
 7 SYSTEMPATH\CodeIgniter.php(507): CodeIgniter\CodeIgniter->runController(Object(App\Controllers\Pages))
 8 SYSTEMPATH\CodeIgniter.php(354): CodeIgniter\CodeIgniter->handleRequest(null, Object(Config\Cache), false)
 9 SYSTEMPATH\Boot.php(363): CodeIgniter\CodeIgniter->run()
10 SYSTEMPATH\Boot.php(68): CodeIgniter\Boot::runCodeIgniter(Object(CodeIgniter\CodeIgniter))
11 FCPATH\index.php(59): CodeIgniter\Boot::bootWeb(Object(Config\Paths))
12 SYSTEMPATH\rewrite.php(44): require_once('C:\\xampp\\htdocs\\240102048\\public\\index.php')
CRITICAL - 2025-10-01 08:48:06 --> ErrorException: Undefined variable $m
[Method: GET, Route: /]
in APPPATH\Views\index.php on line 20.
 1 APPPATH\Views\index.php(20): CodeIgniter\Debug\Exceptions->errorHandler(2, 'Undefined variable $m', 'C:\\xampp\\htdocs\\240102048\\app\\Views\\index.php', 20)
 2 SYSTEMPATH\View\View.php(226): include('C:\\xampp\\htdocs\\240102048\\app\\Views\\index.php')
 3 SYSTEMPATH\View\View.php(229): CodeIgniter\View\View->CodeIgniter\View\{closure}()
 4 SYSTEMPATH\Common.php(1167): CodeIgniter\View\View->render('index', [], true)
 5 APPPATH\Controllers\Pages.php(10): view('index')
 6 SYSTEMPATH\CodeIgniter.php(933): App\Controllers\Pages->index()
 7 SYSTEMPATH\CodeIgniter.php(507): CodeIgniter\CodeIgniter->runController(Object(App\Controllers\Pages))
 8 SYSTEMPATH\CodeIgniter.php(354): CodeIgniter\CodeIgniter->handleRequest(null, Object(Config\Cache), false)
 9 SYSTEMPATH\Boot.php(363): CodeIgniter\CodeIgniter->run()
10 SYSTEMPATH\Boot.php(68): CodeIgniter\Boot::runCodeIgniter(Object(CodeIgniter\CodeIgniter))
11 FCPATH\index.php(59): CodeIgniter\Boot::bootWeb(Object(Config\Paths))
12 SYSTEMPATH\rewrite.php(44): require_once('C:\\xampp\\htdocs\\240102048\\public\\index.php')
CRITICAL - 2025-10-01 08:48:07 --> ErrorException: Undefined variable $m
[Method: GET, Route: /]
in APPPATH\Views\index.php on line 20.
 1 APPPATH\Views\index.php(20): CodeIgniter\Debug\Exceptions->errorHandler(2, 'Undefined variable $m', 'C:\\xampp\\htdocs\\240102048\\app\\Views\\index.php', 20)
 2 SYSTEMPATH\View\View.php(226): include('C:\\xampp\\htdocs\\240102048\\app\\Views\\index.php')
 3 SYSTEMPATH\View\View.php(229): CodeIgniter\View\View->CodeIgniter\View\{closure}()
 4 SYSTEMPATH\Common.php(1167): CodeIgniter\View\View->render('index', [], true)
 5 APPPATH\Controllers\Pages.php(10): view('index')
 6 SYSTEMPATH\CodeIgniter.php(933): App\Controllers\Pages->index()
 7 SYSTEMPATH\CodeIgniter.php(507): CodeIgniter\CodeIgniter->runController(Object(App\Controllers\Pages))
 8 SYSTEMPATH\CodeIgniter.php(354): CodeIgniter\CodeIgniter->handleRequest(null, Object(Config\Cache), false)
 9 SYSTEMPATH\Boot.php(363): CodeIgniter\CodeIgniter->run()
10 SYSTEMPATH\Boot.php(68): CodeIgniter\Boot::runCodeIgniter(Object(CodeIgniter\CodeIgniter))
11 FCPATH\index.php(59): CodeIgniter\Boot::bootWeb(Object(Config\Paths))
12 SYSTEMPATH\rewrite.php(44): require_once('C:\\xampp\\htdocs\\240102048\\public\\index.php')
CRITICAL - 2025-10-01 08:48:07 --> ErrorException: Undefined variable $m
[Method: GET, Route: /]
in APPPATH\Views\index.php on line 20.
 1 APPPATH\Views\index.php(20): CodeIgniter\Debug\Exceptions->errorHandler(2, 'Undefined variable $m', 'C:\\xampp\\htdocs\\240102048\\app\\Views\\index.php', 20)
 2 SYSTEMPATH\View\View.php(226): include('C:\\xampp\\htdocs\\240102048\\app\\Views\\index.php')
 3 SYSTEMPATH\View\View.php(229): CodeIgniter\View\View->CodeIgniter\View\{closure}()
 4 SYSTEMPATH\Common.php(1167): CodeIgniter\View\View->render('index', [], true)
 5 APPPATH\Controllers\Pages.php(10): view('index')
 6 SYSTEMPATH\CodeIgniter.php(933): App\Controllers\Pages->index()
 7 SYSTEMPATH\CodeIgniter.php(507): CodeIgniter\CodeIgniter->runController(Object(App\Controllers\Pages))
 8 SYSTEMPATH\CodeIgniter.php(354): CodeIgniter\CodeIgniter->handleRequest(null, Object(Config\Cache), false)
 9 SYSTEMPATH\Boot.php(363): CodeIgniter\CodeIgniter->run()
10 SYSTEMPATH\Boot.php(68): CodeIgniter\Boot::runCodeIgniter(Object(CodeIgniter\CodeIgniter))
11 FCPATH\index.php(59): CodeIgniter\Boot::bootWeb(Object(Config\Paths))
12 SYSTEMPATH\rewrite.php(44): require_once('C:\\xampp\\htdocs\\240102048\\public\\index.php')
CRITICAL - 2025-10-01 08:48:08 --> ErrorException: Undefined variable $m
[Method: GET, Route: /]
in APPPATH\Views\index.php on line 20.
 1 APPPATH\Views\index.php(20): CodeIgniter\Debug\Exceptions->errorHandler(2, 'Undefined variable $m', 'C:\\xampp\\htdocs\\240102048\\app\\Views\\index.php', 20)
 2 SYSTEMPATH\View\View.php(226): include('C:\\xampp\\htdocs\\240102048\\app\\Views\\index.php')
 3 SYSTEMPATH\View\View.php(229): CodeIgniter\View\View->CodeIgniter\View\{closure}()
 4 SYSTEMPATH\Common.php(1167): CodeIgniter\View\View->render('index', [], true)
 5 APPPATH\Controllers\Pages.php(10): view('index')
 6 SYSTEMPATH\CodeIgniter.php(933): App\Controllers\Pages->index()
 7 SYSTEMPATH\CodeIgniter.php(507): CodeIgniter\CodeIgniter->runController(Object(App\Controllers\Pages))
 8 SYSTEMPATH\CodeIgniter.php(354): CodeIgniter\CodeIgniter->handleRequest(null, Object(Config\Cache), false)
 9 SYSTEMPATH\Boot.php(363): CodeIgniter\CodeIgniter->run()
10 SYSTEMPATH\Boot.php(68): CodeIgniter\Boot::runCodeIgniter(Object(CodeIgniter\CodeIgniter))
11 FCPATH\index.php(59): CodeIgniter\Boot::bootWeb(Object(Config\Paths))
12 SYSTEMPATH\rewrite.php(44): require_once('C:\\xampp\\htdocs\\240102048\\public\\index.php')
CRITICAL - 2025-10-01 08:48:08 --> ErrorException: Undefined variable $m
[Method: GET, Route: /]
in APPPATH\Views\index.php on line 20.
 1 APPPATH\Views\index.php(20): CodeIgniter\Debug\Exceptions->errorHandler(2, 'Undefined variable $m', 'C:\\xampp\\htdocs\\240102048\\app\\Views\\index.php', 20)
 2 SYSTEMPATH\View\View.php(226): include('C:\\xampp\\htdocs\\240102048\\app\\Views\\index.php')
 3 SYSTEMPATH\View\View.php(229): CodeIgniter\View\View->CodeIgniter\View\{closure}()
 4 SYSTEMPATH\Common.php(1167): CodeIgniter\View\View->render('index', [], true)
 5 APPPATH\Controllers\Pages.php(10): view('index')
 6 SYSTEMPATH\CodeIgniter.php(933): App\Controllers\Pages->index()
 7 SYSTEMPATH\CodeIgniter.php(507): CodeIgniter\CodeIgniter->runController(Object(App\Controllers\Pages))
 8 SYSTEMPATH\CodeIgniter.php(354): CodeIgniter\CodeIgniter->handleRequest(null, Object(Config\Cache), false)
 9 SYSTEMPATH\Boot.php(363): CodeIgniter\CodeIgniter->run()
10 SYSTEMPATH\Boot.php(68): CodeIgniter\Boot::runCodeIgniter(Object(CodeIgniter\CodeIgniter))
11 FCPATH\index.php(59): CodeIgniter\Boot::bootWeb(Object(Config\Paths))
12 SYSTEMPATH\rewrite.php(44): require_once('C:\\xampp\\htdocs\\240102048\\public\\index.php')
CRITICAL - 2025-10-01 08:48:08 --> ErrorException: Undefined variable $m
[Method: GET, Route: /]
in APPPATH\Views\index.php on line 20.
 1 APPPATH\Views\index.php(20): CodeIgniter\Debug\Exceptions->errorHandler(2, 'Undefined variable $m', 'C:\\xampp\\htdocs\\240102048\\app\\Views\\index.php', 20)
 2 SYSTEMPATH\View\View.php(226): include('C:\\xampp\\htdocs\\240102048\\app\\Views\\index.php')
 3 SYSTEMPATH\View\View.php(229): CodeIgniter\View\View->CodeIgniter\View\{closure}()
 4 SYSTEMPATH\Common.php(1167): CodeIgniter\View\View->render('index', [], true)
 5 APPPATH\Controllers\Pages.php(10): view('index')
 6 SYSTEMPATH\CodeIgniter.php(933): App\Controllers\Pages->index()
 7 SYSTEMPATH\CodeIgniter.php(507): CodeIgniter\CodeIgniter->runController(Object(App\Controllers\Pages))
 8 SYSTEMPATH\CodeIgniter.php(354): CodeIgniter\CodeIgniter->handleRequest(null, Object(Config\Cache), false)
 9 SYSTEMPATH\Boot.php(363): CodeIgniter\CodeIgniter->run()
10 SYSTEMPATH\Boot.php(68): CodeIgniter\Boot::runCodeIgniter(Object(CodeIgniter\CodeIgniter))
11 FCPATH\index.php(59): CodeIgniter\Boot::bootWeb(Object(Config\Paths))
12 SYSTEMPATH\rewrite.php(44): require_once('C:\\xampp\\htdocs\\240102048\\public\\index.php')
CRITICAL - 2025-10-01 08:48:08 --> ErrorException: Undefined variable $m
[Method: GET, Route: /]
in APPPATH\Views\index.php on line 20.
 1 APPPATH\Views\index.php(20): CodeIgniter\Debug\Exceptions->errorHandler(2, 'Undefined variable $m', 'C:\\xampp\\htdocs\\240102048\\app\\Views\\index.php', 20)
 2 SYSTEMPATH\View\View.php(226): include('C:\\xampp\\htdocs\\240102048\\app\\Views\\index.php')
 3 SYSTEMPATH\View\View.php(229): CodeIgniter\View\View->CodeIgniter\View\{closure}()
 4 SYSTEMPATH\Common.php(1167): CodeIgniter\View\View->render('index', [], true)
 5 APPPATH\Controllers\Pages.php(10): view('index')
 6 SYSTEMPATH\CodeIgniter.php(933): App\Controllers\Pages->index()
 7 SYSTEMPATH\CodeIgniter.php(507): CodeIgniter\CodeIgniter->runController(Object(App\Controllers\Pages))
 8 SYSTEMPATH\CodeIgniter.php(354): CodeIgniter\CodeIgniter->handleRequest(null, Object(Config\Cache), false)
 9 SYSTEMPATH\Boot.php(363): CodeIgniter\CodeIgniter->run()
10 SYSTEMPATH\Boot.php(68): CodeIgniter\Boot::runCodeIgniter(Object(CodeIgniter\CodeIgniter))
11 FCPATH\index.php(59): CodeIgniter\Boot::bootWeb(Object(Config\Paths))
12 SYSTEMPATH\rewrite.php(44): require_once('C:\\xampp\\htdocs\\240102048\\public\\index.php')
CRITICAL - 2025-10-01 08:48:08 --> ErrorException: Undefined variable $m
[Method: GET, Route: /]
in APPPATH\Views\index.php on line 20.
 1 APPPATH\Views\index.php(20): CodeIgniter\Debug\Exceptions->errorHandler(2, 'Undefined variable $m', 'C:\\xampp\\htdocs\\240102048\\app\\Views\\index.php', 20)
 2 SYSTEMPATH\View\View.php(226): include('C:\\xampp\\htdocs\\240102048\\app\\Views\\index.php')
 3 SYSTEMPATH\View\View.php(229): CodeIgniter\View\View->CodeIgniter\View\{closure}()
 4 SYSTEMPATH\Common.php(1167): CodeIgniter\View\View->render('index', [], true)
 5 APPPATH\Controllers\Pages.php(10): view('index')
 6 SYSTEMPATH\CodeIgniter.php(933): App\Controllers\Pages->index()
 7 SYSTEMPATH\CodeIgniter.php(507): CodeIgniter\CodeIgniter->runController(Object(App\Controllers\Pages))
 8 SYSTEMPATH\CodeIgniter.php(354): CodeIgniter\CodeIgniter->handleRequest(null, Object(Config\Cache), false)
 9 SYSTEMPATH\Boot.php(363): CodeIgniter\CodeIgniter->run()
10 SYSTEMPATH\Boot.php(68): CodeIgniter\Boot::runCodeIgniter(Object(CodeIgniter\CodeIgniter))
11 FCPATH\index.php(59): CodeIgniter\Boot::bootWeb(Object(Config\Paths))
12 SYSTEMPATH\rewrite.php(44): require_once('C:\\xampp\\htdocs\\240102048\\public\\index.php')
CRITICAL - 2025-10-01 08:48:08 --> ErrorException: Undefined variable $m
[Method: GET, Route: /]
in APPPATH\Views\index.php on line 20.
 1 APPPATH\Views\index.php(20): CodeIgniter\Debug\Exceptions->errorHandler(2, 'Undefined variable $m', 'C:\\xampp\\htdocs\\240102048\\app\\Views\\index.php', 20)
 2 SYSTEMPATH\View\View.php(226): include('C:\\xampp\\htdocs\\240102048\\app\\Views\\index.php')
 3 SYSTEMPATH\View\View.php(229): CodeIgniter\View\View->CodeIgniter\View\{closure}()
 4 SYSTEMPATH\Common.php(1167): CodeIgniter\View\View->render('index', [], true)
 5 APPPATH\Controllers\Pages.php(10): view('index')
 6 SYSTEMPATH\CodeIgniter.php(933): App\Controllers\Pages->index()
 7 SYSTEMPATH\CodeIgniter.php(507): CodeIgniter\CodeIgniter->runController(Object(App\Controllers\Pages))
 8 SYSTEMPATH\CodeIgniter.php(354): CodeIgniter\CodeIgniter->handleRequest(null, Object(Config\Cache), false)
 9 SYSTEMPATH\Boot.php(363): CodeIgniter\CodeIgniter->run()
10 SYSTEMPATH\Boot.php(68): CodeIgniter\Boot::runCodeIgniter(Object(CodeIgniter\CodeIgniter))
11 FCPATH\index.php(59): CodeIgniter\Boot::bootWeb(Object(Config\Paths))
12 SYSTEMPATH\rewrite.php(44): require_once('C:\\xampp\\htdocs\\240102048\\public\\index.php')
CRITICAL - 2025-10-01 08:48:09 --> ErrorException: Undefined variable $m
[Method: GET, Route: /]
in APPPATH\Views\index.php on line 20.
 1 APPPATH\Views\index.php(20): CodeIgniter\Debug\Exceptions->errorHandler(2, 'Undefined variable $m', 'C:\\xampp\\htdocs\\240102048\\app\\Views\\index.php', 20)
 2 SYSTEMPATH\View\View.php(226): include('C:\\xampp\\htdocs\\240102048\\app\\Views\\index.php')
 3 SYSTEMPATH\View\View.php(229): CodeIgniter\View\View->CodeIgniter\View\{closure}()
 4 SYSTEMPATH\Common.php(1167): CodeIgniter\View\View->render('index', [], true)
 5 APPPATH\Controllers\Pages.php(10): view('index')
 6 SYSTEMPATH\CodeIgniter.php(933): App\Controllers\Pages->index()
 7 SYSTEMPATH\CodeIgniter.php(507): CodeIgniter\CodeIgniter->runController(Object(App\Controllers\Pages))
 8 SYSTEMPATH\CodeIgniter.php(354): CodeIgniter\CodeIgniter->handleRequest(null, Object(Config\Cache), false)
 9 SYSTEMPATH\Boot.php(363): CodeIgniter\CodeIgniter->run()
10 SYSTEMPATH\Boot.php(68): CodeIgniter\Boot::runCodeIgniter(Object(CodeIgniter\CodeIgniter))
11 FCPATH\index.php(59): CodeIgniter\Boot::bootWeb(Object(Config\Paths))
12 SYSTEMPATH\rewrite.php(44): require_once('C:\\xampp\\htdocs\\240102048\\public\\index.php')
CRITICAL - 2025-10-01 08:48:09 --> ErrorException: Undefined variable $m
[Method: GET, Route: /]
in APPPATH\Views\index.php on line 20.
 1 APPPATH\Views\index.php(20): CodeIgniter\Debug\Exceptions->errorHandler(2, 'Undefined variable $m', 'C:\\xampp\\htdocs\\240102048\\app\\Views\\index.php', 20)
 2 SYSTEMPATH\View\View.php(226): include('C:\\xampp\\htdocs\\240102048\\app\\Views\\index.php')
 3 SYSTEMPATH\View\View.php(229): CodeIgniter\View\View->CodeIgniter\View\{closure}()
 4 SYSTEMPATH\Common.php(1167): CodeIgniter\View\View->render('index', [], true)
 5 APPPATH\Controllers\Pages.php(10): view('index')
 6 SYSTEMPATH\CodeIgniter.php(933): App\Controllers\Pages->index()
 7 SYSTEMPATH\CodeIgniter.php(507): CodeIgniter\CodeIgniter->runController(Object(App\Controllers\Pages))
 8 SYSTEMPATH\CodeIgniter.php(354): CodeIgniter\CodeIgniter->handleRequest(null, Object(Config\Cache), false)
 9 SYSTEMPATH\Boot.php(363): CodeIgniter\CodeIgniter->run()
10 SYSTEMPATH\Boot.php(68): CodeIgniter\Boot::runCodeIgniter(Object(CodeIgniter\CodeIgniter))
11 FCPATH\index.php(59): CodeIgniter\Boot::bootWeb(Object(Config\Paths))
12 SYSTEMPATH\rewrite.php(44): require_once('C:\\xampp\\htdocs\\240102048\\public\\index.php')
CRITICAL - 2025-10-01 08:48:09 --> ErrorException: Undefined variable $m
[Method: GET, Route: /]
in APPPATH\Views\index.php on line 20.
 1 APPPATH\Views\index.php(20): CodeIgniter\Debug\Exceptions->errorHandler(2, 'Undefined variable $m', 'C:\\xampp\\htdocs\\240102048\\app\\Views\\index.php', 20)
 2 SYSTEMPATH\View\View.php(226): include('C:\\xampp\\htdocs\\240102048\\app\\Views\\index.php')
 3 SYSTEMPATH\View\View.php(229): CodeIgniter\View\View->CodeIgniter\View\{closure}()
 4 SYSTEMPATH\Common.php(1167): CodeIgniter\View\View->render('index', [], true)
 5 APPPATH\Controllers\Pages.php(10): view('index')
 6 SYSTEMPATH\CodeIgniter.php(933): App\Controllers\Pages->index()
 7 SYSTEMPATH\CodeIgniter.php(507): CodeIgniter\CodeIgniter->runController(Object(App\Controllers\Pages))
 8 SYSTEMPATH\CodeIgniter.php(354): CodeIgniter\CodeIgniter->handleRequest(null, Object(Config\Cache), false)
 9 SYSTEMPATH\Boot.php(363): CodeIgniter\CodeIgniter->run()
10 SYSTEMPATH\Boot.php(68): CodeIgniter\Boot::runCodeIgniter(Object(CodeIgniter\CodeIgniter))
11 FCPATH\index.php(59): CodeIgniter\Boot::bootWeb(Object(Config\Paths))
12 SYSTEMPATH\rewrite.php(44): require_once('C:\\xampp\\htdocs\\240102048\\public\\index.php')
CRITICAL - 2025-10-01 08:48:09 --> ErrorException: Undefined variable $m
[Method: GET, Route: /]
in APPPATH\Views\index.php on line 20.
 1 APPPATH\Views\index.php(20): CodeIgniter\Debug\Exceptions->errorHandler(2, 'Undefined variable $m', 'C:\\xampp\\htdocs\\240102048\\app\\Views\\index.php', 20)
 2 SYSTEMPATH\View\View.php(226): include('C:\\xampp\\htdocs\\240102048\\app\\Views\\index.php')
 3 SYSTEMPATH\View\View.php(229): CodeIgniter\View\View->CodeIgniter\View\{closure}()
 4 SYSTEMPATH\Common.php(1167): CodeIgniter\View\View->render('index', [], true)
 5 APPPATH\Controllers\Pages.php(10): view('index')
 6 SYSTEMPATH\CodeIgniter.php(933): App\Controllers\Pages->index()
 7 SYSTEMPATH\CodeIgniter.php(507): CodeIgniter\CodeIgniter->runController(Object(App\Controllers\Pages))
 8 SYSTEMPATH\CodeIgniter.php(354): CodeIgniter\CodeIgniter->handleRequest(null, Object(Config\Cache), false)
 9 SYSTEMPATH\Boot.php(363): CodeIgniter\CodeIgniter->run()
10 SYSTEMPATH\Boot.php(68): CodeIgniter\Boot::runCodeIgniter(Object(CodeIgniter\CodeIgniter))
11 FCPATH\index.php(59): CodeIgniter\Boot::bootWeb(Object(Config\Paths))
12 SYSTEMPATH\rewrite.php(44): require_once('C:\\xampp\\htdocs\\240102048\\public\\index.php')
CRITICAL - 2025-10-01 08:48:39 --> ErrorException: Undefined variable $koperasi
[Method: GET, Route: /]
in APPPATH\Views\index.php on line 20.
 1 APPPATH\Views\index.php(20): CodeIgniter\Debug\Exceptions->errorHandler(2, 'Undefined variable $koperasi', 'C:\\xampp\\htdocs\\240102048\\app\\Views\\index.php', 20)
 2 SYSTEMPATH\View\View.php(226): include('C:\\xampp\\htdocs\\240102048\\app\\Views\\index.php')
 3 SYSTEMPATH\View\View.php(229): CodeIgniter\View\View->CodeIgniter\View\{closure}()
 4 SYSTEMPATH\Common.php(1167): CodeIgniter\View\View->render('index', [], true)
 5 APPPATH\Controllers\Pages.php(10): view('index')
 6 SYSTEMPATH\CodeIgniter.php(933): App\Controllers\Pages->index()
 7 SYSTEMPATH\CodeIgniter.php(507): CodeIgniter\CodeIgniter->runController(Object(App\Controllers\Pages))
 8 SYSTEMPATH\CodeIgniter.php(354): CodeIgniter\CodeIgniter->handleRequest(null, Object(Config\Cache), false)
 9 SYSTEMPATH\Boot.php(363): CodeIgniter\CodeIgniter->run()
10 SYSTEMPATH\Boot.php(68): CodeIgniter\Boot::runCodeIgniter(Object(CodeIgniter\CodeIgniter))
11 FCPATH\index.php(59): CodeIgniter\Boot::bootWeb(Object(Config\Paths))
12 SYSTEMPATH\rewrite.php(44): require_once('C:\\xampp\\htdocs\\240102048\\public\\index.php')
CRITICAL - 2025-10-01 08:48:39 --> ErrorException: Undefined variable $koperasi
[Method: GET, Route: /]
in APPPATH\Views\index.php on line 20.
 1 APPPATH\Views\index.php(20): CodeIgniter\Debug\Exceptions->errorHandler(2, 'Undefined variable $koperasi', 'C:\\xampp\\htdocs\\240102048\\app\\Views\\index.php', 20)
 2 SYSTEMPATH\View\View.php(226): include('C:\\xampp\\htdocs\\240102048\\app\\Views\\index.php')
 3 SYSTEMPATH\View\View.php(229): CodeIgniter\View\View->CodeIgniter\View\{closure}()
 4 SYSTEMPATH\Common.php(1167): CodeIgniter\View\View->render('index', [], true)
 5 APPPATH\Controllers\Pages.php(10): view('index')
 6 SYSTEMPATH\CodeIgniter.php(933): App\Controllers\Pages->index()
 7 SYSTEMPATH\CodeIgniter.php(507): CodeIgniter\CodeIgniter->runController(Object(App\Controllers\Pages))
 8 SYSTEMPATH\CodeIgniter.php(354): CodeIgniter\CodeIgniter->handleRequest(null, Object(Config\Cache), false)
 9 SYSTEMPATH\Boot.php(363): CodeIgniter\CodeIgniter->run()
10 SYSTEMPATH\Boot.php(68): CodeIgniter\Boot::runCodeIgniter(Object(CodeIgniter\CodeIgniter))
11 FCPATH\index.php(59): CodeIgniter\Boot::bootWeb(Object(Config\Paths))
12 SYSTEMPATH\rewrite.php(44): require_once('C:\\xampp\\htdocs\\240102048\\public\\index.php')
CRITICAL - 2025-10-01 08:48:40 --> ErrorException: Undefined variable $koperasi
[Method: GET, Route: /]
in APPPATH\Views\index.php on line 20.
 1 APPPATH\Views\index.php(20): CodeIgniter\Debug\Exceptions->errorHandler(2, 'Undefined variable $koperasi', 'C:\\xampp\\htdocs\\240102048\\app\\Views\\index.php', 20)
 2 SYSTEMPATH\View\View.php(226): include('C:\\xampp\\htdocs\\240102048\\app\\Views\\index.php')
 3 SYSTEMPATH\View\View.php(229): CodeIgniter\View\View->CodeIgniter\View\{closure}()
 4 SYSTEMPATH\Common.php(1167): CodeIgniter\View\View->render('index', [], true)
 5 APPPATH\Controllers\Pages.php(10): view('index')
 6 SYSTEMPATH\CodeIgniter.php(933): App\Controllers\Pages->index()
 7 SYSTEMPATH\CodeIgniter.php(507): CodeIgniter\CodeIgniter->runController(Object(App\Controllers\Pages))
 8 SYSTEMPATH\CodeIgniter.php(354): CodeIgniter\CodeIgniter->handleRequest(null, Object(Config\Cache), false)
 9 SYSTEMPATH\Boot.php(363): CodeIgniter\CodeIgniter->run()
10 SYSTEMPATH\Boot.php(68): CodeIgniter\Boot::runCodeIgniter(Object(CodeIgniter\CodeIgniter))
11 FCPATH\index.php(59): CodeIgniter\Boot::bootWeb(Object(Config\Paths))
12 SYSTEMPATH\rewrite.php(44): require_once('C:\\xampp\\htdocs\\240102048\\public\\index.php')
CRITICAL - 2025-10-01 08:49:40 --> ErrorException: Undefined variable $koperasi
[Method: GET, Route: /]
in APPPATH\Views\index.php on line 20.
 1 APPPATH\Views\index.php(20): CodeIgniter\Debug\Exceptions->errorHandler(2, 'Undefined variable $koperasi', 'C:\\xampp\\htdocs\\240102048\\app\\Views\\index.php', 20)
 2 SYSTEMPATH\View\View.php(226): include('C:\\xampp\\htdocs\\240102048\\app\\Views\\index.php')
 3 SYSTEMPATH\View\View.php(229): CodeIgniter\View\View->CodeIgniter\View\{closure}()
 4 SYSTEMPATH\Common.php(1167): CodeIgniter\View\View->render('index', [], true)
 5 APPPATH\Controllers\Pages.php(10): view('index')
 6 SYSTEMPATH\CodeIgniter.php(933): App\Controllers\Pages->index()
 7 SYSTEMPATH\CodeIgniter.php(507): CodeIgniter\CodeIgniter->runController(Object(App\Controllers\Pages))
 8 SYSTEMPATH\CodeIgniter.php(354): CodeIgniter\CodeIgniter->handleRequest(null, Object(Config\Cache), false)
 9 SYSTEMPATH\Boot.php(363): CodeIgniter\CodeIgniter->run()
10 SYSTEMPATH\Boot.php(68): CodeIgniter\Boot::runCodeIgniter(Object(CodeIgniter\CodeIgniter))
11 FCPATH\index.php(59): CodeIgniter\Boot::bootWeb(Object(Config\Paths))
12 SYSTEMPATH\rewrite.php(44): require_once('C:\\xampp\\htdocs\\240102048\\public\\index.php')
CRITICAL - 2025-10-01 08:49:40 --> ErrorException: Undefined variable $koperasi
[Method: GET, Route: /]
in APPPATH\Views\index.php on line 20.
 1 APPPATH\Views\index.php(20): CodeIgniter\Debug\Exceptions->errorHandler(2, 'Undefined variable $koperasi', 'C:\\xampp\\htdocs\\240102048\\app\\Views\\index.php', 20)
 2 SYSTEMPATH\View\View.php(226): include('C:\\xampp\\htdocs\\240102048\\app\\Views\\index.php')
 3 SYSTEMPATH\View\View.php(229): CodeIgniter\View\View->CodeIgniter\View\{closure}()
 4 SYSTEMPATH\Common.php(1167): CodeIgniter\View\View->render('index', [], true)
 5 APPPATH\Controllers\Pages.php(10): view('index')
 6 SYSTEMPATH\CodeIgniter.php(933): App\Controllers\Pages->index()
 7 SYSTEMPATH\CodeIgniter.php(507): CodeIgniter\CodeIgniter->runController(Object(App\Controllers\Pages))
 8 SYSTEMPATH\CodeIgniter.php(354): CodeIgniter\CodeIgniter->handleRequest(null, Object(Config\Cache), false)
 9 SYSTEMPATH\Boot.php(363): CodeIgniter\CodeIgniter->run()
10 SYSTEMPATH\Boot.php(68): CodeIgniter\Boot::runCodeIgniter(Object(CodeIgniter\CodeIgniter))
11 FCPATH\index.php(59): CodeIgniter\Boot::bootWeb(Object(Config\Paths))
12 SYSTEMPATH\rewrite.php(44): require_once('C:\\xampp\\htdocs\\240102048\\public\\index.php')
CRITICAL - 2025-10-01 08:49:41 --> ErrorException: Undefined variable $koperasi
[Method: GET, Route: /]
in APPPATH\Views\index.php on line 20.
 1 APPPATH\Views\index.php(20): CodeIgniter\Debug\Exceptions->errorHandler(2, 'Undefined variable $koperasi', 'C:\\xampp\\htdocs\\240102048\\app\\Views\\index.php', 20)
 2 SYSTEMPATH\View\View.php(226): include('C:\\xampp\\htdocs\\240102048\\app\\Views\\index.php')
 3 SYSTEMPATH\View\View.php(229): CodeIgniter\View\View->CodeIgniter\View\{closure}()
 4 SYSTEMPATH\Common.php(1167): CodeIgniter\View\View->render('index', [], true)
 5 APPPATH\Controllers\Pages.php(10): view('index')
 6 SYSTEMPATH\CodeIgniter.php(933): App\Controllers\Pages->index()
 7 SYSTEMPATH\CodeIgniter.php(507): CodeIgniter\CodeIgniter->runController(Object(App\Controllers\Pages))
 8 SYSTEMPATH\CodeIgniter.php(354): CodeIgniter\CodeIgniter->handleRequest(null, Object(Config\Cache), false)
 9 SYSTEMPATH\Boot.php(363): CodeIgniter\CodeIgniter->run()
10 SYSTEMPATH\Boot.php(68): CodeIgniter\Boot::runCodeIgniter(Object(CodeIgniter\CodeIgniter))
11 FCPATH\index.php(59): CodeIgniter\Boot::bootWeb(Object(Config\Paths))
12 SYSTEMPATH\rewrite.php(44): require_once('C:\\xampp\\htdocs\\240102048\\public\\index.php')
CRITICAL - 2025-10-01 08:49:41 --> ErrorException: Undefined variable $koperasi
[Method: GET, Route: /]
in APPPATH\Views\index.php on line 20.
 1 APPPATH\Views\index.php(20): CodeIgniter\Debug\Exceptions->errorHandler(2, 'Undefined variable $koperasi', 'C:\\xampp\\htdocs\\240102048\\app\\Views\\index.php', 20)
 2 SYSTEMPATH\View\View.php(226): include('C:\\xampp\\htdocs\\240102048\\app\\Views\\index.php')
 3 SYSTEMPATH\View\View.php(229): CodeIgniter\View\View->CodeIgniter\View\{closure}()
 4 SYSTEMPATH\Common.php(1167): CodeIgniter\View\View->render('index', [], true)
 5 APPPATH\Controllers\Pages.php(10): view('index')
 6 SYSTEMPATH\CodeIgniter.php(933): App\Controllers\Pages->index()
 7 SYSTEMPATH\CodeIgniter.php(507): CodeIgniter\CodeIgniter->runController(Object(App\Controllers\Pages))
 8 SYSTEMPATH\CodeIgniter.php(354): CodeIgniter\CodeIgniter->handleRequest(null, Object(Config\Cache), false)
 9 SYSTEMPATH\Boot.php(363): CodeIgniter\CodeIgniter->run()
10 SYSTEMPATH\Boot.php(68): CodeIgniter\Boot::runCodeIgniter(Object(CodeIgniter\CodeIgniter))
11 FCPATH\index.php(59): CodeIgniter\Boot::bootWeb(Object(Config\Paths))
12 SYSTEMPATH\rewrite.php(44): require_once('C:\\xampp\\htdocs\\240102048\\public\\index.php')
CRITICAL - 2025-10-01 08:49:41 --> ErrorException: Undefined variable $koperasi
[Method: GET, Route: /]
in APPPATH\Views\index.php on line 20.
 1 APPPATH\Views\index.php(20): CodeIgniter\Debug\Exceptions->errorHandler(2, 'Undefined variable $koperasi', 'C:\\xampp\\htdocs\\240102048\\app\\Views\\index.php', 20)
 2 SYSTEMPATH\View\View.php(226): include('C:\\xampp\\htdocs\\240102048\\app\\Views\\index.php')
 3 SYSTEMPATH\View\View.php(229): CodeIgniter\View\View->CodeIgniter\View\{closure}()
 4 SYSTEMPATH\Common.php(1167): CodeIgniter\View\View->render('index', [], true)
 5 APPPATH\Controllers\Pages.php(10): view('index')
 6 SYSTEMPATH\CodeIgniter.php(933): App\Controllers\Pages->index()
 7 SYSTEMPATH\CodeIgniter.php(507): CodeIgniter\CodeIgniter->runController(Object(App\Controllers\Pages))
 8 SYSTEMPATH\CodeIgniter.php(354): CodeIgniter\CodeIgniter->handleRequest(null, Object(Config\Cache), false)
 9 SYSTEMPATH\Boot.php(363): CodeIgniter\CodeIgniter->run()
10 SYSTEMPATH\Boot.php(68): CodeIgniter\Boot::runCodeIgniter(Object(CodeIgniter\CodeIgniter))
11 FCPATH\index.php(59): CodeIgniter\Boot::bootWeb(Object(Config\Paths))
12 SYSTEMPATH\rewrite.php(44): require_once('C:\\xampp\\htdocs\\240102048\\public\\index.php')
CRITICAL - 2025-10-01 08:49:41 --> ErrorException: Undefined variable $koperasi
[Method: GET, Route: /]
in APPPATH\Views\index.php on line 20.
 1 APPPATH\Views\index.php(20): CodeIgniter\Debug\Exceptions->errorHandler(2, 'Undefined variable $koperasi', 'C:\\xampp\\htdocs\\240102048\\app\\Views\\index.php', 20)
 2 SYSTEMPATH\View\View.php(226): include('C:\\xampp\\htdocs\\240102048\\app\\Views\\index.php')
 3 SYSTEMPATH\View\View.php(229): CodeIgniter\View\View->CodeIgniter\View\{closure}()
 4 SYSTEMPATH\Common.php(1167): CodeIgniter\View\View->render('index', [], true)
 5 APPPATH\Controllers\Pages.php(10): view('index')
 6 SYSTEMPATH\CodeIgniter.php(933): App\Controllers\Pages->index()
 7 SYSTEMPATH\CodeIgniter.php(507): CodeIgniter\CodeIgniter->runController(Object(App\Controllers\Pages))
 8 SYSTEMPATH\CodeIgniter.php(354): CodeIgniter\CodeIgniter->handleRequest(null, Object(Config\Cache), false)
 9 SYSTEMPATH\Boot.php(363): CodeIgniter\CodeIgniter->run()
10 SYSTEMPATH\Boot.php(68): CodeIgniter\Boot::runCodeIgniter(Object(CodeIgniter\CodeIgniter))
11 FCPATH\index.php(59): CodeIgniter\Boot::bootWeb(Object(Config\Paths))
12 SYSTEMPATH\rewrite.php(44): require_once('C:\\xampp\\htdocs\\240102048\\public\\index.php')
CRITICAL - 2025-10-01 08:49:41 --> ErrorException: Undefined variable $koperasi
[Method: GET, Route: /]
in APPPATH\Views\index.php on line 20.
 1 APPPATH\Views\index.php(20): CodeIgniter\Debug\Exceptions->errorHandler(2, 'Undefined variable $koperasi', 'C:\\xampp\\htdocs\\240102048\\app\\Views\\index.php', 20)
 2 SYSTEMPATH\View\View.php(226): include('C:\\xampp\\htdocs\\240102048\\app\\Views\\index.php')
 3 SYSTEMPATH\View\View.php(229): CodeIgniter\View\View->CodeIgniter\View\{closure}()
 4 SYSTEMPATH\Common.php(1167): CodeIgniter\View\View->render('index', [], true)
 5 APPPATH\Controllers\Pages.php(10): view('index')
 6 SYSTEMPATH\CodeIgniter.php(933): App\Controllers\Pages->index()
 7 SYSTEMPATH\CodeIgniter.php(507): CodeIgniter\CodeIgniter->runController(Object(App\Controllers\Pages))
 8 SYSTEMPATH\CodeIgniter.php(354): CodeIgniter\CodeIgniter->handleRequest(null, Object(Config\Cache), false)
 9 SYSTEMPATH\Boot.php(363): CodeIgniter\CodeIgniter->run()
10 SYSTEMPATH\Boot.php(68): CodeIgniter\Boot::runCodeIgniter(Object(CodeIgniter\CodeIgniter))
11 FCPATH\index.php(59): CodeIgniter\Boot::bootWeb(Object(Config\Paths))
12 SYSTEMPATH\rewrite.php(44): require_once('C:\\xampp\\htdocs\\240102048\\public\\index.php')
CRITICAL - 2025-10-01 08:49:42 --> ErrorException: Undefined variable $koperasi
[Method: GET, Route: /]
in APPPATH\Views\index.php on line 20.
 1 APPPATH\Views\index.php(20): CodeIgniter\Debug\Exceptions->errorHandler(2, 'Undefined variable $koperasi', 'C:\\xampp\\htdocs\\240102048\\app\\Views\\index.php', 20)
 2 SYSTEMPATH\View\View.php(226): include('C:\\xampp\\htdocs\\240102048\\app\\Views\\index.php')
 3 SYSTEMPATH\View\View.php(229): CodeIgniter\View\View->CodeIgniter\View\{closure}()
 4 SYSTEMPATH\Common.php(1167): CodeIgniter\View\View->render('index', [], true)
 5 APPPATH\Controllers\Pages.php(10): view('index')
 6 SYSTEMPATH\CodeIgniter.php(933): App\Controllers\Pages->index()
 7 SYSTEMPATH\CodeIgniter.php(507): CodeIgniter\CodeIgniter->runController(Object(App\Controllers\Pages))
 8 SYSTEMPATH\CodeIgniter.php(354): CodeIgniter\CodeIgniter->handleRequest(null, Object(Config\Cache), false)
 9 SYSTEMPATH\Boot.php(363): CodeIgniter\CodeIgniter->run()
10 SYSTEMPATH\Boot.php(68): CodeIgniter\Boot::runCodeIgniter(Object(CodeIgniter\CodeIgniter))
11 FCPATH\index.php(59): CodeIgniter\Boot::bootWeb(Object(Config\Paths))
12 SYSTEMPATH\rewrite.php(44): require_once('C:\\xampp\\htdocs\\240102048\\public\\index.php')
CRITICAL - 2025-10-01 08:50:57 --> ErrorException: Undefined variable $koperasi
[Method: GET, Route: /]
in APPPATH\Views\index.php on line 20.
 1 APPPATH\Views\index.php(20): CodeIgniter\Debug\Exceptions->errorHandler(2, 'Undefined variable $koperasi', 'C:\\xampp\\htdocs\\240102048\\app\\Views\\index.php', 20)
 2 SYSTEMPATH\View\View.php(226): include('C:\\xampp\\htdocs\\240102048\\app\\Views\\index.php')
 3 SYSTEMPATH\View\View.php(229): CodeIgniter\View\View->CodeIgniter\View\{closure}()
 4 SYSTEMPATH\Common.php(1167): CodeIgniter\View\View->render('index', [], true)
 5 APPPATH\Controllers\Pages.php(10): view('index')
 6 SYSTEMPATH\CodeIgniter.php(933): App\Controllers\Pages->index()
 7 SYSTEMPATH\CodeIgniter.php(507): CodeIgniter\CodeIgniter->runController(Object(App\Controllers\Pages))
 8 SYSTEMPATH\CodeIgniter.php(354): CodeIgniter\CodeIgniter->handleRequest(null, Object(Config\Cache), false)
 9 SYSTEMPATH\Boot.php(363): CodeIgniter\CodeIgniter->run()
10 SYSTEMPATH\Boot.php(68): CodeIgniter\Boot::runCodeIgniter(Object(CodeIgniter\CodeIgniter))
11 FCPATH\index.php(59): CodeIgniter\Boot::bootWeb(Object(Config\Paths))
12 SYSTEMPATH\rewrite.php(44): require_once('C:\\xampp\\htdocs\\240102048\\public\\index.php')
CRITICAL - 2025-10-01 08:52:34 --> ErrorException: Undefined variable $koperasi
[Method: GET, Route: /]
in APPPATH\Views\index.php on line 20.
 1 APPPATH\Views\index.php(20): CodeIgniter\Debug\Exceptions->errorHandler(2, 'Undefined variable $koperasi', 'C:\\xampp\\htdocs\\240102048\\app\\Views\\index.php', 20)
 2 SYSTEMPATH\View\View.php(226): include('C:\\xampp\\htdocs\\240102048\\app\\Views\\index.php')
 3 SYSTEMPATH\View\View.php(229): CodeIgniter\View\View->CodeIgniter\View\{closure}()
 4 SYSTEMPATH\Common.php(1167): CodeIgniter\View\View->render('index', [], true)
 5 APPPATH\Controllers\Pages.php(10): view('index')
 6 SYSTEMPATH\CodeIgniter.php(933): App\Controllers\Pages->index()
 7 SYSTEMPATH\CodeIgniter.php(507): CodeIgniter\CodeIgniter->runController(Object(App\Controllers\Pages))
 8 SYSTEMPATH\CodeIgniter.php(354): CodeIgniter\CodeIgniter->handleRequest(null, Object(Config\Cache), false)
 9 SYSTEMPATH\Boot.php(363): CodeIgniter\CodeIgniter->run()
10 SYSTEMPATH\Boot.php(68): CodeIgniter\Boot::runCodeIgniter(Object(CodeIgniter\CodeIgniter))
11 FCPATH\index.php(59): CodeIgniter\Boot::bootWeb(Object(Config\Paths))
12 SYSTEMPATH\rewrite.php(44): require_once('C:\\xampp\\htdocs\\240102048\\public\\index.php')
CRITICAL - 2025-10-01 08:52:35 --> ErrorException: Undefined variable $koperasi
[Method: GET, Route: /]
in APPPATH\Views\index.php on line 20.
 1 APPPATH\Views\index.php(20): CodeIgniter\Debug\Exceptions->errorHandler(2, 'Undefined variable $koperasi', 'C:\\xampp\\htdocs\\240102048\\app\\Views\\index.php', 20)
 2 SYSTEMPATH\View\View.php(226): include('C:\\xampp\\htdocs\\240102048\\app\\Views\\index.php')
 3 SYSTEMPATH\View\View.php(229): CodeIgniter\View\View->CodeIgniter\View\{closure}()
 4 SYSTEMPATH\Common.php(1167): CodeIgniter\View\View->render('index', [], true)
 5 APPPATH\Controllers\Pages.php(10): view('index')
 6 SYSTEMPATH\CodeIgniter.php(933): App\Controllers\Pages->index()
 7 SYSTEMPATH\CodeIgniter.php(507): CodeIgniter\CodeIgniter->runController(Object(App\Controllers\Pages))
 8 SYSTEMPATH\CodeIgniter.php(354): CodeIgniter\CodeIgniter->handleRequest(null, Object(Config\Cache), false)
 9 SYSTEMPATH\Boot.php(363): CodeIgniter\CodeIgniter->run()
10 SYSTEMPATH\Boot.php(68): CodeIgniter\Boot::runCodeIgniter(Object(CodeIgniter\CodeIgniter))
11 FCPATH\index.php(59): CodeIgniter\Boot::bootWeb(Object(Config\Paths))
12 SYSTEMPATH\rewrite.php(44): require_once('C:\\xampp\\htdocs\\240102048\\public\\index.php')
CRITICAL - 2025-10-01 08:52:35 --> ErrorException: Undefined variable $koperasi
[Method: GET, Route: /]
in APPPATH\Views\index.php on line 20.
 1 APPPATH\Views\index.php(20): CodeIgniter\Debug\Exceptions->errorHandler(2, 'Undefined variable $koperasi', 'C:\\xampp\\htdocs\\240102048\\app\\Views\\index.php', 20)
 2 SYSTEMPATH\View\View.php(226): include('C:\\xampp\\htdocs\\240102048\\app\\Views\\index.php')
 3 SYSTEMPATH\View\View.php(229): CodeIgniter\View\View->CodeIgniter\View\{closure}()
 4 SYSTEMPATH\Common.php(1167): CodeIgniter\View\View->render('index', [], true)
 5 APPPATH\Controllers\Pages.php(10): view('index')
 6 SYSTEMPATH\CodeIgniter.php(933): App\Controllers\Pages->index()
 7 SYSTEMPATH\CodeIgniter.php(507): CodeIgniter\CodeIgniter->runController(Object(App\Controllers\Pages))
 8 SYSTEMPATH\CodeIgniter.php(354): CodeIgniter\CodeIgniter->handleRequest(null, Object(Config\Cache), false)
 9 SYSTEMPATH\Boot.php(363): CodeIgniter\CodeIgniter->run()
10 SYSTEMPATH\Boot.php(68): CodeIgniter\Boot::runCodeIgniter(Object(CodeIgniter\CodeIgniter))
11 FCPATH\index.php(59): CodeIgniter\Boot::bootWeb(Object(Config\Paths))
12 SYSTEMPATH\rewrite.php(44): require_once('C:\\xampp\\htdocs\\240102048\\public\\index.php')
CRITICAL - 2025-10-01 08:52:35 --> ErrorException: Undefined variable $koperasi
[Method: GET, Route: /]
in APPPATH\Views\index.php on line 20.
 1 APPPATH\Views\index.php(20): CodeIgniter\Debug\Exceptions->errorHandler(2, 'Undefined variable $koperasi', 'C:\\xampp\\htdocs\\240102048\\app\\Views\\index.php', 20)
 2 SYSTEMPATH\View\View.php(226): include('C:\\xampp\\htdocs\\240102048\\app\\Views\\index.php')
 3 SYSTEMPATH\View\View.php(229): CodeIgniter\View\View->CodeIgniter\View\{closure}()
 4 SYSTEMPATH\Common.php(1167): CodeIgniter\View\View->render('index', [], true)
 5 APPPATH\Controllers\Pages.php(10): view('index')
 6 SYSTEMPATH\CodeIgniter.php(933): App\Controllers\Pages->index()
 7 SYSTEMPATH\CodeIgniter.php(507): CodeIgniter\CodeIgniter->runController(Object(App\Controllers\Pages))
 8 SYSTEMPATH\CodeIgniter.php(354): CodeIgniter\CodeIgniter->handleRequest(null, Object(Config\Cache), false)
 9 SYSTEMPATH\Boot.php(363): CodeIgniter\CodeIgniter->run()
10 SYSTEMPATH\Boot.php(68): CodeIgniter\Boot::runCodeIgniter(Object(CodeIgniter\CodeIgniter))
11 FCPATH\index.php(59): CodeIgniter\Boot::bootWeb(Object(Config\Paths))
12 SYSTEMPATH\rewrite.php(44): require_once('C:\\xampp\\htdocs\\240102048\\public\\index.php')
CRITICAL - 2025-10-01 08:52:36 --> ErrorException: Undefined variable $koperasi
[Method: GET, Route: /]
in APPPATH\Views\index.php on line 20.
 1 APPPATH\Views\index.php(20): CodeIgniter\Debug\Exceptions->errorHandler(2, 'Undefined variable $koperasi', 'C:\\xampp\\htdocs\\240102048\\app\\Views\\index.php', 20)
 2 SYSTEMPATH\View\View.php(226): include('C:\\xampp\\htdocs\\240102048\\app\\Views\\index.php')
 3 SYSTEMPATH\View\View.php(229): CodeIgniter\View\View->CodeIgniter\View\{closure}()
 4 SYSTEMPATH\Common.php(1167): CodeIgniter\View\View->render('index', [], true)
 5 APPPATH\Controllers\Pages.php(10): view('index')
 6 SYSTEMPATH\CodeIgniter.php(933): App\Controllers\Pages->index()
 7 SYSTEMPATH\CodeIgniter.php(507): CodeIgniter\CodeIgniter->runController(Object(App\Controllers\Pages))
 8 SYSTEMPATH\CodeIgniter.php(354): CodeIgniter\CodeIgniter->handleRequest(null, Object(Config\Cache), false)
 9 SYSTEMPATH\Boot.php(363): CodeIgniter\CodeIgniter->run()
10 SYSTEMPATH\Boot.php(68): CodeIgniter\Boot::runCodeIgniter(Object(CodeIgniter\CodeIgniter))
11 FCPATH\index.php(59): CodeIgniter\Boot::bootWeb(Object(Config\Paths))
12 SYSTEMPATH\rewrite.php(44): require_once('C:\\xampp\\htdocs\\240102048\\public\\index.php')
CRITICAL - 2025-10-01 08:52:47 --> ErrorException: Undefined variable $member
[Method: GET, Route: /]
in APPPATH\Views\index.php on line 20.
 1 APPPATH\Views\index.php(20): CodeIgniter\Debug\Exceptions->errorHandler(2, 'Undefined variable $member', 'C:\\xampp\\htdocs\\240102048\\app\\Views\\index.php', 20)
 2 SYSTEMPATH\View\View.php(226): include('C:\\xampp\\htdocs\\240102048\\app\\Views\\index.php')
 3 SYSTEMPATH\View\View.php(229): CodeIgniter\View\View->CodeIgniter\View\{closure}()
 4 SYSTEMPATH\Common.php(1167): CodeIgniter\View\View->render('index', [], true)
 5 APPPATH\Controllers\Pages.php(10): view('index')
 6 SYSTEMPATH\CodeIgniter.php(933): App\Controllers\Pages->index()
 7 SYSTEMPATH\CodeIgniter.php(507): CodeIgniter\CodeIgniter->runController(Object(App\Controllers\Pages))
 8 SYSTEMPATH\CodeIgniter.php(354): CodeIgniter\CodeIgniter->handleRequest(null, Object(Config\Cache), false)
 9 SYSTEMPATH\Boot.php(363): CodeIgniter\CodeIgniter->run()
10 SYSTEMPATH\Boot.php(68): CodeIgniter\Boot::runCodeIgniter(Object(CodeIgniter\CodeIgniter))
11 FCPATH\index.php(59): CodeIgniter\Boot::bootWeb(Object(Config\Paths))
12 SYSTEMPATH\rewrite.php(44): require_once('C:\\xampp\\htdocs\\240102048\\public\\index.php')
CRITICAL - 2025-10-01 08:52:47 --> ErrorException: Undefined variable $member
[Method: GET, Route: /]
in APPPATH\Views\index.php on line 20.
 1 APPPATH\Views\index.php(20): CodeIgniter\Debug\Exceptions->errorHandler(2, 'Undefined variable $member', 'C:\\xampp\\htdocs\\240102048\\app\\Views\\index.php', 20)
 2 SYSTEMPATH\View\View.php(226): include('C:\\xampp\\htdocs\\240102048\\app\\Views\\index.php')
 3 SYSTEMPATH\View\View.php(229): CodeIgniter\View\View->CodeIgniter\View\{closure}()
 4 SYSTEMPATH\Common.php(1167): CodeIgniter\View\View->render('index', [], true)
 5 APPPATH\Controllers\Pages.php(10): view('index')
 6 SYSTEMPATH\CodeIgniter.php(933): App\Controllers\Pages->index()
 7 SYSTEMPATH\CodeIgniter.php(507): CodeIgniter\CodeIgniter->runController(Object(App\Controllers\Pages))
 8 SYSTEMPATH\CodeIgniter.php(354): CodeIgniter\CodeIgniter->handleRequest(null, Object(Config\Cache), false)
 9 SYSTEMPATH\Boot.php(363): CodeIgniter\CodeIgniter->run()
10 SYSTEMPATH\Boot.php(68): CodeIgniter\Boot::runCodeIgniter(Object(CodeIgniter\CodeIgniter))
11 FCPATH\index.php(59): CodeIgniter\Boot::bootWeb(Object(Config\Paths))
12 SYSTEMPATH\rewrite.php(44): require_once('C:\\xampp\\htdocs\\240102048\\public\\index.php')
CRITICAL - 2025-10-01 08:52:48 --> ErrorException: Undefined variable $member
[Method: GET, Route: /]
in APPPATH\Views\index.php on line 20.
 1 APPPATH\Views\index.php(20): CodeIgniter\Debug\Exceptions->errorHandler(2, 'Undefined variable $member', 'C:\\xampp\\htdocs\\240102048\\app\\Views\\index.php', 20)
 2 SYSTEMPATH\View\View.php(226): include('C:\\xampp\\htdocs\\240102048\\app\\Views\\index.php')
 3 SYSTEMPATH\View\View.php(229): CodeIgniter\View\View->CodeIgniter\View\{closure}()
 4 SYSTEMPATH\Common.php(1167): CodeIgniter\View\View->render('index', [], true)
 5 APPPATH\Controllers\Pages.php(10): view('index')
 6 SYSTEMPATH\CodeIgniter.php(933): App\Controllers\Pages->index()
 7 SYSTEMPATH\CodeIgniter.php(507): CodeIgniter\CodeIgniter->runController(Object(App\Controllers\Pages))
 8 SYSTEMPATH\CodeIgniter.php(354): CodeIgniter\CodeIgniter->handleRequest(null, Object(Config\Cache), false)
 9 SYSTEMPATH\Boot.php(363): CodeIgniter\CodeIgniter->run()
10 SYSTEMPATH\Boot.php(68): CodeIgniter\Boot::runCodeIgniter(Object(CodeIgniter\CodeIgniter))
11 FCPATH\index.php(59): CodeIgniter\Boot::bootWeb(Object(Config\Paths))
12 SYSTEMPATH\rewrite.php(44): require_once('C:\\xampp\\htdocs\\240102048\\public\\index.php')
CRITICAL - 2025-10-01 08:52:48 --> ErrorException: Undefined variable $member
[Method: GET, Route: /]
in APPPATH\Views\index.php on line 20.
 1 APPPATH\Views\index.php(20): CodeIgniter\Debug\Exceptions->errorHandler(2, 'Undefined variable $member', 'C:\\xampp\\htdocs\\240102048\\app\\Views\\index.php', 20)
 2 SYSTEMPATH\View\View.php(226): include('C:\\xampp\\htdocs\\240102048\\app\\Views\\index.php')
 3 SYSTEMPATH\View\View.php(229): CodeIgniter\View\View->CodeIgniter\View\{closure}()
 4 SYSTEMPATH\Common.php(1167): CodeIgniter\View\View->render('index', [], true)
 5 APPPATH\Controllers\Pages.php(10): view('index')
 6 SYSTEMPATH\CodeIgniter.php(933): App\Controllers\Pages->index()
 7 SYSTEMPATH\CodeIgniter.php(507): CodeIgniter\CodeIgniter->runController(Object(App\Controllers\Pages))
 8 SYSTEMPATH\CodeIgniter.php(354): CodeIgniter\CodeIgniter->handleRequest(null, Object(Config\Cache), false)
 9 SYSTEMPATH\Boot.php(363): CodeIgniter\CodeIgniter->run()
10 SYSTEMPATH\Boot.php(68): CodeIgniter\Boot::runCodeIgniter(Object(CodeIgniter\CodeIgniter))
11 FCPATH\index.php(59): CodeIgniter\Boot::bootWeb(Object(Config\Paths))
12 SYSTEMPATH\rewrite.php(44): require_once('C:\\xampp\\htdocs\\240102048\\public\\index.php')
CRITICAL - 2025-10-01 08:53:32 --> ErrorException: Undefined variable $member
[Method: GET, Route: /]
in APPPATH\Views\index.php on line 20.
 1 APPPATH\Views\index.php(20): CodeIgniter\Debug\Exceptions->errorHandler(2, 'Undefined variable $member', 'C:\\xampp\\htdocs\\240102048\\app\\Views\\index.php', 20)
 2 SYSTEMPATH\View\View.php(226): include('C:\\xampp\\htdocs\\240102048\\app\\Views\\index.php')
 3 SYSTEMPATH\View\View.php(229): CodeIgniter\View\View->CodeIgniter\View\{closure}()
 4 SYSTEMPATH\Common.php(1167): CodeIgniter\View\View->render('index', [], true)
 5 APPPATH\Controllers\Pages.php(10): view('index')
 6 SYSTEMPATH\CodeIgniter.php(933): App\Controllers\Pages->index()
 7 SYSTEMPATH\CodeIgniter.php(507): CodeIgniter\CodeIgniter->runController(Object(App\Controllers\Pages))
 8 SYSTEMPATH\CodeIgniter.php(354): CodeIgniter\CodeIgniter->handleRequest(null, Object(Config\Cache), false)
 9 SYSTEMPATH\Boot.php(363): CodeIgniter\CodeIgniter->run()
10 SYSTEMPATH\Boot.php(68): CodeIgniter\Boot::runCodeIgniter(Object(CodeIgniter\CodeIgniter))
11 FCPATH\index.php(59): CodeIgniter\Boot::bootWeb(Object(Config\Paths))
12 SYSTEMPATH\rewrite.php(44): require_once('C:\\xampp\\htdocs\\240102048\\public\\index.php')
CRITICAL - 2025-10-01 08:53:34 --> ErrorException: Undefined variable $member
[Method: GET, Route: /]
in APPPATH\Views\index.php on line 20.
 1 APPPATH\Views\index.php(20): CodeIgniter\Debug\Exceptions->errorHandler(2, 'Undefined variable $member', 'C:\\xampp\\htdocs\\240102048\\app\\Views\\index.php', 20)
 2 SYSTEMPATH\View\View.php(226): include('C:\\xampp\\htdocs\\240102048\\app\\Views\\index.php')
 3 SYSTEMPATH\View\View.php(229): CodeIgniter\View\View->CodeIgniter\View\{closure}()
 4 SYSTEMPATH\Common.php(1167): CodeIgniter\View\View->render('index', [], true)
 5 APPPATH\Controllers\Pages.php(10): view('index')
 6 SYSTEMPATH\CodeIgniter.php(933): App\Controllers\Pages->index()
 7 SYSTEMPATH\CodeIgniter.php(507): CodeIgniter\CodeIgniter->runController(Object(App\Controllers\Pages))
 8 SYSTEMPATH\CodeIgniter.php(354): CodeIgniter\CodeIgniter->handleRequest(null, Object(Config\Cache), false)
 9 SYSTEMPATH\Boot.php(363): CodeIgniter\CodeIgniter->run()
10 SYSTEMPATH\Boot.php(68): CodeIgniter\Boot::runCodeIgniter(Object(CodeIgniter\CodeIgniter))
11 FCPATH\index.php(59): CodeIgniter\Boot::bootWeb(Object(Config\Paths))
12 SYSTEMPATH\rewrite.php(44): require_once('C:\\xampp\\htdocs\\240102048\\public\\index.php')
CRITICAL - 2025-10-01 08:53:46 --> ErrorException: Undefined variable $member
[Method: GET, Route: /]
in APPPATH\Views\index.php on line 20.
 1 APPPATH\Views\index.php(20): CodeIgniter\Debug\Exceptions->errorHandler(2, 'Undefined variable $member', 'C:\\xampp\\htdocs\\240102048\\app\\Views\\index.php', 20)
 2 SYSTEMPATH\View\View.php(226): include('C:\\xampp\\htdocs\\240102048\\app\\Views\\index.php')
 3 SYSTEMPATH\View\View.php(229): CodeIgniter\View\View->CodeIgniter\View\{closure}()
 4 SYSTEMPATH\Common.php(1167): CodeIgniter\View\View->render('index', [], true)
 5 APPPATH\Controllers\Pages.php(10): view('index')
 6 SYSTEMPATH\CodeIgniter.php(933): App\Controllers\Pages->index()
 7 SYSTEMPATH\CodeIgniter.php(507): CodeIgniter\CodeIgniter->runController(Object(App\Controllers\Pages))
 8 SYSTEMPATH\CodeIgniter.php(354): CodeIgniter\CodeIgniter->handleRequest(null, Object(Config\Cache), false)
 9 SYSTEMPATH\Boot.php(363): CodeIgniter\CodeIgniter->run()
10 SYSTEMPATH\Boot.php(68): CodeIgniter\Boot::runCodeIgniter(Object(CodeIgniter\CodeIgniter))
11 FCPATH\index.php(59): CodeIgniter\Boot::bootWeb(Object(Config\Paths))
12 SYSTEMPATH\rewrite.php(44): require_once('C:\\xampp\\htdocs\\240102048\\public\\index.php')
CRITICAL - 2025-10-01 08:53:47 --> ErrorException: Undefined variable $member
[Method: GET, Route: /]
in APPPATH\Views\index.php on line 20.
 1 APPPATH\Views\index.php(20): CodeIgniter\Debug\Exceptions->errorHandler(2, 'Undefined variable $member', 'C:\\xampp\\htdocs\\240102048\\app\\Views\\index.php', 20)
 2 SYSTEMPATH\View\View.php(226): include('C:\\xampp\\htdocs\\240102048\\app\\Views\\index.php')
 3 SYSTEMPATH\View\View.php(229): CodeIgniter\View\View->CodeIgniter\View\{closure}()
 4 SYSTEMPATH\Common.php(1167): CodeIgniter\View\View->render('index', [], true)
 5 APPPATH\Controllers\Pages.php(10): view('index')
 6 SYSTEMPATH\CodeIgniter.php(933): App\Controllers\Pages->index()
 7 SYSTEMPATH\CodeIgniter.php(507): CodeIgniter\CodeIgniter->runController(Object(App\Controllers\Pages))
 8 SYSTEMPATH\CodeIgniter.php(354): CodeIgniter\CodeIgniter->handleRequest(null, Object(Config\Cache), false)
 9 SYSTEMPATH\Boot.php(363): CodeIgniter\CodeIgniter->run()
10 SYSTEMPATH\Boot.php(68): CodeIgniter\Boot::runCodeIgniter(Object(CodeIgniter\CodeIgniter))
11 FCPATH\index.php(59): CodeIgniter\Boot::bootWeb(Object(Config\Paths))
12 SYSTEMPATH\rewrite.php(44): require_once('C:\\xampp\\htdocs\\240102048\\public\\index.php')
CRITICAL - 2025-10-01 08:55:35 --> ErrorException: Undefined variable $member
[Method: GET, Route: /]
in APPPATH\Views\index.php on line 20.
 1 APPPATH\Views\index.php(20): CodeIgniter\Debug\Exceptions->errorHandler(2, 'Undefined variable $member', 'C:\\xampp\\htdocs\\240102048\\app\\Views\\index.php', 20)
 2 SYSTEMPATH\View\View.php(226): include('C:\\xampp\\htdocs\\240102048\\app\\Views\\index.php')
 3 SYSTEMPATH\View\View.php(229): CodeIgniter\View\View->CodeIgniter\View\{closure}()
 4 SYSTEMPATH\Common.php(1167): CodeIgniter\View\View->render('index', [], true)
 5 APPPATH\Controllers\Pages.php(10): view('index')
 6 SYSTEMPATH\CodeIgniter.php(933): App\Controllers\Pages->index()
 7 SYSTEMPATH\CodeIgniter.php(507): CodeIgniter\CodeIgniter->runController(Object(App\Controllers\Pages))
 8 SYSTEMPATH\CodeIgniter.php(354): CodeIgniter\CodeIgniter->handleRequest(null, Object(Config\Cache), false)
 9 SYSTEMPATH\Boot.php(363): CodeIgniter\CodeIgniter->run()
10 SYSTEMPATH\Boot.php(68): CodeIgniter\Boot::runCodeIgniter(Object(CodeIgniter\CodeIgniter))
11 FCPATH\index.php(59): CodeIgniter\Boot::bootWeb(Object(Config\Paths))
12 SYSTEMPATH\rewrite.php(44): require_once('C:\\xampp\\htdocs\\240102048\\public\\index.php')
CRITICAL - 2025-10-01 08:55:36 --> ErrorException: Undefined variable $member
[Method: GET, Route: /]
in APPPATH\Views\index.php on line 20.
 1 APPPATH\Views\index.php(20): CodeIgniter\Debug\Exceptions->errorHandler(2, 'Undefined variable $member', 'C:\\xampp\\htdocs\\240102048\\app\\Views\\index.php', 20)
 2 SYSTEMPATH\View\View.php(226): include('C:\\xampp\\htdocs\\240102048\\app\\Views\\index.php')
 3 SYSTEMPATH\View\View.php(229): CodeIgniter\View\View->CodeIgniter\View\{closure}()
 4 SYSTEMPATH\Common.php(1167): CodeIgniter\View\View->render('index', [], true)
 5 APPPATH\Controllers\Pages.php(10): view('index')
 6 SYSTEMPATH\CodeIgniter.php(933): App\Controllers\Pages->index()
 7 SYSTEMPATH\CodeIgniter.php(507): CodeIgniter\CodeIgniter->runController(Object(App\Controllers\Pages))
 8 SYSTEMPATH\CodeIgniter.php(354): CodeIgniter\CodeIgniter->handleRequest(null, Object(Config\Cache), false)
 9 SYSTEMPATH\Boot.php(363): CodeIgniter\CodeIgniter->run()
10 SYSTEMPATH\Boot.php(68): CodeIgniter\Boot::runCodeIgniter(Object(CodeIgniter\CodeIgniter))
11 FCPATH\index.php(59): CodeIgniter\Boot::bootWeb(Object(Config\Paths))
12 SYSTEMPATH\rewrite.php(44): require_once('C:\\xampp\\htdocs\\240102048\\public\\index.php')
CRITICAL - 2025-10-01 08:55:42 --> ErrorException: Undefined variable $member
[Method: GET, Route: /]
in APPPATH\Views\index.php on line 20.
 1 APPPATH\Views\index.php(20): CodeIgniter\Debug\Exceptions->errorHandler(2, 'Undefined variable $member', 'C:\\xampp\\htdocs\\240102048\\app\\Views\\index.php', 20)
 2 SYSTEMPATH\View\View.php(226): include('C:\\xampp\\htdocs\\240102048\\app\\Views\\index.php')
 3 SYSTEMPATH\View\View.php(229): CodeIgniter\View\View->CodeIgniter\View\{closure}()
 4 SYSTEMPATH\Common.php(1167): CodeIgniter\View\View->render('index', [], true)
 5 APPPATH\Controllers\Pages.php(10): view('index')
 6 SYSTEMPATH\CodeIgniter.php(933): App\Controllers\Pages->index()
 7 SYSTEMPATH\CodeIgniter.php(507): CodeIgniter\CodeIgniter->runController(Object(App\Controllers\Pages))
 8 SYSTEMPATH\CodeIgniter.php(354): CodeIgniter\CodeIgniter->handleRequest(null, Object(Config\Cache), false)
 9 SYSTEMPATH\Boot.php(363): CodeIgniter\CodeIgniter->run()
10 SYSTEMPATH\Boot.php(68): CodeIgniter\Boot::runCodeIgniter(Object(CodeIgniter\CodeIgniter))
11 FCPATH\index.php(59): CodeIgniter\Boot::bootWeb(Object(Config\Paths))
12 SYSTEMPATH\rewrite.php(44): require_once('C:\\xampp\\htdocs\\240102048\\public\\index.php')
CRITICAL - 2025-10-01 08:55:42 --> ErrorException: Undefined variable $member
[Method: GET, Route: /]
in APPPATH\Views\index.php on line 20.
 1 APPPATH\Views\index.php(20): CodeIgniter\Debug\Exceptions->errorHandler(2, 'Undefined variable $member', 'C:\\xampp\\htdocs\\240102048\\app\\Views\\index.php', 20)
 2 SYSTEMPATH\View\View.php(226): include('C:\\xampp\\htdocs\\240102048\\app\\Views\\index.php')
 3 SYSTEMPATH\View\View.php(229): CodeIgniter\View\View->CodeIgniter\View\{closure}()
 4 SYSTEMPATH\Common.php(1167): CodeIgniter\View\View->render('index', [], true)
 5 APPPATH\Controllers\Pages.php(10): view('index')
 6 SYSTEMPATH\CodeIgniter.php(933): App\Controllers\Pages->index()
 7 SYSTEMPATH\CodeIgniter.php(507): CodeIgniter\CodeIgniter->runController(Object(App\Controllers\Pages))
 8 SYSTEMPATH\CodeIgniter.php(354): CodeIgniter\CodeIgniter->handleRequest(null, Object(Config\Cache), false)
 9 SYSTEMPATH\Boot.php(363): CodeIgniter\CodeIgniter->run()
10 SYSTEMPATH\Boot.php(68): CodeIgniter\Boot::runCodeIgniter(Object(CodeIgniter\CodeIgniter))
11 FCPATH\index.php(59): CodeIgniter\Boot::bootWeb(Object(Config\Paths))
12 SYSTEMPATH\rewrite.php(44): require_once('C:\\xampp\\htdocs\\240102048\\public\\index.php')
CRITICAL - 2025-10-01 08:56:13 --> ErrorException: Undefined variable $member
[Method: GET, Route: /]
in APPPATH\Views\index.php on line 21.
 1 APPPATH\Views\index.php(21): CodeIgniter\Debug\Exceptions->errorHandler(2, 'Undefined variable $member', 'C:\\xampp\\htdocs\\240102048\\app\\Views\\index.php', 21)
 2 SYSTEMPATH\View\View.php(226): include('C:\\xampp\\htdocs\\240102048\\app\\Views\\index.php')
 3 SYSTEMPATH\View\View.php(229): CodeIgniter\View\View->CodeIgniter\View\{closure}()
 4 SYSTEMPATH\Common.php(1167): CodeIgniter\View\View->render('index', [], true)
 5 APPPATH\Controllers\Pages.php(10): view('index')
 6 SYSTEMPATH\CodeIgniter.php(933): App\Controllers\Pages->index()
 7 SYSTEMPATH\CodeIgniter.php(507): CodeIgniter\CodeIgniter->runController(Object(App\Controllers\Pages))
 8 SYSTEMPATH\CodeIgniter.php(354): CodeIgniter\CodeIgniter->handleRequest(null, Object(Config\Cache), false)
 9 SYSTEMPATH\Boot.php(363): CodeIgniter\CodeIgniter->run()
10 SYSTEMPATH\Boot.php(68): CodeIgniter\Boot::runCodeIgniter(Object(CodeIgniter\CodeIgniter))
11 FCPATH\index.php(59): CodeIgniter\Boot::bootWeb(Object(Config\Paths))
12 SYSTEMPATH\rewrite.php(44): require_once('C:\\xampp\\htdocs\\240102048\\public\\index.php')
CRITICAL - 2025-10-01 08:56:13 --> ErrorException: Undefined variable $member
[Method: GET, Route: /]
in APPPATH\Views\index.php on line 21.
 1 APPPATH\Views\index.php(21): CodeIgniter\Debug\Exceptions->errorHandler(2, 'Undefined variable $member', 'C:\\xampp\\htdocs\\240102048\\app\\Views\\index.php', 21)
 2 SYSTEMPATH\View\View.php(226): include('C:\\xampp\\htdocs\\240102048\\app\\Views\\index.php')
 3 SYSTEMPATH\View\View.php(229): CodeIgniter\View\View->CodeIgniter\View\{closure}()
 4 SYSTEMPATH\Common.php(1167): CodeIgniter\View\View->render('index', [], true)
 5 APPPATH\Controllers\Pages.php(10): view('index')
 6 SYSTEMPATH\CodeIgniter.php(933): App\Controllers\Pages->index()
 7 SYSTEMPATH\CodeIgniter.php(507): CodeIgniter\CodeIgniter->runController(Object(App\Controllers\Pages))
 8 SYSTEMPATH\CodeIgniter.php(354): CodeIgniter\CodeIgniter->handleRequest(null, Object(Config\Cache), false)
 9 SYSTEMPATH\Boot.php(363): CodeIgniter\CodeIgniter->run()
10 SYSTEMPATH\Boot.php(68): CodeIgniter\Boot::runCodeIgniter(Object(CodeIgniter\CodeIgniter))
11 FCPATH\index.php(59): CodeIgniter\Boot::bootWeb(Object(Config\Paths))
12 SYSTEMPATH\rewrite.php(44): require_once('C:\\xampp\\htdocs\\240102048\\public\\index.php')
CRITICAL - 2025-10-01 08:56:31 --> ErrorException: Undefined variable $Member
[Method: GET, Route: /]
in APPPATH\Views\index.php on line 21.
 1 APPPATH\Views\index.php(21): CodeIgniter\Debug\Exceptions->errorHandler(2, 'Undefined variable $Member', 'C:\\xampp\\htdocs\\240102048\\app\\Views\\index.php', 21)
 2 SYSTEMPATH\View\View.php(226): include('C:\\xampp\\htdocs\\240102048\\app\\Views\\index.php')
 3 SYSTEMPATH\View\View.php(229): CodeIgniter\View\View->CodeIgniter\View\{closure}()
 4 SYSTEMPATH\Common.php(1167): CodeIgniter\View\View->render('index', [], true)
 5 APPPATH\Controllers\Pages.php(10): view('index')
 6 SYSTEMPATH\CodeIgniter.php(933): App\Controllers\Pages->index()
 7 SYSTEMPATH\CodeIgniter.php(507): CodeIgniter\CodeIgniter->runController(Object(App\Controllers\Pages))
 8 SYSTEMPATH\CodeIgniter.php(354): CodeIgniter\CodeIgniter->handleRequest(null, Object(Config\Cache), false)
 9 SYSTEMPATH\Boot.php(363): CodeIgniter\CodeIgniter->run()
10 SYSTEMPATH\Boot.php(68): CodeIgniter\Boot::runCodeIgniter(Object(CodeIgniter\CodeIgniter))
11 FCPATH\index.php(59): CodeIgniter\Boot::bootWeb(Object(Config\Paths))
12 SYSTEMPATH\rewrite.php(44): require_once('C:\\xampp\\htdocs\\240102048\\public\\index.php')
CRITICAL - 2025-10-01 08:56:31 --> ErrorException: Undefined variable $Member
[Method: GET, Route: /]
in APPPATH\Views\index.php on line 21.
 1 APPPATH\Views\index.php(21): CodeIgniter\Debug\Exceptions->errorHandler(2, 'Undefined variable $Member', 'C:\\xampp\\htdocs\\240102048\\app\\Views\\index.php', 21)
 2 SYSTEMPATH\View\View.php(226): include('C:\\xampp\\htdocs\\240102048\\app\\Views\\index.php')
 3 SYSTEMPATH\View\View.php(229): CodeIgniter\View\View->CodeIgniter\View\{closure}()
 4 SYSTEMPATH\Common.php(1167): CodeIgniter\View\View->render('index', [], true)
 5 APPPATH\Controllers\Pages.php(10): view('index')
 6 SYSTEMPATH\CodeIgniter.php(933): App\Controllers\Pages->index()
 7 SYSTEMPATH\CodeIgniter.php(507): CodeIgniter\CodeIgniter->runController(Object(App\Controllers\Pages))
 8 SYSTEMPATH\CodeIgniter.php(354): CodeIgniter\CodeIgniter->handleRequest(null, Object(Config\Cache), false)
 9 SYSTEMPATH\Boot.php(363): CodeIgniter\CodeIgniter->run()
10 SYSTEMPATH\Boot.php(68): CodeIgniter\Boot::runCodeIgniter(Object(CodeIgniter\CodeIgniter))
11 FCPATH\index.php(59): CodeIgniter\Boot::bootWeb(Object(Config\Paths))
12 SYSTEMPATH\rewrite.php(44): require_once('C:\\xampp\\htdocs\\240102048\\public\\index.php')
CRITICAL - 2025-10-01 08:56:32 --> ErrorException: Undefined variable $Member
[Method: GET, Route: /]
in APPPATH\Views\index.php on line 21.
 1 APPPATH\Views\index.php(21): CodeIgniter\Debug\Exceptions->errorHandler(2, 'Undefined variable $Member', 'C:\\xampp\\htdocs\\240102048\\app\\Views\\index.php', 21)
 2 SYSTEMPATH\View\View.php(226): include('C:\\xampp\\htdocs\\240102048\\app\\Views\\index.php')
 3 SYSTEMPATH\View\View.php(229): CodeIgniter\View\View->CodeIgniter\View\{closure}()
 4 SYSTEMPATH\Common.php(1167): CodeIgniter\View\View->render('index', [], true)
 5 APPPATH\Controllers\Pages.php(10): view('index')
 6 SYSTEMPATH\CodeIgniter.php(933): App\Controllers\Pages->index()
 7 SYSTEMPATH\CodeIgniter.php(507): CodeIgniter\CodeIgniter->runController(Object(App\Controllers\Pages))
 8 SYSTEMPATH\CodeIgniter.php(354): CodeIgniter\CodeIgniter->handleRequest(null, Object(Config\Cache), false)
 9 SYSTEMPATH\Boot.php(363): CodeIgniter\CodeIgniter->run()
10 SYSTEMPATH\Boot.php(68): CodeIgniter\Boot::runCodeIgniter(Object(CodeIgniter\CodeIgniter))
11 FCPATH\index.php(59): CodeIgniter\Boot::bootWeb(Object(Config\Paths))
12 SYSTEMPATH\rewrite.php(44): require_once('C:\\xampp\\htdocs\\240102048\\public\\index.php')
CRITICAL - 2025-10-01 08:56:36 --> ErrorException: Undefined variable $member
[Method: GET, Route: /]
in APPPATH\Views\index.php on line 21.
 1 APPPATH\Views\index.php(21): CodeIgniter\Debug\Exceptions->errorHandler(2, 'Undefined variable $member', 'C:\\xampp\\htdocs\\240102048\\app\\Views\\index.php', 21)
 2 SYSTEMPATH\View\View.php(226): include('C:\\xampp\\htdocs\\240102048\\app\\Views\\index.php')
 3 SYSTEMPATH\View\View.php(229): CodeIgniter\View\View->CodeIgniter\View\{closure}()
 4 SYSTEMPATH\Common.php(1167): CodeIgniter\View\View->render('index', [], true)
 5 APPPATH\Controllers\Pages.php(10): view('index')
 6 SYSTEMPATH\CodeIgniter.php(933): App\Controllers\Pages->index()
 7 SYSTEMPATH\CodeIgniter.php(507): CodeIgniter\CodeIgniter->runController(Object(App\Controllers\Pages))
 8 SYSTEMPATH\CodeIgniter.php(354): CodeIgniter\CodeIgniter->handleRequest(null, Object(Config\Cache), false)
 9 SYSTEMPATH\Boot.php(363): CodeIgniter\CodeIgniter->run()
10 SYSTEMPATH\Boot.php(68): CodeIgniter\Boot::runCodeIgniter(Object(CodeIgniter\CodeIgniter))
11 FCPATH\index.php(59): CodeIgniter\Boot::bootWeb(Object(Config\Paths))
12 SYSTEMPATH\rewrite.php(44): require_once('C:\\xampp\\htdocs\\240102048\\public\\index.php')
CRITICAL - 2025-10-01 08:56:36 --> ErrorException: Undefined variable $member
[Method: GET, Route: /]
in APPPATH\Views\index.php on line 21.
 1 APPPATH\Views\index.php(21): CodeIgniter\Debug\Exceptions->errorHandler(2, 'Undefined variable $member', 'C:\\xampp\\htdocs\\240102048\\app\\Views\\index.php', 21)
 2 SYSTEMPATH\View\View.php(226): include('C:\\xampp\\htdocs\\240102048\\app\\Views\\index.php')
 3 SYSTEMPATH\View\View.php(229): CodeIgniter\View\View->CodeIgniter\View\{closure}()
 4 SYSTEMPATH\Common.php(1167): CodeIgniter\View\View->render('index', [], true)
 5 APPPATH\Controllers\Pages.php(10): view('index')
 6 SYSTEMPATH\CodeIgniter.php(933): App\Controllers\Pages->index()
 7 SYSTEMPATH\CodeIgniter.php(507): CodeIgniter\CodeIgniter->runController(Object(App\Controllers\Pages))
 8 SYSTEMPATH\CodeIgniter.php(354): CodeIgniter\CodeIgniter->handleRequest(null, Object(Config\Cache), false)
 9 SYSTEMPATH\Boot.php(363): CodeIgniter\CodeIgniter->run()
10 SYSTEMPATH\Boot.php(68): CodeIgniter\Boot::runCodeIgniter(Object(CodeIgniter\CodeIgniter))
11 FCPATH\index.php(59): CodeIgniter\Boot::bootWeb(Object(Config\Paths))
12 SYSTEMPATH\rewrite.php(44): require_once('C:\\xampp\\htdocs\\240102048\\public\\index.php')
CRITICAL - 2025-10-01 08:56:36 --> ErrorException: Undefined variable $member
[Method: GET, Route: /]
in APPPATH\Views\index.php on line 21.
 1 APPPATH\Views\index.php(21): CodeIgniter\Debug\Exceptions->errorHandler(2, 'Undefined variable $member', 'C:\\xampp\\htdocs\\240102048\\app\\Views\\index.php', 21)
 2 SYSTEMPATH\View\View.php(226): include('C:\\xampp\\htdocs\\240102048\\app\\Views\\index.php')
 3 SYSTEMPATH\View\View.php(229): CodeIgniter\View\View->CodeIgniter\View\{closure}()
 4 SYSTEMPATH\Common.php(1167): CodeIgniter\View\View->render('index', [], true)
 5 APPPATH\Controllers\Pages.php(10): view('index')
 6 SYSTEMPATH\CodeIgniter.php(933): App\Controllers\Pages->index()
 7 SYSTEMPATH\CodeIgniter.php(507): CodeIgniter\CodeIgniter->runController(Object(App\Controllers\Pages))
 8 SYSTEMPATH\CodeIgniter.php(354): CodeIgniter\CodeIgniter->handleRequest(null, Object(Config\Cache), false)
 9 SYSTEMPATH\Boot.php(363): CodeIgniter\CodeIgniter->run()
10 SYSTEMPATH\Boot.php(68): CodeIgniter\Boot::runCodeIgniter(Object(CodeIgniter\CodeIgniter))
11 FCPATH\index.php(59): CodeIgniter\Boot::bootWeb(Object(Config\Paths))
12 SYSTEMPATH\rewrite.php(44): require_once('C:\\xampp\\htdocs\\240102048\\public\\index.php')
CRITICAL - 2025-10-01 08:56:36 --> ErrorException: Undefined variable $member
[Method: GET, Route: /]
in APPPATH\Views\index.php on line 21.
 1 APPPATH\Views\index.php(21): CodeIgniter\Debug\Exceptions->errorHandler(2, 'Undefined variable $member', 'C:\\xampp\\htdocs\\240102048\\app\\Views\\index.php', 21)
 2 SYSTEMPATH\View\View.php(226): include('C:\\xampp\\htdocs\\240102048\\app\\Views\\index.php')
 3 SYSTEMPATH\View\View.php(229): CodeIgniter\View\View->CodeIgniter\View\{closure}()
 4 SYSTEMPATH\Common.php(1167): CodeIgniter\View\View->render('index', [], true)
 5 APPPATH\Controllers\Pages.php(10): view('index')
 6 SYSTEMPATH\CodeIgniter.php(933): App\Controllers\Pages->index()
 7 SYSTEMPATH\CodeIgniter.php(507): CodeIgniter\CodeIgniter->runController(Object(App\Controllers\Pages))
 8 SYSTEMPATH\CodeIgniter.php(354): CodeIgniter\CodeIgniter->handleRequest(null, Object(Config\Cache), false)
 9 SYSTEMPATH\Boot.php(363): CodeIgniter\CodeIgniter->run()
10 SYSTEMPATH\Boot.php(68): CodeIgniter\Boot::runCodeIgniter(Object(CodeIgniter\CodeIgniter))
11 FCPATH\index.php(59): CodeIgniter\Boot::bootWeb(Object(Config\Paths))
12 SYSTEMPATH\rewrite.php(44): require_once('C:\\xampp\\htdocs\\240102048\\public\\index.php')
CRITICAL - 2025-10-01 08:56:49 --> ErrorException: Undefined variable $member
[Method: GET, Route: /]
in APPPATH\Views\index.php on line 21.
 1 APPPATH\Views\index.php(21): CodeIgniter\Debug\Exceptions->errorHandler(2, 'Undefined variable $member', 'C:\\xampp\\htdocs\\240102048\\app\\Views\\index.php', 21)
 2 SYSTEMPATH\View\View.php(226): include('C:\\xampp\\htdocs\\240102048\\app\\Views\\index.php')
 3 SYSTEMPATH\View\View.php(229): CodeIgniter\View\View->CodeIgniter\View\{closure}()
 4 SYSTEMPATH\Common.php(1167): CodeIgniter\View\View->render('index', [], true)
 5 APPPATH\Controllers\Pages.php(10): view('index')
 6 SYSTEMPATH\CodeIgniter.php(933): App\Controllers\Pages->index()
 7 SYSTEMPATH\CodeIgniter.php(507): CodeIgniter\CodeIgniter->runController(Object(App\Controllers\Pages))
 8 SYSTEMPATH\CodeIgniter.php(354): CodeIgniter\CodeIgniter->handleRequest(null, Object(Config\Cache), false)
 9 SYSTEMPATH\Boot.php(363): CodeIgniter\CodeIgniter->run()
10 SYSTEMPATH\Boot.php(68): CodeIgniter\Boot::runCodeIgniter(Object(CodeIgniter\CodeIgniter))
11 FCPATH\index.php(59): CodeIgniter\Boot::bootWeb(Object(Config\Paths))
12 SYSTEMPATH\rewrite.php(44): require_once('C:\\xampp\\htdocs\\240102048\\public\\index.php')
CRITICAL - 2025-10-01 08:56:49 --> ErrorException: Undefined variable $member
[Method: GET, Route: /]
in APPPATH\Views\index.php on line 21.
 1 APPPATH\Views\index.php(21): CodeIgniter\Debug\Exceptions->errorHandler(2, 'Undefined variable $member', 'C:\\xampp\\htdocs\\240102048\\app\\Views\\index.php', 21)
 2 SYSTEMPATH\View\View.php(226): include('C:\\xampp\\htdocs\\240102048\\app\\Views\\index.php')
 3 SYSTEMPATH\View\View.php(229): CodeIgniter\View\View->CodeIgniter\View\{closure}()
 4 SYSTEMPATH\Common.php(1167): CodeIgniter\View\View->render('index', [], true)
 5 APPPATH\Controllers\Pages.php(10): view('index')
 6 SYSTEMPATH\CodeIgniter.php(933): App\Controllers\Pages->index()
 7 SYSTEMPATH\CodeIgniter.php(507): CodeIgniter\CodeIgniter->runController(Object(App\Controllers\Pages))
 8 SYSTEMPATH\CodeIgniter.php(354): CodeIgniter\CodeIgniter->handleRequest(null, Object(Config\Cache), false)
 9 SYSTEMPATH\Boot.php(363): CodeIgniter\CodeIgniter->run()
10 SYSTEMPATH\Boot.php(68): CodeIgniter\Boot::runCodeIgniter(Object(CodeIgniter\CodeIgniter))
11 FCPATH\index.php(59): CodeIgniter\Boot::bootWeb(Object(Config\Paths))
12 SYSTEMPATH\rewrite.php(44): require_once('C:\\xampp\\htdocs\\240102048\\public\\index.php')
CRITICAL - 2025-10-01 08:56:49 --> ErrorException: Undefined variable $member
[Method: GET, Route: /]
in APPPATH\Views\index.php on line 21.
 1 APPPATH\Views\index.php(21): CodeIgniter\Debug\Exceptions->errorHandler(2, 'Undefined variable $member', 'C:\\xampp\\htdocs\\240102048\\app\\Views\\index.php', 21)
 2 SYSTEMPATH\View\View.php(226): include('C:\\xampp\\htdocs\\240102048\\app\\Views\\index.php')
 3 SYSTEMPATH\View\View.php(229): CodeIgniter\View\View->CodeIgniter\View\{closure}()
 4 SYSTEMPATH\Common.php(1167): CodeIgniter\View\View->render('index', [], true)
 5 APPPATH\Controllers\Pages.php(10): view('index')
 6 SYSTEMPATH\CodeIgniter.php(933): App\Controllers\Pages->index()
 7 SYSTEMPATH\CodeIgniter.php(507): CodeIgniter\CodeIgniter->runController(Object(App\Controllers\Pages))
 8 SYSTEMPATH\CodeIgniter.php(354): CodeIgniter\CodeIgniter->handleRequest(null, Object(Config\Cache), false)
 9 SYSTEMPATH\Boot.php(363): CodeIgniter\CodeIgniter->run()
10 SYSTEMPATH\Boot.php(68): CodeIgniter\Boot::runCodeIgniter(Object(CodeIgniter\CodeIgniter))
11 FCPATH\index.php(59): CodeIgniter\Boot::bootWeb(Object(Config\Paths))
12 SYSTEMPATH\rewrite.php(44): require_once('C:\\xampp\\htdocs\\240102048\\public\\index.php')
CRITICAL - 2025-10-01 08:56:49 --> ErrorException: Undefined variable $member
[Method: GET, Route: /]
in APPPATH\Views\index.php on line 21.
 1 APPPATH\Views\index.php(21): CodeIgniter\Debug\Exceptions->errorHandler(2, 'Undefined variable $member', 'C:\\xampp\\htdocs\\240102048\\app\\Views\\index.php', 21)
 2 SYSTEMPATH\View\View.php(226): include('C:\\xampp\\htdocs\\240102048\\app\\Views\\index.php')
 3 SYSTEMPATH\View\View.php(229): CodeIgniter\View\View->CodeIgniter\View\{closure}()
 4 SYSTEMPATH\Common.php(1167): CodeIgniter\View\View->render('index', [], true)
 5 APPPATH\Controllers\Pages.php(10): view('index')
 6 SYSTEMPATH\CodeIgniter.php(933): App\Controllers\Pages->index()
 7 SYSTEMPATH\CodeIgniter.php(507): CodeIgniter\CodeIgniter->runController(Object(App\Controllers\Pages))
 8 SYSTEMPATH\CodeIgniter.php(354): CodeIgniter\CodeIgniter->handleRequest(null, Object(Config\Cache), false)
 9 SYSTEMPATH\Boot.php(363): CodeIgniter\CodeIgniter->run()
10 SYSTEMPATH\Boot.php(68): CodeIgniter\Boot::runCodeIgniter(Object(CodeIgniter\CodeIgniter))
11 FCPATH\index.php(59): CodeIgniter\Boot::bootWeb(Object(Config\Paths))
12 SYSTEMPATH\rewrite.php(44): require_once('C:\\xampp\\htdocs\\240102048\\public\\index.php')
CRITICAL - 2025-10-01 08:56:50 --> ErrorException: Undefined variable $member
[Method: GET, Route: /]
in APPPATH\Views\index.php on line 21.
 1 APPPATH\Views\index.php(21): CodeIgniter\Debug\Exceptions->errorHandler(2, 'Undefined variable $member', 'C:\\xampp\\htdocs\\240102048\\app\\Views\\index.php', 21)
 2 SYSTEMPATH\View\View.php(226): include('C:\\xampp\\htdocs\\240102048\\app\\Views\\index.php')
 3 SYSTEMPATH\View\View.php(229): CodeIgniter\View\View->CodeIgniter\View\{closure}()
 4 SYSTEMPATH\Common.php(1167): CodeIgniter\View\View->render('index', [], true)
 5 APPPATH\Controllers\Pages.php(10): view('index')
 6 SYSTEMPATH\CodeIgniter.php(933): App\Controllers\Pages->index()
 7 SYSTEMPATH\CodeIgniter.php(507): CodeIgniter\CodeIgniter->runController(Object(App\Controllers\Pages))
 8 SYSTEMPATH\CodeIgniter.php(354): CodeIgniter\CodeIgniter->handleRequest(null, Object(Config\Cache), false)
 9 SYSTEMPATH\Boot.php(363): CodeIgniter\CodeIgniter->run()
10 SYSTEMPATH\Boot.php(68): CodeIgniter\Boot::runCodeIgniter(Object(CodeIgniter\CodeIgniter))
11 FCPATH\index.php(59): CodeIgniter\Boot::bootWeb(Object(Config\Paths))
12 SYSTEMPATH\rewrite.php(44): require_once('C:\\xampp\\htdocs\\240102048\\public\\index.php')
CRITICAL - 2025-10-01 08:56:50 --> ErrorException: Undefined variable $member
[Method: GET, Route: /]
in APPPATH\Views\index.php on line 21.
 1 APPPATH\Views\index.php(21): CodeIgniter\Debug\Exceptions->errorHandler(2, 'Undefined variable $member', 'C:\\xampp\\htdocs\\240102048\\app\\Views\\index.php', 21)
 2 SYSTEMPATH\View\View.php(226): include('C:\\xampp\\htdocs\\240102048\\app\\Views\\index.php')
 3 SYSTEMPATH\View\View.php(229): CodeIgniter\View\View->CodeIgniter\View\{closure}()
 4 SYSTEMPATH\Common.php(1167): CodeIgniter\View\View->render('index', [], true)
 5 APPPATH\Controllers\Pages.php(10): view('index')
 6 SYSTEMPATH\CodeIgniter.php(933): App\Controllers\Pages->index()
 7 SYSTEMPATH\CodeIgniter.php(507): CodeIgniter\CodeIgniter->runController(Object(App\Controllers\Pages))
 8 SYSTEMPATH\CodeIgniter.php(354): CodeIgniter\CodeIgniter->handleRequest(null, Object(Config\Cache), false)
 9 SYSTEMPATH\Boot.php(363): CodeIgniter\CodeIgniter->run()
10 SYSTEMPATH\Boot.php(68): CodeIgniter\Boot::runCodeIgniter(Object(CodeIgniter\CodeIgniter))
11 FCPATH\index.php(59): CodeIgniter\Boot::bootWeb(Object(Config\Paths))
12 SYSTEMPATH\rewrite.php(44): require_once('C:\\xampp\\htdocs\\240102048\\public\\index.php')
CRITICAL - 2025-10-01 08:57:00 --> ErrorException: Undefined variable $Member
[Method: GET, Route: /]
in APPPATH\Views\index.php on line 21.
 1 APPPATH\Views\index.php(21): CodeIgniter\Debug\Exceptions->errorHandler(2, 'Undefined variable $Member', 'C:\\xampp\\htdocs\\240102048\\app\\Views\\index.php', 21)
 2 SYSTEMPATH\View\View.php(226): include('C:\\xampp\\htdocs\\240102048\\app\\Views\\index.php')
 3 SYSTEMPATH\View\View.php(229): CodeIgniter\View\View->CodeIgniter\View\{closure}()
 4 SYSTEMPATH\Common.php(1167): CodeIgniter\View\View->render('index', [], true)
 5 APPPATH\Controllers\Pages.php(10): view('index')
 6 SYSTEMPATH\CodeIgniter.php(933): App\Controllers\Pages->index()
 7 SYSTEMPATH\CodeIgniter.php(507): CodeIgniter\CodeIgniter->runController(Object(App\Controllers\Pages))
 8 SYSTEMPATH\CodeIgniter.php(354): CodeIgniter\CodeIgniter->handleRequest(null, Object(Config\Cache), false)
 9 SYSTEMPATH\Boot.php(363): CodeIgniter\CodeIgniter->run()
10 SYSTEMPATH\Boot.php(68): CodeIgniter\Boot::runCodeIgniter(Object(CodeIgniter\CodeIgniter))
11 FCPATH\index.php(59): CodeIgniter\Boot::bootWeb(Object(Config\Paths))
12 SYSTEMPATH\rewrite.php(44): require_once('C:\\xampp\\htdocs\\240102048\\public\\index.php')
CRITICAL - 2025-10-01 08:57:00 --> ErrorException: Undefined variable $Member
[Method: GET, Route: /]
in APPPATH\Views\index.php on line 21.
 1 APPPATH\Views\index.php(21): CodeIgniter\Debug\Exceptions->errorHandler(2, 'Undefined variable $Member', 'C:\\xampp\\htdocs\\240102048\\app\\Views\\index.php', 21)
 2 SYSTEMPATH\View\View.php(226): include('C:\\xampp\\htdocs\\240102048\\app\\Views\\index.php')
 3 SYSTEMPATH\View\View.php(229): CodeIgniter\View\View->CodeIgniter\View\{closure}()
 4 SYSTEMPATH\Common.php(1167): CodeIgniter\View\View->render('index', [], true)
 5 APPPATH\Controllers\Pages.php(10): view('index')
 6 SYSTEMPATH\CodeIgniter.php(933): App\Controllers\Pages->index()
 7 SYSTEMPATH\CodeIgniter.php(507): CodeIgniter\CodeIgniter->runController(Object(App\Controllers\Pages))
 8 SYSTEMPATH\CodeIgniter.php(354): CodeIgniter\CodeIgniter->handleRequest(null, Object(Config\Cache), false)
 9 SYSTEMPATH\Boot.php(363): CodeIgniter\CodeIgniter->run()
10 SYSTEMPATH\Boot.php(68): CodeIgniter\Boot::runCodeIgniter(Object(CodeIgniter\CodeIgniter))
11 FCPATH\index.php(59): CodeIgniter\Boot::bootWeb(Object(Config\Paths))
12 SYSTEMPATH\rewrite.php(44): require_once('C:\\xampp\\htdocs\\240102048\\public\\index.php')
CRITICAL - 2025-10-01 08:57:01 --> ErrorException: Undefined variable $Member
[Method: GET, Route: /]
in APPPATH\Views\index.php on line 21.
 1 APPPATH\Views\index.php(21): CodeIgniter\Debug\Exceptions->errorHandler(2, 'Undefined variable $Member', 'C:\\xampp\\htdocs\\240102048\\app\\Views\\index.php', 21)
 2 SYSTEMPATH\View\View.php(226): include('C:\\xampp\\htdocs\\240102048\\app\\Views\\index.php')
 3 SYSTEMPATH\View\View.php(229): CodeIgniter\View\View->CodeIgniter\View\{closure}()
 4 SYSTEMPATH\Common.php(1167): CodeIgniter\View\View->render('index', [], true)
 5 APPPATH\Controllers\Pages.php(10): view('index')
 6 SYSTEMPATH\CodeIgniter.php(933): App\Controllers\Pages->index()
 7 SYSTEMPATH\CodeIgniter.php(507): CodeIgniter\CodeIgniter->runController(Object(App\Controllers\Pages))
 8 SYSTEMPATH\CodeIgniter.php(354): CodeIgniter\CodeIgniter->handleRequest(null, Object(Config\Cache), false)
 9 SYSTEMPATH\Boot.php(363): CodeIgniter\CodeIgniter->run()
10 SYSTEMPATH\Boot.php(68): CodeIgniter\Boot::runCodeIgniter(Object(CodeIgniter\CodeIgniter))
11 FCPATH\index.php(59): CodeIgniter\Boot::bootWeb(Object(Config\Paths))
12 SYSTEMPATH\rewrite.php(44): require_once('C:\\xampp\\htdocs\\240102048\\public\\index.php')
CRITICAL - 2025-10-01 08:57:45 --> ErrorException: Undefined variable $member
[Method: GET, Route: /]
in APPPATH\Views\index.php on line 21.
 1 APPPATH\Views\index.php(21): CodeIgniter\Debug\Exceptions->errorHandler(2, 'Undefined variable $member', 'C:\\xampp\\htdocs\\240102048\\app\\Views\\index.php', 21)
 2 SYSTEMPATH\View\View.php(226): include('C:\\xampp\\htdocs\\240102048\\app\\Views\\index.php')
 3 SYSTEMPATH\View\View.php(229): CodeIgniter\View\View->CodeIgniter\View\{closure}()
 4 SYSTEMPATH\Common.php(1167): CodeIgniter\View\View->render('index', [], true)
 5 APPPATH\Controllers\Pages.php(10): view('index')
 6 SYSTEMPATH\CodeIgniter.php(933): App\Controllers\Pages->index()
 7 SYSTEMPATH\CodeIgniter.php(507): CodeIgniter\CodeIgniter->runController(Object(App\Controllers\Pages))
 8 SYSTEMPATH\CodeIgniter.php(354): CodeIgniter\CodeIgniter->handleRequest(null, Object(Config\Cache), false)
 9 SYSTEMPATH\Boot.php(363): CodeIgniter\CodeIgniter->run()
10 SYSTEMPATH\Boot.php(68): CodeIgniter\Boot::runCodeIgniter(Object(CodeIgniter\CodeIgniter))
11 FCPATH\index.php(59): CodeIgniter\Boot::bootWeb(Object(Config\Paths))
12 SYSTEMPATH\rewrite.php(44): require_once('C:\\xampp\\htdocs\\240102048\\public\\index.php')
CRITICAL - 2025-10-01 08:58:02 --> ErrorException: Undefined variable $member
[Method: GET, Route: /]
in APPPATH\Views\index.php on line 21.
 1 APPPATH\Views\index.php(21): CodeIgniter\Debug\Exceptions->errorHandler(2, 'Undefined variable $member', 'C:\\xampp\\htdocs\\240102048\\app\\Views\\index.php', 21)
 2 SYSTEMPATH\View\View.php(226): include('C:\\xampp\\htdocs\\240102048\\app\\Views\\index.php')
 3 SYSTEMPATH\View\View.php(229): CodeIgniter\View\View->CodeIgniter\View\{closure}()
 4 SYSTEMPATH\Common.php(1167): CodeIgniter\View\View->render('index', [], true)
 5 APPPATH\Controllers\Pages.php(10): view('index')
 6 SYSTEMPATH\CodeIgniter.php(933): App\Controllers\Pages->index()
 7 SYSTEMPATH\CodeIgniter.php(507): CodeIgniter\CodeIgniter->runController(Object(App\Controllers\Pages))
 8 SYSTEMPATH\CodeIgniter.php(354): CodeIgniter\CodeIgniter->handleRequest(null, Object(Config\Cache), false)
 9 SYSTEMPATH\Boot.php(363): CodeIgniter\CodeIgniter->run()
10 SYSTEMPATH\Boot.php(68): CodeIgniter\Boot::runCodeIgniter(Object(CodeIgniter\CodeIgniter))
11 FCPATH\index.php(59): CodeIgniter\Boot::bootWeb(Object(Config\Paths))
CRITICAL - 2025-10-01 08:58:20 --> ErrorException: Undefined variable $member
[Method: GET, Route: /]
in APPPATH\Views\index.php on line 20.
 1 APPPATH\Views\index.php(20): CodeIgniter\Debug\Exceptions->errorHandler(2, 'Undefined variable $member', 'C:\\xampp\\htdocs\\240102048\\app\\Views\\index.php', 20)
 2 SYSTEMPATH\View\View.php(226): include('C:\\xampp\\htdocs\\240102048\\app\\Views\\index.php')
 3 SYSTEMPATH\View\View.php(229): CodeIgniter\View\View->CodeIgniter\View\{closure}()
 4 SYSTEMPATH\Common.php(1167): CodeIgniter\View\View->render('index', [], true)
 5 APPPATH\Controllers\Pages.php(10): view('index')
 6 SYSTEMPATH\CodeIgniter.php(933): App\Controllers\Pages->index()
 7 SYSTEMPATH\CodeIgniter.php(507): CodeIgniter\CodeIgniter->runController(Object(App\Controllers\Pages))
 8 SYSTEMPATH\CodeIgniter.php(354): CodeIgniter\CodeIgniter->handleRequest(null, Object(Config\Cache), false)
 9 SYSTEMPATH\Boot.php(363): CodeIgniter\CodeIgniter->run()
10 SYSTEMPATH\Boot.php(68): CodeIgniter\Boot::runCodeIgniter(Object(CodeIgniter\CodeIgniter))
11 FCPATH\index.php(59): CodeIgniter\Boot::bootWeb(Object(Config\Paths))
CRITICAL - 2025-10-01 08:59:04 --> ErrorException: Undefined variable $member
[Method: GET, Route: /]
in APPPATH\Views\index.php on line 20.
 1 APPPATH\Views\index.php(20): CodeIgniter\Debug\Exceptions->errorHandler(2, 'Undefined variable $member', 'C:\\xampp\\htdocs\\240102048\\app\\Views\\index.php', 20)
 2 SYSTEMPATH\View\View.php(226): include('C:\\xampp\\htdocs\\240102048\\app\\Views\\index.php')
 3 SYSTEMPATH\View\View.php(229): CodeIgniter\View\View->CodeIgniter\View\{closure}()
 4 SYSTEMPATH\Common.php(1167): CodeIgniter\View\View->render('index', [], true)
 5 APPPATH\Controllers\Pages.php(10): view('index')
 6 SYSTEMPATH\CodeIgniter.php(933): App\Controllers\Pages->index()
 7 SYSTEMPATH\CodeIgniter.php(507): CodeIgniter\CodeIgniter->runController(Object(App\Controllers\Pages))
 8 SYSTEMPATH\CodeIgniter.php(354): CodeIgniter\CodeIgniter->handleRequest(null, Object(Config\Cache), false)
 9 SYSTEMPATH\Boot.php(363): CodeIgniter\CodeIgniter->run()
10 SYSTEMPATH\Boot.php(68): CodeIgniter\Boot::runCodeIgniter(Object(CodeIgniter\CodeIgniter))
11 FCPATH\index.php(59): CodeIgniter\Boot::bootWeb(Object(Config\Paths))
CRITICAL - 2025-10-01 08:59:04 --> ErrorException: Undefined variable $member
[Method: GET, Route: /]
in APPPATH\Views\index.php on line 20.
 1 APPPATH\Views\index.php(20): CodeIgniter\Debug\Exceptions->errorHandler(2, 'Undefined variable $member', 'C:\\xampp\\htdocs\\240102048\\app\\Views\\index.php', 20)
 2 SYSTEMPATH\View\View.php(226): include('C:\\xampp\\htdocs\\240102048\\app\\Views\\index.php')
 3 SYSTEMPATH\View\View.php(229): CodeIgniter\View\View->CodeIgniter\View\{closure}()
 4 SYSTEMPATH\Common.php(1167): CodeIgniter\View\View->render('index', [], true)
 5 APPPATH\Controllers\Pages.php(10): view('index')
 6 SYSTEMPATH\CodeIgniter.php(933): App\Controllers\Pages->index()
 7 SYSTEMPATH\CodeIgniter.php(507): CodeIgniter\CodeIgniter->runController(Object(App\Controllers\Pages))
 8 SYSTEMPATH\CodeIgniter.php(354): CodeIgniter\CodeIgniter->handleRequest(null, Object(Config\Cache), false)
 9 SYSTEMPATH\Boot.php(363): CodeIgniter\CodeIgniter->run()
10 SYSTEMPATH\Boot.php(68): CodeIgniter\Boot::runCodeIgniter(Object(CodeIgniter\CodeIgniter))
11 FCPATH\index.php(59): CodeIgniter\Boot::bootWeb(Object(Config\Paths))
CRITICAL - 2025-10-01 08:59:26 --> ErrorException: Undefined variable $member
[Method: GET, Route: /]
in APPPATH\Views\index.php on line 20.
 1 APPPATH\Views\index.php(20): CodeIgniter\Debug\Exceptions->errorHandler(2, 'Undefined variable $member', 'C:\\xampp\\htdocs\\240102048\\app\\Views\\index.php', 20)
 2 SYSTEMPATH\View\View.php(226): include('C:\\xampp\\htdocs\\240102048\\app\\Views\\index.php')
 3 SYSTEMPATH\View\View.php(229): CodeIgniter\View\View->CodeIgniter\View\{closure}()
 4 SYSTEMPATH\Common.php(1167): CodeIgniter\View\View->render('index', [], true)
 5 APPPATH\Controllers\Pages.php(10): view('index')
 6 SYSTEMPATH\CodeIgniter.php(933): App\Controllers\Pages->index()
 7 SYSTEMPATH\CodeIgniter.php(507): CodeIgniter\CodeIgniter->runController(Object(App\Controllers\Pages))
 8 SYSTEMPATH\CodeIgniter.php(354): CodeIgniter\CodeIgniter->handleRequest(null, Object(Config\Cache), false)
 9 SYSTEMPATH\Boot.php(363): CodeIgniter\CodeIgniter->run()
10 SYSTEMPATH\Boot.php(68): CodeIgniter\Boot::runCodeIgniter(Object(CodeIgniter\CodeIgniter))
11 FCPATH\index.php(59): CodeIgniter\Boot::bootWeb(Object(Config\Paths))
CRITICAL - 2025-10-01 09:00:53 --> ErrorException: Undefined variable $member
[Method: GET, Route: /]
in APPPATH\Views\index.php on line 20.
 1 APPPATH\Views\index.php(20): CodeIgniter\Debug\Exceptions->errorHandler(2, 'Undefined variable $member', 'C:\\xampp\\htdocs\\240102048\\app\\Views\\index.php', 20)
 2 SYSTEMPATH\View\View.php(226): include('C:\\xampp\\htdocs\\240102048\\app\\Views\\index.php')
 3 SYSTEMPATH\View\View.php(229): CodeIgniter\View\View->CodeIgniter\View\{closure}()
 4 SYSTEMPATH\Common.php(1167): CodeIgniter\View\View->render('index', [], true)
 5 APPPATH\Controllers\Pages.php(10): view('index')
 6 SYSTEMPATH\CodeIgniter.php(933): App\Controllers\Pages->index()
 7 SYSTEMPATH\CodeIgniter.php(507): CodeIgniter\CodeIgniter->runController(Object(App\Controllers\Pages))
 8 SYSTEMPATH\CodeIgniter.php(354): CodeIgniter\CodeIgniter->handleRequest(null, Object(Config\Cache), false)
 9 SYSTEMPATH\Boot.php(363): CodeIgniter\CodeIgniter->run()
10 SYSTEMPATH\Boot.php(68): CodeIgniter\Boot::runCodeIgniter(Object(CodeIgniter\CodeIgniter))
11 FCPATH\index.php(59): CodeIgniter\Boot::bootWeb(Object(Config\Paths))
12 SYSTEMPATH\rewrite.php(44): require_once('C:\\xampp\\htdocs\\240102048\\public\\index.php')
CRITICAL - 2025-10-01 09:00:53 --> ErrorException: Undefined variable $member
[Method: GET, Route: /]
in APPPATH\Views\index.php on line 20.
 1 APPPATH\Views\index.php(20): CodeIgniter\Debug\Exceptions->errorHandler(2, 'Undefined variable $member', 'C:\\xampp\\htdocs\\240102048\\app\\Views\\index.php', 20)
 2 SYSTEMPATH\View\View.php(226): include('C:\\xampp\\htdocs\\240102048\\app\\Views\\index.php')
 3 SYSTEMPATH\View\View.php(229): CodeIgniter\View\View->CodeIgniter\View\{closure}()
 4 SYSTEMPATH\Common.php(1167): CodeIgniter\View\View->render('index', [], true)
 5 APPPATH\Controllers\Pages.php(10): view('index')
 6 SYSTEMPATH\CodeIgniter.php(933): App\Controllers\Pages->index()
 7 SYSTEMPATH\CodeIgniter.php(507): CodeIgniter\CodeIgniter->runController(Object(App\Controllers\Pages))
 8 SYSTEMPATH\CodeIgniter.php(354): CodeIgniter\CodeIgniter->handleRequest(null, Object(Config\Cache), false)
 9 SYSTEMPATH\Boot.php(363): CodeIgniter\CodeIgniter->run()
10 SYSTEMPATH\Boot.php(68): CodeIgniter\Boot::runCodeIgniter(Object(CodeIgniter\CodeIgniter))
11 FCPATH\index.php(59): CodeIgniter\Boot::bootWeb(Object(Config\Paths))
12 SYSTEMPATH\rewrite.php(44): require_once('C:\\xampp\\htdocs\\240102048\\public\\index.php')
CRITICAL - 2025-10-01 09:00:53 --> ErrorException: Undefined variable $member
[Method: GET, Route: /]
in APPPATH\Views\index.php on line 20.
 1 APPPATH\Views\index.php(20): CodeIgniter\Debug\Exceptions->errorHandler(2, 'Undefined variable $member', 'C:\\xampp\\htdocs\\240102048\\app\\Views\\index.php', 20)
 2 SYSTEMPATH\View\View.php(226): include('C:\\xampp\\htdocs\\240102048\\app\\Views\\index.php')
 3 SYSTEMPATH\View\View.php(229): CodeIgniter\View\View->CodeIgniter\View\{closure}()
 4 SYSTEMPATH\Common.php(1167): CodeIgniter\View\View->render('index', [], true)
 5 APPPATH\Controllers\Pages.php(10): view('index')
 6 SYSTEMPATH\CodeIgniter.php(933): App\Controllers\Pages->index()
 7 SYSTEMPATH\CodeIgniter.php(507): CodeIgniter\CodeIgniter->runController(Object(App\Controllers\Pages))
 8 SYSTEMPATH\CodeIgniter.php(354): CodeIgniter\CodeIgniter->handleRequest(null, Object(Config\Cache), false)
 9 SYSTEMPATH\Boot.php(363): CodeIgniter\CodeIgniter->run()
10 SYSTEMPATH\Boot.php(68): CodeIgniter\Boot::runCodeIgniter(Object(CodeIgniter\CodeIgniter))
11 FCPATH\index.php(59): CodeIgniter\Boot::bootWeb(Object(Config\Paths))
12 SYSTEMPATH\rewrite.php(44): require_once('C:\\xampp\\htdocs\\240102048\\public\\index.php')
CRITICAL - 2025-10-01 09:00:53 --> ErrorException: Undefined variable $member
[Method: GET, Route: /]
in APPPATH\Views\index.php on line 20.
 1 APPPATH\Views\index.php(20): CodeIgniter\Debug\Exceptions->errorHandler(2, 'Undefined variable $member', 'C:\\xampp\\htdocs\\240102048\\app\\Views\\index.php', 20)
 2 SYSTEMPATH\View\View.php(226): include('C:\\xampp\\htdocs\\240102048\\app\\Views\\index.php')
 3 SYSTEMPATH\View\View.php(229): CodeIgniter\View\View->CodeIgniter\View\{closure}()
 4 SYSTEMPATH\Common.php(1167): CodeIgniter\View\View->render('index', [], true)
 5 APPPATH\Controllers\Pages.php(10): view('index')
 6 SYSTEMPATH\CodeIgniter.php(933): App\Controllers\Pages->index()
 7 SYSTEMPATH\CodeIgniter.php(507): CodeIgniter\CodeIgniter->runController(Object(App\Controllers\Pages))
 8 SYSTEMPATH\CodeIgniter.php(354): CodeIgniter\CodeIgniter->handleRequest(null, Object(Config\Cache), false)
 9 SYSTEMPATH\Boot.php(363): CodeIgniter\CodeIgniter->run()
10 SYSTEMPATH\Boot.php(68): CodeIgniter\Boot::runCodeIgniter(Object(CodeIgniter\CodeIgniter))
11 FCPATH\index.php(59): CodeIgniter\Boot::bootWeb(Object(Config\Paths))
12 SYSTEMPATH\rewrite.php(44): require_once('C:\\xampp\\htdocs\\240102048\\public\\index.php')
CRITICAL - 2025-10-01 09:01:32 --> ErrorException: Undefined variable $member
[Method: GET, Route: /]
in APPPATH\Views\index.php on line 20.
 1 APPPATH\Views\index.php(20): CodeIgniter\Debug\Exceptions->errorHandler(2, 'Undefined variable $member', 'C:\\xampp\\htdocs\\240102048\\app\\Views\\index.php', 20)
 2 SYSTEMPATH\View\View.php(226): include('C:\\xampp\\htdocs\\240102048\\app\\Views\\index.php')
 3 SYSTEMPATH\View\View.php(229): CodeIgniter\View\View->CodeIgniter\View\{closure}()
 4 SYSTEMPATH\Common.php(1167): CodeIgniter\View\View->render('index', [], true)
 5 APPPATH\Controllers\Pages.php(10): view('index')
 6 SYSTEMPATH\CodeIgniter.php(933): App\Controllers\Pages->index()
 7 SYSTEMPATH\CodeIgniter.php(507): CodeIgniter\CodeIgniter->runController(Object(App\Controllers\Pages))
 8 SYSTEMPATH\CodeIgniter.php(354): CodeIgniter\CodeIgniter->handleRequest(null, Object(Config\Cache), false)
 9 SYSTEMPATH\Boot.php(363): CodeIgniter\CodeIgniter->run()
10 SYSTEMPATH\Boot.php(68): CodeIgniter\Boot::runCodeIgniter(Object(CodeIgniter\CodeIgniter))
11 FCPATH\index.php(59): CodeIgniter\Boot::bootWeb(Object(Config\Paths))
12 SYSTEMPATH\rewrite.php(44): require_once('C:\\xampp\\htdocs\\240102048\\public\\index.php')
CRITICAL - 2025-10-01 09:03:25 --> ErrorException: Undefined variable $member
[Method: GET, Route: /]
in APPPATH\Views\index.php on line 20.
 1 APPPATH\Views\index.php(20): CodeIgniter\Debug\Exceptions->errorHandler(2, 'Undefined variable $member', 'C:\\xampp\\htdocs\\240102048\\app\\Views\\index.php', 20)
 2 SYSTEMPATH\View\View.php(226): include('C:\\xampp\\htdocs\\240102048\\app\\Views\\index.php')
 3 SYSTEMPATH\View\View.php(229): CodeIgniter\View\View->CodeIgniter\View\{closure}()
 4 SYSTEMPATH\Common.php(1167): CodeIgniter\View\View->render('index', [], true)
 5 APPPATH\Controllers\Pages.php(10): view('index')
 6 SYSTEMPATH\CodeIgniter.php(933): App\Controllers\Pages->index()
 7 SYSTEMPATH\CodeIgniter.php(507): CodeIgniter\CodeIgniter->runController(Object(App\Controllers\Pages))
 8 SYSTEMPATH\CodeIgniter.php(354): CodeIgniter\CodeIgniter->handleRequest(null, Object(Config\Cache), false)
 9 SYSTEMPATH\Boot.php(363): CodeIgniter\CodeIgniter->run()
10 SYSTEMPATH\Boot.php(68): CodeIgniter\Boot::runCodeIgniter(Object(CodeIgniter\CodeIgniter))
11 FCPATH\index.php(59): CodeIgniter\Boot::bootWeb(Object(Config\Paths))
12 SYSTEMPATH\rewrite.php(44): require_once('C:\\xampp\\htdocs\\240102048\\public\\index.php')
CRITICAL - 2025-10-01 09:03:30 --> ErrorException: Undefined variable $member
[Method: GET, Route: /]
in APPPATH\Views\index.php on line 20.
 1 APPPATH\Views\index.php(20): CodeIgniter\Debug\Exceptions->errorHandler(2, 'Undefined variable $member', 'C:\\xampp\\htdocs\\240102048\\app\\Views\\index.php', 20)
 2 SYSTEMPATH\View\View.php(226): include('C:\\xampp\\htdocs\\240102048\\app\\Views\\index.php')
 3 SYSTEMPATH\View\View.php(229): CodeIgniter\View\View->CodeIgniter\View\{closure}()
 4 SYSTEMPATH\Common.php(1167): CodeIgniter\View\View->render('index', [], true)
 5 APPPATH\Controllers\Pages.php(10): view('index')
 6 SYSTEMPATH\CodeIgniter.php(933): App\Controllers\Pages->index()
 7 SYSTEMPATH\CodeIgniter.php(507): CodeIgniter\CodeIgniter->runController(Object(App\Controllers\Pages))
 8 SYSTEMPATH\CodeIgniter.php(354): CodeIgniter\CodeIgniter->handleRequest(null, Object(Config\Cache), false)
 9 SYSTEMPATH\Boot.php(363): CodeIgniter\CodeIgniter->run()
10 SYSTEMPATH\Boot.php(68): CodeIgniter\Boot::runCodeIgniter(Object(CodeIgniter\CodeIgniter))
11 FCPATH\index.php(59): CodeIgniter\Boot::bootWeb(Object(Config\Paths))
12 SYSTEMPATH\rewrite.php(44): require_once('C:\\xampp\\htdocs\\240102048\\public\\index.php')
CRITICAL - 2025-10-01 09:03:47 --> ErrorException: Undefined variable $member
[Method: GET, Route: /]
in APPPATH\Views\index.php on line 20.
 1 APPPATH\Views\index.php(20): CodeIgniter\Debug\Exceptions->errorHandler(2, 'Undefined variable $member', 'C:\\xampp\\htdocs\\240102048\\app\\Views\\index.php', 20)
 2 SYSTEMPATH\View\View.php(226): include('C:\\xampp\\htdocs\\240102048\\app\\Views\\index.php')
 3 SYSTEMPATH\View\View.php(229): CodeIgniter\View\View->CodeIgniter\View\{closure}()
 4 SYSTEMPATH\Common.php(1167): CodeIgniter\View\View->render('index', [], true)
 5 APPPATH\Controllers\Pages.php(10): view('index')
 6 SYSTEMPATH\CodeIgniter.php(933): App\Controllers\Pages->index()
 7 SYSTEMPATH\CodeIgniter.php(507): CodeIgniter\CodeIgniter->runController(Object(App\Controllers\Pages))
 8 SYSTEMPATH\CodeIgniter.php(354): CodeIgniter\CodeIgniter->handleRequest(null, Object(Config\Cache), false)
 9 SYSTEMPATH\Boot.php(363): CodeIgniter\CodeIgniter->run()
10 SYSTEMPATH\Boot.php(68): CodeIgniter\Boot::runCodeIgniter(Object(CodeIgniter\CodeIgniter))
11 FCPATH\index.php(59): CodeIgniter\Boot::bootWeb(Object(Config\Paths))
12 SYSTEMPATH\rewrite.php(44): require_once('C:\\xampp\\htdocs\\240102048\\public\\index.php')
CRITICAL - 2025-10-01 09:03:47 --> ErrorException: Undefined variable $member
[Method: GET, Route: /]
in APPPATH\Views\index.php on line 20.
 1 APPPATH\Views\index.php(20): CodeIgniter\Debug\Exceptions->errorHandler(2, 'Undefined variable $member', 'C:\\xampp\\htdocs\\240102048\\app\\Views\\index.php', 20)
 2 SYSTEMPATH\View\View.php(226): include('C:\\xampp\\htdocs\\240102048\\app\\Views\\index.php')
 3 SYSTEMPATH\View\View.php(229): CodeIgniter\View\View->CodeIgniter\View\{closure}()
 4 SYSTEMPATH\Common.php(1167): CodeIgniter\View\View->render('index', [], true)
 5 APPPATH\Controllers\Pages.php(10): view('index')
 6 SYSTEMPATH\CodeIgniter.php(933): App\Controllers\Pages->index()
 7 SYSTEMPATH\CodeIgniter.php(507): CodeIgniter\CodeIgniter->runController(Object(App\Controllers\Pages))
 8 SYSTEMPATH\CodeIgniter.php(354): CodeIgniter\CodeIgniter->handleRequest(null, Object(Config\Cache), false)
 9 SYSTEMPATH\Boot.php(363): CodeIgniter\CodeIgniter->run()
10 SYSTEMPATH\Boot.php(68): CodeIgniter\Boot::runCodeIgniter(Object(CodeIgniter\CodeIgniter))
11 FCPATH\index.php(59): CodeIgniter\Boot::bootWeb(Object(Config\Paths))
12 SYSTEMPATH\rewrite.php(44): require_once('C:\\xampp\\htdocs\\240102048\\public\\index.php')
CRITICAL - 2025-10-01 09:03:47 --> ErrorException: Undefined variable $member
[Method: GET, Route: /]
in APPPATH\Views\index.php on line 20.
 1 APPPATH\Views\index.php(20): CodeIgniter\Debug\Exceptions->errorHandler(2, 'Undefined variable $member', 'C:\\xampp\\htdocs\\240102048\\app\\Views\\index.php', 20)
 2 SYSTEMPATH\View\View.php(226): include('C:\\xampp\\htdocs\\240102048\\app\\Views\\index.php')
 3 SYSTEMPATH\View\View.php(229): CodeIgniter\View\View->CodeIgniter\View\{closure}()
 4 SYSTEMPATH\Common.php(1167): CodeIgniter\View\View->render('index', [], true)
 5 APPPATH\Controllers\Pages.php(10): view('index')
 6 SYSTEMPATH\CodeIgniter.php(933): App\Controllers\Pages->index()
 7 SYSTEMPATH\CodeIgniter.php(507): CodeIgniter\CodeIgniter->runController(Object(App\Controllers\Pages))
 8 SYSTEMPATH\CodeIgniter.php(354): CodeIgniter\CodeIgniter->handleRequest(null, Object(Config\Cache), false)
 9 SYSTEMPATH\Boot.php(363): CodeIgniter\CodeIgniter->run()
10 SYSTEMPATH\Boot.php(68): CodeIgniter\Boot::runCodeIgniter(Object(CodeIgniter\CodeIgniter))
11 FCPATH\index.php(59): CodeIgniter\Boot::bootWeb(Object(Config\Paths))
12 SYSTEMPATH\rewrite.php(44): require_once('C:\\xampp\\htdocs\\240102048\\public\\index.php')
CRITICAL - 2025-10-01 09:03:48 --> ErrorException: Undefined variable $member
[Method: GET, Route: /]
in APPPATH\Views\index.php on line 20.
 1 APPPATH\Views\index.php(20): CodeIgniter\Debug\Exceptions->errorHandler(2, 'Undefined variable $member', 'C:\\xampp\\htdocs\\240102048\\app\\Views\\index.php', 20)
 2 SYSTEMPATH\View\View.php(226): include('C:\\xampp\\htdocs\\240102048\\app\\Views\\index.php')
 3 SYSTEMPATH\View\View.php(229): CodeIgniter\View\View->CodeIgniter\View\{closure}()
 4 SYSTEMPATH\Common.php(1167): CodeIgniter\View\View->render('index', [], true)
 5 APPPATH\Controllers\Pages.php(10): view('index')
 6 SYSTEMPATH\CodeIgniter.php(933): App\Controllers\Pages->index()
 7 SYSTEMPATH\CodeIgniter.php(507): CodeIgniter\CodeIgniter->runController(Object(App\Controllers\Pages))
 8 SYSTEMPATH\CodeIgniter.php(354): CodeIgniter\CodeIgniter->handleRequest(null, Object(Config\Cache), false)
 9 SYSTEMPATH\Boot.php(363): CodeIgniter\CodeIgniter->run()
10 SYSTEMPATH\Boot.php(68): CodeIgniter\Boot::runCodeIgniter(Object(CodeIgniter\CodeIgniter))
11 FCPATH\index.php(59): CodeIgniter\Boot::bootWeb(Object(Config\Paths))
12 SYSTEMPATH\rewrite.php(44): require_once('C:\\xampp\\htdocs\\240102048\\public\\index.php')
CRITICAL - 2025-10-01 09:03:48 --> ErrorException: Undefined variable $member
[Method: GET, Route: /]
in APPPATH\Views\index.php on line 20.
 1 APPPATH\Views\index.php(20): CodeIgniter\Debug\Exceptions->errorHandler(2, 'Undefined variable $member', 'C:\\xampp\\htdocs\\240102048\\app\\Views\\index.php', 20)
 2 SYSTEMPATH\View\View.php(226): include('C:\\xampp\\htdocs\\240102048\\app\\Views\\index.php')
 3 SYSTEMPATH\View\View.php(229): CodeIgniter\View\View->CodeIgniter\View\{closure}()
 4 SYSTEMPATH\Common.php(1167): CodeIgniter\View\View->render('index', [], true)
 5 APPPATH\Controllers\Pages.php(10): view('index')
 6 SYSTEMPATH\CodeIgniter.php(933): App\Controllers\Pages->index()
 7 SYSTEMPATH\CodeIgniter.php(507): CodeIgniter\CodeIgniter->runController(Object(App\Controllers\Pages))
 8 SYSTEMPATH\CodeIgniter.php(354): CodeIgniter\CodeIgniter->handleRequest(null, Object(Config\Cache), false)
 9 SYSTEMPATH\Boot.php(363): CodeIgniter\CodeIgniter->run()
10 SYSTEMPATH\Boot.php(68): CodeIgniter\Boot::runCodeIgniter(Object(CodeIgniter\CodeIgniter))
11 FCPATH\index.php(59): CodeIgniter\Boot::bootWeb(Object(Config\Paths))
12 SYSTEMPATH\rewrite.php(44): require_once('C:\\xampp\\htdocs\\240102048\\public\\index.php')
CRITICAL - 2025-10-01 09:04:36 --> ErrorException: Undefined variable $member
[Method: GET, Route: /]
in APPPATH\Views\index.php on line 20.
 1 APPPATH\Views\index.php(20): CodeIgniter\Debug\Exceptions->errorHandler(2, 'Undefined variable $member', 'C:\\xampp\\htdocs\\240102048\\app\\Views\\index.php', 20)
 2 SYSTEMPATH\View\View.php(226): include('C:\\xampp\\htdocs\\240102048\\app\\Views\\index.php')
 3 SYSTEMPATH\View\View.php(229): CodeIgniter\View\View->CodeIgniter\View\{closure}()
 4 SYSTEMPATH\Common.php(1167): CodeIgniter\View\View->render('index', [], true)
 5 APPPATH\Controllers\Pages.php(10): view('index')
 6 SYSTEMPATH\CodeIgniter.php(933): App\Controllers\Pages->index()
 7 SYSTEMPATH\CodeIgniter.php(507): CodeIgniter\CodeIgniter->runController(Object(App\Controllers\Pages))
 8 SYSTEMPATH\CodeIgniter.php(354): CodeIgniter\CodeIgniter->handleRequest(null, Object(Config\Cache), false)
 9 SYSTEMPATH\Boot.php(363): CodeIgniter\CodeIgniter->run()
10 SYSTEMPATH\Boot.php(68): CodeIgniter\Boot::runCodeIgniter(Object(CodeIgniter\CodeIgniter))
11 FCPATH\index.php(59): CodeIgniter\Boot::bootWeb(Object(Config\Paths))
12 SYSTEMPATH\rewrite.php(44): require_once('C:\\xampp\\htdocs\\240102048\\public\\index.php')
CRITICAL - 2025-10-01 09:04:59 --> ErrorException: Undefined variable $member
[Method: GET, Route: /]
in APPPATH\Views\index.php on line 20.
 1 APPPATH\Views\index.php(20): CodeIgniter\Debug\Exceptions->errorHandler(2, 'Undefined variable $member', 'C:\\xampp\\htdocs\\240102048\\app\\Views\\index.php', 20)
 2 SYSTEMPATH\View\View.php(226): include('C:\\xampp\\htdocs\\240102048\\app\\Views\\index.php')
 3 SYSTEMPATH\View\View.php(229): CodeIgniter\View\View->CodeIgniter\View\{closure}()
 4 SYSTEMPATH\Common.php(1167): CodeIgniter\View\View->render('index', [], true)
 5 APPPATH\Controllers\Pages.php(10): view('index')
 6 SYSTEMPATH\CodeIgniter.php(933): App\Controllers\Pages->index()
 7 SYSTEMPATH\CodeIgniter.php(507): CodeIgniter\CodeIgniter->runController(Object(App\Controllers\Pages))
 8 SYSTEMPATH\CodeIgniter.php(354): CodeIgniter\CodeIgniter->handleRequest(null, Object(Config\Cache), false)
 9 SYSTEMPATH\Boot.php(363): CodeIgniter\CodeIgniter->run()
10 SYSTEMPATH\Boot.php(68): CodeIgniter\Boot::runCodeIgniter(Object(CodeIgniter\CodeIgniter))
11 FCPATH\index.php(59): CodeIgniter\Boot::bootWeb(Object(Config\Paths))
12 SYSTEMPATH\rewrite.php(44): require_once('C:\\xampp\\htdocs\\240102048\\public\\index.php')
CRITICAL - 2025-10-01 09:04:59 --> ErrorException: Undefined variable $member
[Method: GET, Route: /]
in APPPATH\Views\index.php on line 20.
 1 APPPATH\Views\index.php(20): CodeIgniter\Debug\Exceptions->errorHandler(2, 'Undefined variable $member', 'C:\\xampp\\htdocs\\240102048\\app\\Views\\index.php', 20)
 2 SYSTEMPATH\View\View.php(226): include('C:\\xampp\\htdocs\\240102048\\app\\Views\\index.php')
 3 SYSTEMPATH\View\View.php(229): CodeIgniter\View\View->CodeIgniter\View\{closure}()
 4 SYSTEMPATH\Common.php(1167): CodeIgniter\View\View->render('index', [], true)
 5 APPPATH\Controllers\Pages.php(10): view('index')
 6 SYSTEMPATH\CodeIgniter.php(933): App\Controllers\Pages->index()
 7 SYSTEMPATH\CodeIgniter.php(507): CodeIgniter\CodeIgniter->runController(Object(App\Controllers\Pages))
 8 SYSTEMPATH\CodeIgniter.php(354): CodeIgniter\CodeIgniter->handleRequest(null, Object(Config\Cache), false)
 9 SYSTEMPATH\Boot.php(363): CodeIgniter\CodeIgniter->run()
10 SYSTEMPATH\Boot.php(68): CodeIgniter\Boot::runCodeIgniter(Object(CodeIgniter\CodeIgniter))
11 FCPATH\index.php(59): CodeIgniter\Boot::bootWeb(Object(Config\Paths))
12 SYSTEMPATH\rewrite.php(44): require_once('C:\\xampp\\htdocs\\240102048\\public\\index.php')
CRITICAL - 2025-10-01 09:04:59 --> ErrorException: Undefined variable $member
[Method: GET, Route: /]
in APPPATH\Views\index.php on line 20.
 1 APPPATH\Views\index.php(20): CodeIgniter\Debug\Exceptions->errorHandler(2, 'Undefined variable $member', 'C:\\xampp\\htdocs\\240102048\\app\\Views\\index.php', 20)
 2 SYSTEMPATH\View\View.php(226): include('C:\\xampp\\htdocs\\240102048\\app\\Views\\index.php')
 3 SYSTEMPATH\View\View.php(229): CodeIgniter\View\View->CodeIgniter\View\{closure}()
 4 SYSTEMPATH\Common.php(1167): CodeIgniter\View\View->render('index', [], true)
 5 APPPATH\Controllers\Pages.php(10): view('index')
 6 SYSTEMPATH\CodeIgniter.php(933): App\Controllers\Pages->index()
 7 SYSTEMPATH\CodeIgniter.php(507): CodeIgniter\CodeIgniter->runController(Object(App\Controllers\Pages))
 8 SYSTEMPATH\CodeIgniter.php(354): CodeIgniter\CodeIgniter->handleRequest(null, Object(Config\Cache), false)
 9 SYSTEMPATH\Boot.php(363): CodeIgniter\CodeIgniter->run()
10 SYSTEMPATH\Boot.php(68): CodeIgniter\Boot::runCodeIgniter(Object(CodeIgniter\CodeIgniter))
11 FCPATH\index.php(59): CodeIgniter\Boot::bootWeb(Object(Config\Paths))
12 SYSTEMPATH\rewrite.php(44): require_once('C:\\xampp\\htdocs\\240102048\\public\\index.php')
CRITICAL - 2025-10-01 09:06:59 --> ErrorException: Undefined variable $member
[Method: GET, Route: /]
in APPPATH\Views\index.php on line 20.
 1 APPPATH\Views\index.php(20): CodeIgniter\Debug\Exceptions->errorHandler(2, 'Undefined variable $member', 'C:\\xampp\\htdocs\\240102048\\app\\Views\\index.php', 20)
 2 SYSTEMPATH\View\View.php(226): include('C:\\xampp\\htdocs\\240102048\\app\\Views\\index.php')
 3 SYSTEMPATH\View\View.php(229): CodeIgniter\View\View->CodeIgniter\View\{closure}()
 4 SYSTEMPATH\Common.php(1167): CodeIgniter\View\View->render('index', [], true)
 5 APPPATH\Controllers\Pages.php(10): view('index')
 6 SYSTEMPATH\CodeIgniter.php(933): App\Controllers\Pages->index()
 7 SYSTEMPATH\CodeIgniter.php(507): CodeIgniter\CodeIgniter->runController(Object(App\Controllers\Pages))
 8 SYSTEMPATH\CodeIgniter.php(354): CodeIgniter\CodeIgniter->handleRequest(null, Object(Config\Cache), false)
 9 SYSTEMPATH\Boot.php(363): CodeIgniter\CodeIgniter->run()
10 SYSTEMPATH\Boot.php(68): CodeIgniter\Boot::runCodeIgniter(Object(CodeIgniter\CodeIgniter))
11 FCPATH\index.php(59): CodeIgniter\Boot::bootWeb(Object(Config\Paths))
12 SYSTEMPATH\rewrite.php(44): require_once('C:\\xampp\\htdocs\\240102048\\public\\index.php')
CRITICAL - 2025-10-01 09:08:13 --> ErrorException: Undefined variable $member
[Method: GET, Route: /]
in APPPATH\Views\index.php on line 20.
 1 APPPATH\Views\index.php(20): CodeIgniter\Debug\Exceptions->errorHandler(2, 'Undefined variable $member', 'C:\\xampp\\htdocs\\240102048\\app\\Views\\index.php', 20)
 2 SYSTEMPATH\View\View.php(226): include('C:\\xampp\\htdocs\\240102048\\app\\Views\\index.php')
 3 SYSTEMPATH\View\View.php(229): CodeIgniter\View\View->CodeIgniter\View\{closure}()
 4 SYSTEMPATH\Common.php(1167): CodeIgniter\View\View->render('index', [], true)
 5 APPPATH\Controllers\Pages.php(10): view('index')
 6 SYSTEMPATH\CodeIgniter.php(933): App\Controllers\Pages->index()
 7 SYSTEMPATH\CodeIgniter.php(507): CodeIgniter\CodeIgniter->runController(Object(App\Controllers\Pages))
 8 SYSTEMPATH\CodeIgniter.php(354): CodeIgniter\CodeIgniter->handleRequest(null, Object(Config\Cache), false)
 9 SYSTEMPATH\Boot.php(363): CodeIgniter\CodeIgniter->run()
10 SYSTEMPATH\Boot.php(68): CodeIgniter\Boot::runCodeIgniter(Object(CodeIgniter\CodeIgniter))
11 FCPATH\index.php(59): CodeIgniter\Boot::bootWeb(Object(Config\Paths))
12 SYSTEMPATH\rewrite.php(44): require_once('C:\\xampp\\htdocs\\240102048\\public\\index.php')
CRITICAL - 2025-10-01 09:08:13 --> ErrorException: Undefined variable $member
[Method: GET, Route: /]
in APPPATH\Views\index.php on line 20.
 1 APPPATH\Views\index.php(20): CodeIgniter\Debug\Exceptions->errorHandler(2, 'Undefined variable $member', 'C:\\xampp\\htdocs\\240102048\\app\\Views\\index.php', 20)
 2 SYSTEMPATH\View\View.php(226): include('C:\\xampp\\htdocs\\240102048\\app\\Views\\index.php')
 3 SYSTEMPATH\View\View.php(229): CodeIgniter\View\View->CodeIgniter\View\{closure}()
 4 SYSTEMPATH\Common.php(1167): CodeIgniter\View\View->render('index', [], true)
 5 APPPATH\Controllers\Pages.php(10): view('index')
 6 SYSTEMPATH\CodeIgniter.php(933): App\Controllers\Pages->index()
 7 SYSTEMPATH\CodeIgniter.php(507): CodeIgniter\CodeIgniter->runController(Object(App\Controllers\Pages))
 8 SYSTEMPATH\CodeIgniter.php(354): CodeIgniter\CodeIgniter->handleRequest(null, Object(Config\Cache), false)
 9 SYSTEMPATH\Boot.php(363): CodeIgniter\CodeIgniter->run()
10 SYSTEMPATH\Boot.php(68): CodeIgniter\Boot::runCodeIgniter(Object(CodeIgniter\CodeIgniter))
11 FCPATH\index.php(59): CodeIgniter\Boot::bootWeb(Object(Config\Paths))
12 SYSTEMPATH\rewrite.php(44): require_once('C:\\xampp\\htdocs\\240102048\\public\\index.php')
CRITICAL - 2025-10-01 09:08:14 --> ErrorException: Undefined variable $member
[Method: GET, Route: /]
in APPPATH\Views\index.php on line 20.
 1 APPPATH\Views\index.php(20): CodeIgniter\Debug\Exceptions->errorHandler(2, 'Undefined variable $member', 'C:\\xampp\\htdocs\\240102048\\app\\Views\\index.php', 20)
 2 SYSTEMPATH\View\View.php(226): include('C:\\xampp\\htdocs\\240102048\\app\\Views\\index.php')
 3 SYSTEMPATH\View\View.php(229): CodeIgniter\View\View->CodeIgniter\View\{closure}()
 4 SYSTEMPATH\Common.php(1167): CodeIgniter\View\View->render('index', [], true)
 5 APPPATH\Controllers\Pages.php(10): view('index')
 6 SYSTEMPATH\CodeIgniter.php(933): App\Controllers\Pages->index()
 7 SYSTEMPATH\CodeIgniter.php(507): CodeIgniter\CodeIgniter->runController(Object(App\Controllers\Pages))
 8 SYSTEMPATH\CodeIgniter.php(354): CodeIgniter\CodeIgniter->handleRequest(null, Object(Config\Cache), false)
 9 SYSTEMPATH\Boot.php(363): CodeIgniter\CodeIgniter->run()
10 SYSTEMPATH\Boot.php(68): CodeIgniter\Boot::runCodeIgniter(Object(CodeIgniter\CodeIgniter))
11 FCPATH\index.php(59): CodeIgniter\Boot::bootWeb(Object(Config\Paths))
12 SYSTEMPATH\rewrite.php(44): require_once('C:\\xampp\\htdocs\\240102048\\public\\index.php')
CRITICAL - 2025-10-01 09:08:14 --> ErrorException: Undefined variable $member
[Method: GET, Route: /]
in APPPATH\Views\index.php on line 20.
 1 APPPATH\Views\index.php(20): CodeIgniter\Debug\Exceptions->errorHandler(2, 'Undefined variable $member', 'C:\\xampp\\htdocs\\240102048\\app\\Views\\index.php', 20)
 2 SYSTEMPATH\View\View.php(226): include('C:\\xampp\\htdocs\\240102048\\app\\Views\\index.php')
 3 SYSTEMPATH\View\View.php(229): CodeIgniter\View\View->CodeIgniter\View\{closure}()
 4 SYSTEMPATH\Common.php(1167): CodeIgniter\View\View->render('index', [], true)
 5 APPPATH\Controllers\Pages.php(10): view('index')
 6 SYSTEMPATH\CodeIgniter.php(933): App\Controllers\Pages->index()
 7 SYSTEMPATH\CodeIgniter.php(507): CodeIgniter\CodeIgniter->runController(Object(App\Controllers\Pages))
 8 SYSTEMPATH\CodeIgniter.php(354): CodeIgniter\CodeIgniter->handleRequest(null, Object(Config\Cache), false)
 9 SYSTEMPATH\Boot.php(363): CodeIgniter\CodeIgniter->run()
10 SYSTEMPATH\Boot.php(68): CodeIgniter\Boot::runCodeIgniter(Object(CodeIgniter\CodeIgniter))
11 FCPATH\index.php(59): CodeIgniter\Boot::bootWeb(Object(Config\Paths))
12 SYSTEMPATH\rewrite.php(44): require_once('C:\\xampp\\htdocs\\240102048\\public\\index.php')
CRITICAL - 2025-10-01 09:08:14 --> ErrorException: Undefined variable $member
[Method: GET, Route: /]
in APPPATH\Views\index.php on line 20.
 1 APPPATH\Views\index.php(20): CodeIgniter\Debug\Exceptions->errorHandler(2, 'Undefined variable $member', 'C:\\xampp\\htdocs\\240102048\\app\\Views\\index.php', 20)
 2 SYSTEMPATH\View\View.php(226): include('C:\\xampp\\htdocs\\240102048\\app\\Views\\index.php')
 3 SYSTEMPATH\View\View.php(229): CodeIgniter\View\View->CodeIgniter\View\{closure}()
 4 SYSTEMPATH\Common.php(1167): CodeIgniter\View\View->render('index', [], true)
 5 APPPATH\Controllers\Pages.php(10): view('index')
 6 SYSTEMPATH\CodeIgniter.php(933): App\Controllers\Pages->index()
 7 SYSTEMPATH\CodeIgniter.php(507): CodeIgniter\CodeIgniter->runController(Object(App\Controllers\Pages))
 8 SYSTEMPATH\CodeIgniter.php(354): CodeIgniter\CodeIgniter->handleRequest(null, Object(Config\Cache), false)
 9 SYSTEMPATH\Boot.php(363): CodeIgniter\CodeIgniter->run()
10 SYSTEMPATH\Boot.php(68): CodeIgniter\Boot::runCodeIgniter(Object(CodeIgniter\CodeIgniter))
11 FCPATH\index.php(59): CodeIgniter\Boot::bootWeb(Object(Config\Paths))
12 SYSTEMPATH\rewrite.php(44): require_once('C:\\xampp\\htdocs\\240102048\\public\\index.php')
CRITICAL - 2025-10-01 09:08:17 --> ErrorException: Undefined variable $member
[Method: GET, Route: /]
in APPPATH\Views\index.php on line 20.
 1 APPPATH\Views\index.php(20): CodeIgniter\Debug\Exceptions->errorHandler(2, 'Undefined variable $member', 'C:\\xampp\\htdocs\\240102048\\app\\Views\\index.php', 20)
 2 SYSTEMPATH\View\View.php(226): include('C:\\xampp\\htdocs\\240102048\\app\\Views\\index.php')
 3 SYSTEMPATH\View\View.php(229): CodeIgniter\View\View->CodeIgniter\View\{closure}()
 4 SYSTEMPATH\Common.php(1167): CodeIgniter\View\View->render('index', [], true)
 5 APPPATH\Controllers\Pages.php(10): view('index')
 6 SYSTEMPATH\CodeIgniter.php(933): App\Controllers\Pages->index()
 7 SYSTEMPATH\CodeIgniter.php(507): CodeIgniter\CodeIgniter->runController(Object(App\Controllers\Pages))
 8 SYSTEMPATH\CodeIgniter.php(354): CodeIgniter\CodeIgniter->handleRequest(null, Object(Config\Cache), false)
 9 SYSTEMPATH\Boot.php(363): CodeIgniter\CodeIgniter->run()
10 SYSTEMPATH\Boot.php(68): CodeIgniter\Boot::runCodeIgniter(Object(CodeIgniter\CodeIgniter))
11 FCPATH\index.php(59): CodeIgniter\Boot::bootWeb(Object(Config\Paths))
12 SYSTEMPATH\rewrite.php(44): require_once('C:\\xampp\\htdocs\\240102048\\public\\index.php')
CRITICAL - 2025-10-01 09:11:19 --> ErrorException: Undefined variable $member
[Method: GET, Route: /]
in APPPATH\Views\index.php on line 19.
 1 APPPATH\Views\index.php(19): CodeIgniter\Debug\Exceptions->errorHandler(2, 'Undefined variable $member', 'C:\\xampp\\htdocs\\240102048\\app\\Views\\index.php', 19)
 2 SYSTEMPATH\View\View.php(226): include('C:\\xampp\\htdocs\\240102048\\app\\Views\\index.php')
 3 SYSTEMPATH\View\View.php(229): CodeIgniter\View\View->CodeIgniter\View\{closure}()
 4 SYSTEMPATH\Common.php(1167): CodeIgniter\View\View->render('index', [], true)
 5 APPPATH\Controllers\Pages.php(10): view('index')
 6 SYSTEMPATH\CodeIgniter.php(933): App\Controllers\Pages->index()
 7 SYSTEMPATH\CodeIgniter.php(507): CodeIgniter\CodeIgniter->runController(Object(App\Controllers\Pages))
 8 SYSTEMPATH\CodeIgniter.php(354): CodeIgniter\CodeIgniter->handleRequest(null, Object(Config\Cache), false)
 9 SYSTEMPATH\Boot.php(363): CodeIgniter\CodeIgniter->run()
10 SYSTEMPATH\Boot.php(68): CodeIgniter\Boot::runCodeIgniter(Object(CodeIgniter\CodeIgniter))
11 FCPATH\index.php(59): CodeIgniter\Boot::bootWeb(Object(Config\Paths))
12 SYSTEMPATH\rewrite.php(44): require_once('C:\\xampp\\htdocs\\240102048\\public\\index.php')
CRITICAL - 2025-10-01 09:11:53 --> ErrorException: Undefined variable $member
[Method: GET, Route: /]
in APPPATH\Views\index.php on line 19.
 1 APPPATH\Views\index.php(19): CodeIgniter\Debug\Exceptions->errorHandler(2, 'Undefined variable $member', 'C:\\xampp\\htdocs\\240102048\\app\\Views\\index.php', 19)
 2 SYSTEMPATH\View\View.php(226): include('C:\\xampp\\htdocs\\240102048\\app\\Views\\index.php')
 3 SYSTEMPATH\View\View.php(229): CodeIgniter\View\View->CodeIgniter\View\{closure}()
 4 SYSTEMPATH\Common.php(1167): CodeIgniter\View\View->render('index', [], true)
 5 APPPATH\Controllers\Pages.php(10): view('index')
 6 SYSTEMPATH\CodeIgniter.php(933): App\Controllers\Pages->index()
 7 SYSTEMPATH\CodeIgniter.php(507): CodeIgniter\CodeIgniter->runController(Object(App\Controllers\Pages))
 8 SYSTEMPATH\CodeIgniter.php(354): CodeIgniter\CodeIgniter->handleRequest(null, Object(Config\Cache), false)
 9 SYSTEMPATH\Boot.php(363): CodeIgniter\CodeIgniter->run()
10 SYSTEMPATH\Boot.php(68): CodeIgniter\Boot::runCodeIgniter(Object(CodeIgniter\CodeIgniter))
11 FCPATH\index.php(59): CodeIgniter\Boot::bootWeb(Object(Config\Paths))
12 SYSTEMPATH\rewrite.php(44): require_once('C:\\xampp\\htdocs\\240102048\\public\\index.php')
CRITICAL - 2025-10-01 09:12:51 --> ErrorException: Undefined variable $member
[Method: GET, Route: /]
in APPPATH\Views\index.php on line 19.
 1 APPPATH\Views\index.php(19): CodeIgniter\Debug\Exceptions->errorHandler(2, 'Undefined variable $member', 'C:\\xampp\\htdocs\\240102048\\app\\Views\\index.php', 19)
 2 SYSTEMPATH\View\View.php(226): include('C:\\xampp\\htdocs\\240102048\\app\\Views\\index.php')
 3 SYSTEMPATH\View\View.php(229): CodeIgniter\View\View->CodeIgniter\View\{closure}()
 4 SYSTEMPATH\Common.php(1167): CodeIgniter\View\View->render('index', [], true)
 5 APPPATH\Controllers\Pages.php(10): view('index')
 6 SYSTEMPATH\CodeIgniter.php(933): App\Controllers\Pages->index()
 7 SYSTEMPATH\CodeIgniter.php(507): CodeIgniter\CodeIgniter->runController(Object(App\Controllers\Pages))
 8 SYSTEMPATH\CodeIgniter.php(354): CodeIgniter\CodeIgniter->handleRequest(null, Object(Config\Cache), false)
 9 SYSTEMPATH\Boot.php(363): CodeIgniter\CodeIgniter->run()
10 SYSTEMPATH\Boot.php(68): CodeIgniter\Boot::runCodeIgniter(Object(CodeIgniter\CodeIgniter))
11 FCPATH\index.php(59): CodeIgniter\Boot::bootWeb(Object(Config\Paths))
12 SYSTEMPATH\rewrite.php(44): require_once('C:\\xampp\\htdocs\\240102048\\public\\index.php')
CRITICAL - 2025-10-01 09:12:57 --> ErrorException: Undefined variable $member
[Method: GET, Route: /]
in APPPATH\Views\index.php on line 19.
 1 APPPATH\Views\index.php(19): CodeIgniter\Debug\Exceptions->errorHandler(2, 'Undefined variable $member', 'C:\\xampp\\htdocs\\240102048\\app\\Views\\index.php', 19)
 2 SYSTEMPATH\View\View.php(226): include('C:\\xampp\\htdocs\\240102048\\app\\Views\\index.php')
 3 SYSTEMPATH\View\View.php(229): CodeIgniter\View\View->CodeIgniter\View\{closure}()
 4 SYSTEMPATH\Common.php(1167): CodeIgniter\View\View->render('index', [], true)
 5 APPPATH\Controllers\Pages.php(10): view('index')
 6 SYSTEMPATH\CodeIgniter.php(933): App\Controllers\Pages->index()
 7 SYSTEMPATH\CodeIgniter.php(507): CodeIgniter\CodeIgniter->runController(Object(App\Controllers\Pages))
 8 SYSTEMPATH\CodeIgniter.php(354): CodeIgniter\CodeIgniter->handleRequest(null, Object(Config\Cache), false)
 9 SYSTEMPATH\Boot.php(363): CodeIgniter\CodeIgniter->run()
10 SYSTEMPATH\Boot.php(68): CodeIgniter\Boot::runCodeIgniter(Object(CodeIgniter\CodeIgniter))
11 FCPATH\index.php(59): CodeIgniter\Boot::bootWeb(Object(Config\Paths))
12 SYSTEMPATH\rewrite.php(44): require_once('C:\\xampp\\htdocs\\240102048\\public\\index.php')
CRITICAL - 2025-10-01 09:12:58 --> ErrorException: Undefined variable $member
[Method: GET, Route: /]
in APPPATH\Views\index.php on line 19.
 1 APPPATH\Views\index.php(19): CodeIgniter\Debug\Exceptions->errorHandler(2, 'Undefined variable $member', 'C:\\xampp\\htdocs\\240102048\\app\\Views\\index.php', 19)
 2 SYSTEMPATH\View\View.php(226): include('C:\\xampp\\htdocs\\240102048\\app\\Views\\index.php')
 3 SYSTEMPATH\View\View.php(229): CodeIgniter\View\View->CodeIgniter\View\{closure}()
 4 SYSTEMPATH\Common.php(1167): CodeIgniter\View\View->render('index', [], true)
 5 APPPATH\Controllers\Pages.php(10): view('index')
 6 SYSTEMPATH\CodeIgniter.php(933): App\Controllers\Pages->index()
 7 SYSTEMPATH\CodeIgniter.php(507): CodeIgniter\CodeIgniter->runController(Object(App\Controllers\Pages))
 8 SYSTEMPATH\CodeIgniter.php(354): CodeIgniter\CodeIgniter->handleRequest(null, Object(Config\Cache), false)
 9 SYSTEMPATH\Boot.php(363): CodeIgniter\CodeIgniter->run()
10 SYSTEMPATH\Boot.php(68): CodeIgniter\Boot::runCodeIgniter(Object(CodeIgniter\CodeIgniter))
11 FCPATH\index.php(59): CodeIgniter\Boot::bootWeb(Object(Config\Paths))
12 SYSTEMPATH\rewrite.php(44): require_once('C:\\xampp\\htdocs\\240102048\\public\\index.php')
CRITICAL - 2025-10-01 09:13:09 --> ErrorException: Undefined variable $member
[Method: GET, Route: /]
in APPPATH\Views\index.php on line 19.
 1 APPPATH\Views\index.php(19): CodeIgniter\Debug\Exceptions->errorHandler(2, 'Undefined variable $member', 'C:\\xampp\\htdocs\\240102048\\app\\Views\\index.php', 19)
 2 SYSTEMPATH\View\View.php(226): include('C:\\xampp\\htdocs\\240102048\\app\\Views\\index.php')
 3 SYSTEMPATH\View\View.php(229): CodeIgniter\View\View->CodeIgniter\View\{closure}()
 4 SYSTEMPATH\Common.php(1167): CodeIgniter\View\View->render('index', [], true)
 5 APPPATH\Controllers\Pages.php(10): view('index')
 6 SYSTEMPATH\CodeIgniter.php(933): App\Controllers\Pages->index()
 7 SYSTEMPATH\CodeIgniter.php(507): CodeIgniter\CodeIgniter->runController(Object(App\Controllers\Pages))
 8 SYSTEMPATH\CodeIgniter.php(354): CodeIgniter\CodeIgniter->handleRequest(null, Object(Config\Cache), false)
 9 SYSTEMPATH\Boot.php(363): CodeIgniter\CodeIgniter->run()
10 SYSTEMPATH\Boot.php(68): CodeIgniter\Boot::runCodeIgniter(Object(CodeIgniter\CodeIgniter))
11 FCPATH\index.php(59): CodeIgniter\Boot::bootWeb(Object(Config\Paths))
12 SYSTEMPATH\rewrite.php(44): require_once('C:\\xampp\\htdocs\\240102048\\public\\index.php')
CRITICAL - 2025-10-01 09:13:09 --> ErrorException: Undefined variable $member
[Method: GET, Route: /]
in APPPATH\Views\index.php on line 19.
 1 APPPATH\Views\index.php(19): CodeIgniter\Debug\Exceptions->errorHandler(2, 'Undefined variable $member', 'C:\\xampp\\htdocs\\240102048\\app\\Views\\index.php', 19)
 2 SYSTEMPATH\View\View.php(226): include('C:\\xampp\\htdocs\\240102048\\app\\Views\\index.php')
 3 SYSTEMPATH\View\View.php(229): CodeIgniter\View\View->CodeIgniter\View\{closure}()
 4 SYSTEMPATH\Common.php(1167): CodeIgniter\View\View->render('index', [], true)
 5 APPPATH\Controllers\Pages.php(10): view('index')
 6 SYSTEMPATH\CodeIgniter.php(933): App\Controllers\Pages->index()
 7 SYSTEMPATH\CodeIgniter.php(507): CodeIgniter\CodeIgniter->runController(Object(App\Controllers\Pages))
 8 SYSTEMPATH\CodeIgniter.php(354): CodeIgniter\CodeIgniter->handleRequest(null, Object(Config\Cache), false)
 9 SYSTEMPATH\Boot.php(363): CodeIgniter\CodeIgniter->run()
10 SYSTEMPATH\Boot.php(68): CodeIgniter\Boot::runCodeIgniter(Object(CodeIgniter\CodeIgniter))
11 FCPATH\index.php(59): CodeIgniter\Boot::bootWeb(Object(Config\Paths))
12 SYSTEMPATH\rewrite.php(44): require_once('C:\\xampp\\htdocs\\240102048\\public\\index.php')
CRITICAL - 2025-10-01 09:13:09 --> ErrorException: Undefined variable $member
[Method: GET, Route: /]
in APPPATH\Views\index.php on line 19.
 1 APPPATH\Views\index.php(19): CodeIgniter\Debug\Exceptions->errorHandler(2, 'Undefined variable $member', 'C:\\xampp\\htdocs\\240102048\\app\\Views\\index.php', 19)
 2 SYSTEMPATH\View\View.php(226): include('C:\\xampp\\htdocs\\240102048\\app\\Views\\index.php')
 3 SYSTEMPATH\View\View.php(229): CodeIgniter\View\View->CodeIgniter\View\{closure}()
 4 SYSTEMPATH\Common.php(1167): CodeIgniter\View\View->render('index', [], true)
 5 APPPATH\Controllers\Pages.php(10): view('index')
 6 SYSTEMPATH\CodeIgniter.php(933): App\Controllers\Pages->index()
 7 SYSTEMPATH\CodeIgniter.php(507): CodeIgniter\CodeIgniter->runController(Object(App\Controllers\Pages))
 8 SYSTEMPATH\CodeIgniter.php(354): CodeIgniter\CodeIgniter->handleRequest(null, Object(Config\Cache), false)
 9 SYSTEMPATH\Boot.php(363): CodeIgniter\CodeIgniter->run()
10 SYSTEMPATH\Boot.php(68): CodeIgniter\Boot::runCodeIgniter(Object(CodeIgniter\CodeIgniter))
11 FCPATH\index.php(59): CodeIgniter\Boot::bootWeb(Object(Config\Paths))
12 SYSTEMPATH\rewrite.php(44): require_once('C:\\xampp\\htdocs\\240102048\\public\\index.php')
CRITICAL - 2025-10-01 09:14:07 --> ErrorException: Undefined variable $member
[Method: GET, Route: /]
in APPPATH\Views\index.php on line 3.
 1 APPPATH\Views\index.php(3): CodeIgniter\Debug\Exceptions->errorHandler(2, 'Undefined variable $member', 'C:\\xampp\\htdocs\\240102048\\app\\Views\\index.php', 3)
 2 SYSTEMPATH\View\View.php(226): include('C:\\xampp\\htdocs\\240102048\\app\\Views\\index.php')
 3 SYSTEMPATH\View\View.php(229): CodeIgniter\View\View->CodeIgniter\View\{closure}()
 4 SYSTEMPATH\Common.php(1167): CodeIgniter\View\View->render('index', [], true)
 5 APPPATH\Controllers\Pages.php(10): view('index')
 6 SYSTEMPATH\CodeIgniter.php(933): App\Controllers\Pages->index()
 7 SYSTEMPATH\CodeIgniter.php(507): CodeIgniter\CodeIgniter->runController(Object(App\Controllers\Pages))
 8 SYSTEMPATH\CodeIgniter.php(354): CodeIgniter\CodeIgniter->handleRequest(null, Object(Config\Cache), false)
 9 SYSTEMPATH\Boot.php(363): CodeIgniter\CodeIgniter->run()
10 SYSTEMPATH\Boot.php(68): CodeIgniter\Boot::runCodeIgniter(Object(CodeIgniter\CodeIgniter))
11 FCPATH\index.php(59): CodeIgniter\Boot::bootWeb(Object(Config\Paths))
12 SYSTEMPATH\rewrite.php(44): require_once('C:\\xampp\\htdocs\\240102048\\public\\index.php')
CRITICAL - 2025-10-01 09:14:09 --> ErrorException: Undefined variable $member
[Method: GET, Route: /]
in APPPATH\Views\index.php on line 3.
 1 APPPATH\Views\index.php(3): CodeIgniter\Debug\Exceptions->errorHandler(2, 'Undefined variable $member', 'C:\\xampp\\htdocs\\240102048\\app\\Views\\index.php', 3)
 2 SYSTEMPATH\View\View.php(226): include('C:\\xampp\\htdocs\\240102048\\app\\Views\\index.php')
 3 SYSTEMPATH\View\View.php(229): CodeIgniter\View\View->CodeIgniter\View\{closure}()
 4 SYSTEMPATH\Common.php(1167): CodeIgniter\View\View->render('index', [], true)
 5 APPPATH\Controllers\Pages.php(10): view('index')
 6 SYSTEMPATH\CodeIgniter.php(933): App\Controllers\Pages->index()
 7 SYSTEMPATH\CodeIgniter.php(507): CodeIgniter\CodeIgniter->runController(Object(App\Controllers\Pages))
 8 SYSTEMPATH\CodeIgniter.php(354): CodeIgniter\CodeIgniter->handleRequest(null, Object(Config\Cache), false)
 9 SYSTEMPATH\Boot.php(363): CodeIgniter\CodeIgniter->run()
10 SYSTEMPATH\Boot.php(68): CodeIgniter\Boot::runCodeIgniter(Object(CodeIgniter\CodeIgniter))
11 FCPATH\index.php(59): CodeIgniter\Boot::bootWeb(Object(Config\Paths))
12 SYSTEMPATH\rewrite.php(44): require_once('C:\\xampp\\htdocs\\240102048\\public\\index.php')
CRITICAL - 2025-10-01 09:14:25 --> ErrorException: Undefined variable $member
[Method: GET, Route: /]
in APPPATH\Views\index.php on line 3.
 1 APPPATH\Views\index.php(3): CodeIgniter\Debug\Exceptions->errorHandler(2, 'Undefined variable $member', 'C:\\xampp\\htdocs\\240102048\\app\\Views\\index.php', 3)
 2 SYSTEMPATH\View\View.php(226): include('C:\\xampp\\htdocs\\240102048\\app\\Views\\index.php')
 3 SYSTEMPATH\View\View.php(229): CodeIgniter\View\View->CodeIgniter\View\{closure}()
 4 SYSTEMPATH\Common.php(1167): CodeIgniter\View\View->render('index', [], true)
 5 APPPATH\Controllers\Pages.php(10): view('index')
 6 SYSTEMPATH\CodeIgniter.php(933): App\Controllers\Pages->index()
 7 SYSTEMPATH\CodeIgniter.php(507): CodeIgniter\CodeIgniter->runController(Object(App\Controllers\Pages))
 8 SYSTEMPATH\CodeIgniter.php(354): CodeIgniter\CodeIgniter->handleRequest(null, Object(Config\Cache), false)
 9 SYSTEMPATH\Boot.php(363): CodeIgniter\CodeIgniter->run()
10 SYSTEMPATH\Boot.php(68): CodeIgniter\Boot::runCodeIgniter(Object(CodeIgniter\CodeIgniter))
11 FCPATH\index.php(59): CodeIgniter\Boot::bootWeb(Object(Config\Paths))
12 SYSTEMPATH\rewrite.php(44): require_once('C:\\xampp\\htdocs\\240102048\\public\\index.php')
CRITICAL - 2025-10-01 09:14:31 --> ErrorException: Undefined variable $member
[Method: GET, Route: /]
in APPPATH\Views\index.php on line 19.
 1 APPPATH\Views\index.php(19): CodeIgniter\Debug\Exceptions->errorHandler(2, 'Undefined variable $member', 'C:\\xampp\\htdocs\\240102048\\app\\Views\\index.php', 19)
 2 SYSTEMPATH\View\View.php(226): include('C:\\xampp\\htdocs\\240102048\\app\\Views\\index.php')
 3 SYSTEMPATH\View\View.php(229): CodeIgniter\View\View->CodeIgniter\View\{closure}()
 4 SYSTEMPATH\Common.php(1167): CodeIgniter\View\View->render('index', [], true)
 5 APPPATH\Controllers\Pages.php(10): view('index')
 6 SYSTEMPATH\CodeIgniter.php(933): App\Controllers\Pages->index()
 7 SYSTEMPATH\CodeIgniter.php(507): CodeIgniter\CodeIgniter->runController(Object(App\Controllers\Pages))
 8 SYSTEMPATH\CodeIgniter.php(354): CodeIgniter\CodeIgniter->handleRequest(null, Object(Config\Cache), false)
 9 SYSTEMPATH\Boot.php(363): CodeIgniter\CodeIgniter->run()
10 SYSTEMPATH\Boot.php(68): CodeIgniter\Boot::runCodeIgniter(Object(CodeIgniter\CodeIgniter))
11 FCPATH\index.php(59): CodeIgniter\Boot::bootWeb(Object(Config\Paths))
12 SYSTEMPATH\rewrite.php(44): require_once('C:\\xampp\\htdocs\\240102048\\public\\index.php')
CRITICAL - 2025-10-01 09:14:47 --> CodeIgniter\View\Exceptions\ViewException: Invalid file: "member/index.php"
[Method: GET, Route: member]
in SYSTEMPATH\Exceptions\FrameworkException.php on line 39.
 1 SYSTEMPATH\View\View.php(214): CodeIgniter\Exceptions\FrameworkException::forInvalidFile('member/index.php')
 2 SYSTEMPATH\Common.php(1167): CodeIgniter\View\View->render('member/index', [], true)
 3 APPPATH\Controllers\Member.php(21): view('member/index', [...])
 4 SYSTEMPATH\CodeIgniter.php(933): App\Controllers\Member->index()
 5 SYSTEMPATH\CodeIgniter.php(507): CodeIgniter\CodeIgniter->runController(Object(App\Controllers\Member))
 6 SYSTEMPATH\CodeIgniter.php(354): CodeIgniter\CodeIgniter->handleRequest(null, Object(Config\Cache), false)
 7 SYSTEMPATH\Boot.php(363): CodeIgniter\CodeIgniter->run()
 8 SYSTEMPATH\Boot.php(68): CodeIgniter\Boot::runCodeIgniter(Object(CodeIgniter\CodeIgniter))
 9 FCPATH\index.php(59): CodeIgniter\Boot::bootWeb(Object(Config\Paths))
10 SYSTEMPATH\rewrite.php(44): require_once('C:\\xampp\\htdocs\\240102048\\public\\index.php')
CRITICAL - 2025-10-01 09:16:02 --> CodeIgniter\View\Exceptions\ViewException: Invalid file: "index.php"
[Method: GET, Route: /]
in SYSTEMPATH\Exceptions\FrameworkException.php on line 39.
 1 SYSTEMPATH\View\View.php(214): CodeIgniter\Exceptions\FrameworkException::forInvalidFile('index.php')
 2 SYSTEMPATH\Common.php(1167): CodeIgniter\View\View->render('index', [], true)
 3 APPPATH\Controllers\Pages.php(10): view('index')
 4 SYSTEMPATH\CodeIgniter.php(933): App\Controllers\Pages->index()
 5 SYSTEMPATH\CodeIgniter.php(507): CodeIgniter\CodeIgniter->runController(Object(App\Controllers\Pages))
 6 SYSTEMPATH\CodeIgniter.php(354): CodeIgniter\CodeIgniter->handleRequest(null, Object(Config\Cache), false)
 7 SYSTEMPATH\Boot.php(363): CodeIgniter\CodeIgniter->run()
 8 SYSTEMPATH\Boot.php(68): CodeIgniter\Boot::runCodeIgniter(Object(CodeIgniter\CodeIgniter))
 9 FCPATH\index.php(59): CodeIgniter\Boot::bootWeb(Object(Config\Paths))
10 SYSTEMPATH\rewrite.php(44): require_once('C:\\xampp\\htdocs\\240102048\\public\\index.php')
CRITICAL - 2025-10-01 09:16:18 --> ErrorException: Undefined variable $member
[Method: GET, Route: /]
in APPPATH\Views\member\index.php on line 19.
 1 APPPATH\Views\member\index.php(19): CodeIgniter\Debug\Exceptions->errorHandler(2, 'Undefined variable $member', 'C:\\xampp\\htdocs\\240102048\\app\\Views\\member\\index.php', 19)
 2 SYSTEMPATH\View\View.php(226): include('C:\\xampp\\htdocs\\240102048\\app\\Views\\member\\index.php')
 3 SYSTEMPATH\View\View.php(229): CodeIgniter\View\View->CodeIgniter\View\{closure}()
 4 SYSTEMPATH\Common.php(1167): CodeIgniter\View\View->render('member/index', [], true)
 5 APPPATH\Controllers\Pages.php(10): view('member/index')
 6 SYSTEMPATH\CodeIgniter.php(933): App\Controllers\Pages->index()
 7 SYSTEMPATH\CodeIgniter.php(507): CodeIgniter\CodeIgniter->runController(Object(App\Controllers\Pages))
 8 SYSTEMPATH\CodeIgniter.php(354): CodeIgniter\CodeIgniter->handleRequest(null, Object(Config\Cache), false)
 9 SYSTEMPATH\Boot.php(363): CodeIgniter\CodeIgniter->run()
10 SYSTEMPATH\Boot.php(68): CodeIgniter\Boot::runCodeIgniter(Object(CodeIgniter\CodeIgniter))
11 FCPATH\index.php(59): CodeIgniter\Boot::bootWeb(Object(Config\Paths))
12 SYSTEMPATH\rewrite.php(44): require_once('C:\\xampp\\htdocs\\240102048\\public\\index.php')
CRITICAL - 2025-10-01 09:17:40 --> ErrorException: Undefined variable $member
[Method: GET, Route: /]
in APPPATH\Views\member\index.php on line 19.
 1 APPPATH\Views\member\index.php(19): CodeIgniter\Debug\Exceptions->errorHandler(2, 'Undefined variable $member', 'C:\\xampp\\htdocs\\240102048\\app\\Views\\member\\index.php', 19)
 2 SYSTEMPATH\View\View.php(226): include('C:\\xampp\\htdocs\\240102048\\app\\Views\\member\\index.php')
 3 SYSTEMPATH\View\View.php(229): CodeIgniter\View\View->CodeIgniter\View\{closure}()
 4 SYSTEMPATH\Common.php(1167): CodeIgniter\View\View->render('member/index', [], true)
 5 APPPATH\Controllers\Pages.php(10): view('member/index')
 6 SYSTEMPATH\CodeIgniter.php(933): App\Controllers\Pages->index()
 7 SYSTEMPATH\CodeIgniter.php(507): CodeIgniter\CodeIgniter->runController(Object(App\Controllers\Pages))
 8 SYSTEMPATH\CodeIgniter.php(354): CodeIgniter\CodeIgniter->handleRequest(null, Object(Config\Cache), false)
 9 SYSTEMPATH\Boot.php(363): CodeIgniter\CodeIgniter->run()
10 SYSTEMPATH\Boot.php(68): CodeIgniter\Boot::runCodeIgniter(Object(CodeIgniter\CodeIgniter))
11 FCPATH\index.php(59): CodeIgniter\Boot::bootWeb(Object(Config\Paths))
12 SYSTEMPATH\rewrite.php(44): require_once('C:\\xampp\\htdocs\\240102048\\public\\index.php')
CRITICAL - 2025-10-01 09:17:40 --> ErrorException: Undefined variable $member
[Method: GET, Route: /]
in APPPATH\Views\member\index.php on line 19.
 1 APPPATH\Views\member\index.php(19): CodeIgniter\Debug\Exceptions->errorHandler(2, 'Undefined variable $member', 'C:\\xampp\\htdocs\\240102048\\app\\Views\\member\\index.php', 19)
 2 SYSTEMPATH\View\View.php(226): include('C:\\xampp\\htdocs\\240102048\\app\\Views\\member\\index.php')
 3 SYSTEMPATH\View\View.php(229): CodeIgniter\View\View->CodeIgniter\View\{closure}()
 4 SYSTEMPATH\Common.php(1167): CodeIgniter\View\View->render('member/index', [], true)
 5 APPPATH\Controllers\Pages.php(10): view('member/index')
 6 SYSTEMPATH\CodeIgniter.php(933): App\Controllers\Pages->index()
 7 SYSTEMPATH\CodeIgniter.php(507): CodeIgniter\CodeIgniter->runController(Object(App\Controllers\Pages))
 8 SYSTEMPATH\CodeIgniter.php(354): CodeIgniter\CodeIgniter->handleRequest(null, Object(Config\Cache), false)
 9 SYSTEMPATH\Boot.php(363): CodeIgniter\CodeIgniter->run()
10 SYSTEMPATH\Boot.php(68): CodeIgniter\Boot::runCodeIgniter(Object(CodeIgniter\CodeIgniter))
11 FCPATH\index.php(59): CodeIgniter\Boot::bootWeb(Object(Config\Paths))
12 SYSTEMPATH\rewrite.php(44): require_once('C:\\xampp\\htdocs\\240102048\\public\\index.php')
CRITICAL - 2025-10-01 09:18:47 --> ErrorException: Undefined variable $member
[Method: GET, Route: /]
in APPPATH\Views\member\index.php on line 19.
 1 APPPATH\Views\member\index.php(19): CodeIgniter\Debug\Exceptions->errorHandler(2, 'Undefined variable $member', 'C:\\xampp\\htdocs\\240102048\\app\\Views\\member\\index.php', 19)
 2 SYSTEMPATH\View\View.php(226): include('C:\\xampp\\htdocs\\240102048\\app\\Views\\member\\index.php')
 3 SYSTEMPATH\View\View.php(229): CodeIgniter\View\View->CodeIgniter\View\{closure}()
 4 SYSTEMPATH\Common.php(1167): CodeIgniter\View\View->render('member/index', [], true)
 5 APPPATH\Controllers\Pages.php(10): view('member/index')
 6 SYSTEMPATH\CodeIgniter.php(933): App\Controllers\Pages->index()
 7 SYSTEMPATH\CodeIgniter.php(507): CodeIgniter\CodeIgniter->runController(Object(App\Controllers\Pages))
 8 SYSTEMPATH\CodeIgniter.php(354): CodeIgniter\CodeIgniter->handleRequest(null, Object(Config\Cache), false)
 9 SYSTEMPATH\Boot.php(363): CodeIgniter\CodeIgniter->run()
10 SYSTEMPATH\Boot.php(68): CodeIgniter\Boot::runCodeIgniter(Object(CodeIgniter\CodeIgniter))
11 FCPATH\index.php(59): CodeIgniter\Boot::bootWeb(Object(Config\Paths))
12 SYSTEMPATH\rewrite.php(44): require_once('C:\\xampp\\htdocs\\240102048\\public\\index.php')
CRITICAL - 2025-10-01 09:20:16 --> ErrorException: Undefined variable $title
[Method: GET, Route: /]
in APPPATH\Views\member\index.php on line 7.
 1 APPPATH\Views\member\index.php(7): CodeIgniter\Debug\Exceptions->errorHandler(2, 'Undefined variable $title', 'C:\\xampp\\htdocs\\240102048\\app\\Views\\member\\index.php', 7)
 2 SYSTEMPATH\View\View.php(226): include('C:\\xampp\\htdocs\\240102048\\app\\Views\\member\\index.php')
 3 SYSTEMPATH\View\View.php(229): CodeIgniter\View\View->CodeIgniter\View\{closure}()
 4 SYSTEMPATH\Common.php(1167): CodeIgniter\View\View->render('member/index', [], true)
 5 APPPATH\Controllers\Pages.php(10): view('member/index')
 6 SYSTEMPATH\CodeIgniter.php(933): App\Controllers\Pages->index()
 7 SYSTEMPATH\CodeIgniter.php(507): CodeIgniter\CodeIgniter->runController(Object(App\Controllers\Pages))
 8 SYSTEMPATH\CodeIgniter.php(354): CodeIgniter\CodeIgniter->handleRequest(null, Object(Config\Cache), false)
 9 SYSTEMPATH\Boot.php(363): CodeIgniter\CodeIgniter->run()
10 SYSTEMPATH\Boot.php(68): CodeIgniter\Boot::runCodeIgniter(Object(CodeIgniter\CodeIgniter))
11 FCPATH\index.php(59): CodeIgniter\Boot::bootWeb(Object(Config\Paths))
12 SYSTEMPATH\rewrite.php(44): require_once('C:\\xampp\\htdocs\\240102048\\public\\index.php')
CRITICAL - 2025-10-01 09:20:17 --> ErrorException: Undefined variable $title
[Method: GET, Route: /]
in APPPATH\Views\member\index.php on line 7.
 1 APPPATH\Views\member\index.php(7): CodeIgniter\Debug\Exceptions->errorHandler(2, 'Undefined variable $title', 'C:\\xampp\\htdocs\\240102048\\app\\Views\\member\\index.php', 7)
 2 SYSTEMPATH\View\View.php(226): include('C:\\xampp\\htdocs\\240102048\\app\\Views\\member\\index.php')
 3 SYSTEMPATH\View\View.php(229): CodeIgniter\View\View->CodeIgniter\View\{closure}()
 4 SYSTEMPATH\Common.php(1167): CodeIgniter\View\View->render('member/index', [], true)
 5 APPPATH\Controllers\Pages.php(10): view('member/index')
 6 SYSTEMPATH\CodeIgniter.php(933): App\Controllers\Pages->index()
 7 SYSTEMPATH\CodeIgniter.php(507): CodeIgniter\CodeIgniter->runController(Object(App\Controllers\Pages))
 8 SYSTEMPATH\CodeIgniter.php(354): CodeIgniter\CodeIgniter->handleRequest(null, Object(Config\Cache), false)
 9 SYSTEMPATH\Boot.php(363): CodeIgniter\CodeIgniter->run()
10 SYSTEMPATH\Boot.php(68): CodeIgniter\Boot::runCodeIgniter(Object(CodeIgniter\CodeIgniter))
11 FCPATH\index.php(59): CodeIgniter\Boot::bootWeb(Object(Config\Paths))
12 SYSTEMPATH\rewrite.php(44): require_once('C:\\xampp\\htdocs\\240102048\\public\\index.php')
CRITICAL - 2025-10-01 09:22:41 --> ErrorException: Undefined variable $member
[Method: GET, Route: /]
in APPPATH\Views\member\index.php on line 19.
 1 APPPATH\Views\member\index.php(19): CodeIgniter\Debug\Exceptions->errorHandler(2, 'Undefined variable $member', 'C:\\xampp\\htdocs\\240102048\\app\\Views\\member\\index.php', 19)
 2 SYSTEMPATH\View\View.php(226): include('C:\\xampp\\htdocs\\240102048\\app\\Views\\member\\index.php')
 3 SYSTEMPATH\View\View.php(229): CodeIgniter\View\View->CodeIgniter\View\{closure}()
 4 SYSTEMPATH\Common.php(1167): CodeIgniter\View\View->render('member/index', [], true)
 5 APPPATH\Controllers\Pages.php(10): view('member/index')
 6 SYSTEMPATH\CodeIgniter.php(933): App\Controllers\Pages->index()
 7 SYSTEMPATH\CodeIgniter.php(507): CodeIgniter\CodeIgniter->runController(Object(App\Controllers\Pages))
 8 SYSTEMPATH\CodeIgniter.php(354): CodeIgniter\CodeIgniter->handleRequest(null, Object(Config\Cache), false)
 9 SYSTEMPATH\Boot.php(363): CodeIgniter\CodeIgniter->run()
10 SYSTEMPATH\Boot.php(68): CodeIgniter\Boot::runCodeIgniter(Object(CodeIgniter\CodeIgniter))
11 FCPATH\index.php(59): CodeIgniter\Boot::bootWeb(Object(Config\Paths))
12 SYSTEMPATH\rewrite.php(44): require_once('C:\\xampp\\htdocs\\240102048\\public\\index.php')
CRITICAL - 2025-10-01 09:24:12 --> ErrorException: Undefined variable $member
[Method: GET, Route: /]
in APPPATH\Views\member\index.php on line 1.
 1 APPPATH\Views\member\index.php(1): CodeIgniter\Debug\Exceptions->errorHandler(2, 'Undefined variable $member', 'C:\\xampp\\htdocs\\240102048\\app\\Views\\member\\index.php', 1)
 2 SYSTEMPATH\View\View.php(226): include('C:\\xampp\\htdocs\\240102048\\app\\Views\\member\\index.php')
 3 SYSTEMPATH\View\View.php(229): CodeIgniter\View\View->CodeIgniter\View\{closure}()
 4 SYSTEMPATH\Common.php(1167): CodeIgniter\View\View->render('member/index', [], true)
 5 APPPATH\Controllers\Pages.php(10): view('member/index')
 6 SYSTEMPATH\CodeIgniter.php(933): App\Controllers\Pages->index()
 7 SYSTEMPATH\CodeIgniter.php(507): CodeIgniter\CodeIgniter->runController(Object(App\Controllers\Pages))
 8 SYSTEMPATH\CodeIgniter.php(354): CodeIgniter\CodeIgniter->handleRequest(null, Object(Config\Cache), false)
 9 SYSTEMPATH\Boot.php(363): CodeIgniter\CodeIgniter->run()
10 SYSTEMPATH\Boot.php(68): CodeIgniter\Boot::runCodeIgniter(Object(CodeIgniter\CodeIgniter))
11 FCPATH\index.php(59): CodeIgniter\Boot::bootWeb(Object(Config\Paths))
12 SYSTEMPATH\rewrite.php(44): require_once('C:\\xampp\\htdocs\\240102048\\public\\index.php')
CRITICAL - 2025-10-01 09:24:45 --> ErrorException: Undefined variable $member
[Method: GET, Route: /]
in APPPATH\Views\member\index.php on line 20.
 1 APPPATH\Views\member\index.php(20): CodeIgniter\Debug\Exceptions->errorHandler(2, 'Undefined variable $member', 'C:\\xampp\\htdocs\\240102048\\app\\Views\\member\\index.php', 20)
 2 SYSTEMPATH\View\View.php(226): include('C:\\xampp\\htdocs\\240102048\\app\\Views\\member\\index.php')
 3 SYSTEMPATH\View\View.php(229): CodeIgniter\View\View->CodeIgniter\View\{closure}()
 4 SYSTEMPATH\Common.php(1167): CodeIgniter\View\View->render('member/index', [], true)
 5 APPPATH\Controllers\Pages.php(10): view('member/index')
 6 SYSTEMPATH\CodeIgniter.php(933): App\Controllers\Pages->index()
 7 SYSTEMPATH\CodeIgniter.php(507): CodeIgniter\CodeIgniter->runController(Object(App\Controllers\Pages))
 8 SYSTEMPATH\CodeIgniter.php(354): CodeIgniter\CodeIgniter->handleRequest(null, Object(Config\Cache), false)
 9 SYSTEMPATH\Boot.php(363): CodeIgniter\CodeIgniter->run()
10 SYSTEMPATH\Boot.php(68): CodeIgniter\Boot::runCodeIgniter(Object(CodeIgniter\CodeIgniter))
11 FCPATH\index.php(59): CodeIgniter\Boot::bootWeb(Object(Config\Paths))
12 SYSTEMPATH\rewrite.php(44): require_once('C:\\xampp\\htdocs\\240102048\\public\\index.php')
CRITICAL - 2025-10-01 09:24:46 --> ErrorException: Undefined variable $member
[Method: GET, Route: /]
in APPPATH\Views\member\index.php on line 20.
 1 APPPATH\Views\member\index.php(20): CodeIgniter\Debug\Exceptions->errorHandler(2, 'Undefined variable $member', 'C:\\xampp\\htdocs\\240102048\\app\\Views\\member\\index.php', 20)
 2 SYSTEMPATH\View\View.php(226): include('C:\\xampp\\htdocs\\240102048\\app\\Views\\member\\index.php')
 3 SYSTEMPATH\View\View.php(229): CodeIgniter\View\View->CodeIgniter\View\{closure}()
 4 SYSTEMPATH\Common.php(1167): CodeIgniter\View\View->render('member/index', [], true)
 5 APPPATH\Controllers\Pages.php(10): view('member/index')
 6 SYSTEMPATH\CodeIgniter.php(933): App\Controllers\Pages->index()
 7 SYSTEMPATH\CodeIgniter.php(507): CodeIgniter\CodeIgniter->runController(Object(App\Controllers\Pages))
 8 SYSTEMPATH\CodeIgniter.php(354): CodeIgniter\CodeIgniter->handleRequest(null, Object(Config\Cache), false)
 9 SYSTEMPATH\Boot.php(363): CodeIgniter\CodeIgniter->run()
10 SYSTEMPATH\Boot.php(68): CodeIgniter\Boot::runCodeIgniter(Object(CodeIgniter\CodeIgniter))
11 FCPATH\index.php(59): CodeIgniter\Boot::bootWeb(Object(Config\Paths))
12 SYSTEMPATH\rewrite.php(44): require_once('C:\\xampp\\htdocs\\240102048\\public\\index.php')
CRITICAL - 2025-10-01 09:26:40 --> CodeIgniter\View\Exceptions\ViewException: Invalid file: "member/detail.php"
[Method: GET, Route: member/detail/1]
in SYSTEMPATH\Exceptions\FrameworkException.php on line 39.
 1 SYSTEMPATH\View\View.php(214): CodeIgniter\Exceptions\FrameworkException::forInvalidFile('member/detail.php')
 2 SYSTEMPATH\Common.php(1167): CodeIgniter\View\View->render('member/detail', [], true)
 3 APPPATH\Controllers\Member.php(33): view('member/detail', [...])
 4 SYSTEMPATH\CodeIgniter.php(933): App\Controllers\Member->detail('', 'detail', '1')
 5 SYSTEMPATH\CodeIgniter.php(507): CodeIgniter\CodeIgniter->runController(Object(App\Controllers\Member))
 6 SYSTEMPATH\CodeIgniter.php(354): CodeIgniter\CodeIgniter->handleRequest(null, Object(Config\Cache), false)
 7 SYSTEMPATH\Boot.php(363): CodeIgniter\CodeIgniter->run()
 8 SYSTEMPATH\Boot.php(68): CodeIgniter\Boot::runCodeIgniter(Object(CodeIgniter\CodeIgniter))
 9 FCPATH\index.php(59): CodeIgniter\Boot::bootWeb(Object(Config\Paths))
10 SYSTEMPATH\rewrite.php(44): require_once('C:\\xampp\\htdocs\\240102048\\public\\index.php')
CRITICAL - 2025-10-01 09:29:56 --> ErrorException: Undefined variable $member
[Method: GET, Route: /]
in APPPATH\Views\member\index.php on line 19.
 1 APPPATH\Views\member\index.php(19): CodeIgniter\Debug\Exceptions->errorHandler(2, 'Undefined variable $member', 'C:\\xampp\\htdocs\\240102048\\app\\Views\\member\\index.php', 19)
 2 SYSTEMPATH\View\View.php(226): include('C:\\xampp\\htdocs\\240102048\\app\\Views\\member\\index.php')
 3 SYSTEMPATH\View\View.php(229): CodeIgniter\View\View->CodeIgniter\View\{closure}()
 4 SYSTEMPATH\Common.php(1167): CodeIgniter\View\View->render('member/index', [], true)
 5 APPPATH\Controllers\Pages.php(10): view('member/index')
 6 SYSTEMPATH\CodeIgniter.php(933): App\Controllers\Pages->index()
 7 SYSTEMPATH\CodeIgniter.php(507): CodeIgniter\CodeIgniter->runController(Object(App\Controllers\Pages))
 8 SYSTEMPATH\CodeIgniter.php(354): CodeIgniter\CodeIgniter->handleRequest(null, Object(Config\Cache), false)
 9 SYSTEMPATH\Boot.php(363): CodeIgniter\CodeIgniter->run()
10 SYSTEMPATH\Boot.php(68): CodeIgniter\Boot::runCodeIgniter(Object(CodeIgniter\CodeIgniter))
11 FCPATH\index.php(59): CodeIgniter\Boot::bootWeb(Object(Config\Paths))
12 SYSTEMPATH\rewrite.php(44): require_once('C:\\xampp\\htdocs\\240102048\\public\\index.php')
CRITICAL - 2025-10-01 09:29:56 --> ErrorException: Undefined variable $member
[Method: GET, Route: /]
in APPPATH\Views\member\index.php on line 19.
 1 APPPATH\Views\member\index.php(19): CodeIgniter\Debug\Exceptions->errorHandler(2, 'Undefined variable $member', 'C:\\xampp\\htdocs\\240102048\\app\\Views\\member\\index.php', 19)
 2 SYSTEMPATH\View\View.php(226): include('C:\\xampp\\htdocs\\240102048\\app\\Views\\member\\index.php')
 3 SYSTEMPATH\View\View.php(229): CodeIgniter\View\View->CodeIgniter\View\{closure}()
 4 SYSTEMPATH\Common.php(1167): CodeIgniter\View\View->render('member/index', [], true)
 5 APPPATH\Controllers\Pages.php(10): view('member/index')
 6 SYSTEMPATH\CodeIgniter.php(933): App\Controllers\Pages->index()
 7 SYSTEMPATH\CodeIgniter.php(507): CodeIgniter\CodeIgniter->runController(Object(App\Controllers\Pages))
 8 SYSTEMPATH\CodeIgniter.php(354): CodeIgniter\CodeIgniter->handleRequest(null, Object(Config\Cache), false)
 9 SYSTEMPATH\Boot.php(363): CodeIgniter\CodeIgniter->run()
10 SYSTEMPATH\Boot.php(68): CodeIgniter\Boot::runCodeIgniter(Object(CodeIgniter\CodeIgniter))
11 FCPATH\index.php(59): CodeIgniter\Boot::bootWeb(Object(Config\Paths))
12 SYSTEMPATH\rewrite.php(44): require_once('C:\\xampp\\htdocs\\240102048\\public\\index.php')
CRITICAL - 2025-10-01 09:41:40 --> ErrorException: Undefined variable $member
[Method: GET, Route: /]
in APPPATH\Views\member\index.php on line 19.
 1 APPPATH\Views\member\index.php(19): CodeIgniter\Debug\Exceptions->errorHandler(2, 'Undefined variable $member', 'C:\\xampp\\htdocs\\240102048\\app\\Views\\member\\index.php', 19)
 2 SYSTEMPATH\View\View.php(226): include('C:\\xampp\\htdocs\\240102048\\app\\Views\\member\\index.php')
 3 SYSTEMPATH\View\View.php(229): CodeIgniter\View\View->CodeIgniter\View\{closure}()
 4 SYSTEMPATH\Common.php(1167): CodeIgniter\View\View->render('member/index', [], true)
 5 APPPATH\Controllers\Pages.php(10): view('member/index')
 6 SYSTEMPATH\CodeIgniter.php(933): App\Controllers\Pages->index()
 7 SYSTEMPATH\CodeIgniter.php(507): CodeIgniter\CodeIgniter->runController(Object(App\Controllers\Pages))
 8 SYSTEMPATH\CodeIgniter.php(354): CodeIgniter\CodeIgniter->handleRequest(null, Object(Config\Cache), false)
 9 SYSTEMPATH\Boot.php(363): CodeIgniter\CodeIgniter->run()
10 SYSTEMPATH\Boot.php(68): CodeIgniter\Boot::runCodeIgniter(Object(CodeIgniter\CodeIgniter))
11 FCPATH\index.php(59): CodeIgniter\Boot::bootWeb(Object(Config\Paths))
12 SYSTEMPATH\rewrite.php(44): require_once('C:\\xampp\\htdocs\\240102048\\public\\index.php')
CRITICAL - 2025-10-01 09:41:41 --> ErrorException: Undefined variable $member
[Method: GET, Route: /]
in APPPATH\Views\member\index.php on line 19.
 1 APPPATH\Views\member\index.php(19): CodeIgniter\Debug\Exceptions->errorHandler(2, 'Undefined variable $member', 'C:\\xampp\\htdocs\\240102048\\app\\Views\\member\\index.php', 19)
 2 SYSTEMPATH\View\View.php(226): include('C:\\xampp\\htdocs\\240102048\\app\\Views\\member\\index.php')
 3 SYSTEMPATH\View\View.php(229): CodeIgniter\View\View->CodeIgniter\View\{closure}()
 4 SYSTEMPATH\Common.php(1167): CodeIgniter\View\View->render('member/index', [], true)
 5 APPPATH\Controllers\Pages.php(10): view('member/index')
 6 SYSTEMPATH\CodeIgniter.php(933): App\Controllers\Pages->index()
 7 SYSTEMPATH\CodeIgniter.php(507): CodeIgniter\CodeIgniter->runController(Object(App\Controllers\Pages))
 8 SYSTEMPATH\CodeIgniter.php(354): CodeIgniter\CodeIgniter->handleRequest(null, Object(Config\Cache), false)
 9 SYSTEMPATH\Boot.php(363): CodeIgniter\CodeIgniter->run()
10 SYSTEMPATH\Boot.php(68): CodeIgniter\Boot::runCodeIgniter(Object(CodeIgniter\CodeIgniter))
11 FCPATH\index.php(59): CodeIgniter\Boot::bootWeb(Object(Config\Paths))
12 SYSTEMPATH\rewrite.php(44): require_once('C:\\xampp\\htdocs\\240102048\\public\\index.php')
